experiment,problem,approach,size,instance_id,run_id,technical_success,failure_type,feasible,reported_objective,recomputed_objective,gurobi_objective,optimality_gap_pct,runtime_seconds,llm_runtime_seconds,solver_runtime_seconds,debug_iterations,final_solution,source_file
main,SMTWTP,Direct,10,smtwtp_n10_inst0,1,True,,True,1221,6647.0,2895.0,129.6027633851468,,,,,"[4, 6, 5, 9, 2, 0, 1, 3, 8, 7]",data/results/direct_smtwtp_final/smtwtp/smtwtp_n10_inst0_run1.json
main,SMTWTP,Direct,10,smtwtp_n10_inst0,10,True,,True,4469,4469.0,2895.0,54.36960276338515,,,,,"[7, 8, 3, 4, 5, 6, 0, 1, 2, 9]",data/results/direct_smtwtp_final/smtwtp/smtwtp_n10_inst0_run10.json
main,SMTWTP,Direct,10,smtwtp_n10_inst0,2,True,,True,1161,4469.0,2895.0,54.36960276338515,,,,,"[7, 8, 3, 4, 5, 6, 0, 1, 2, 9]",data/results/direct_smtwtp_final/smtwtp/smtwtp_n10_inst0_run2.json
main,SMTWTP,Direct,10,smtwtp_n10_inst0,3,True,,True,1381,6647.0,2895.0,129.6027633851468,,,,,"[4, 6, 5, 9, 2, 0, 1, 3, 8, 7]",data/results/direct_smtwtp_final/smtwtp/smtwtp_n10_inst0_run3.json
main,SMTWTP,Direct,10,smtwtp_n10_inst0,4,True,,True,1221,6647.0,2895.0,129.6027633851468,,,,,"[4, 6, 5, 9, 2, 0, 1, 3, 8, 7]",data/results/direct_smtwtp_final/smtwtp/smtwtp_n10_inst0_run4.json
main,SMTWTP,Direct,10,smtwtp_n10_inst0,5,True,,True,1381,6647.0,2895.0,129.6027633851468,,,,,"[4, 6, 5, 9, 2, 0, 1, 3, 8, 7]",data/results/direct_smtwtp_final/smtwtp/smtwtp_n10_inst0_run5.json
main,SMTWTP,Direct,10,smtwtp_n10_inst0,6,True,,True,1221,6647.0,2895.0,129.6027633851468,,,,,"[4, 6, 5, 9, 2, 0, 1, 3, 8, 7]",data/results/direct_smtwtp_final/smtwtp/smtwtp_n10_inst0_run6.json
main,SMTWTP,Direct,10,smtwtp_n10_inst0,7,True,,True,1161,6647.0,2895.0,129.6027633851468,,,,,"[4, 6, 5, 9, 2, 0, 1, 3, 8, 7]",data/results/direct_smtwtp_final/smtwtp/smtwtp_n10_inst0_run7.json
main,SMTWTP,Direct,10,smtwtp_n10_inst0,8,True,,True,1581,6647.0,2895.0,129.6027633851468,,,,,"[4, 6, 5, 9, 2, 0, 1, 3, 8, 7]",data/results/direct_smtwtp_final/smtwtp/smtwtp_n10_inst0_run8.json
main,SMTWTP,Direct,10,smtwtp_n10_inst0,9,True,,True,1161,6934.0,2895.0,139.51640759930913,,,,,"[6, 4, 5, 9, 2, 0, 1, 3, 8, 7]",data/results/direct_smtwtp_final/smtwtp/smtwtp_n10_inst0_run9.json
main,SMTWTP,Direct,10,smtwtp_n10_inst1,1,True,,True,1221,3325.0,2273.0,46.282446106467226,,,,,"[5, 4, 2, 8, 9, 6, 7, 1, 3, 0]",data/results/direct_smtwtp_final/smtwtp/smtwtp_n10_inst1_run1.json
main,SMTWTP,Direct,10,smtwtp_n10_inst1,10,True,,True,3153,3153.0,2273.0,38.715354157501096,,,,,"[4, 0, 2, 8, 1, 3, 5, 7, 6, 9]",data/results/direct_smtwtp_final/smtwtp/smtwtp_n10_inst1_run10.json
main,SMTWTP,Direct,10,smtwtp_n10_inst1,2,True,,True,1221,3325.0,2273.0,46.282446106467226,,,,,"[5, 4, 2, 8, 9, 6, 7, 1, 3, 0]",data/results/direct_smtwtp_final/smtwtp/smtwtp_n10_inst1_run2.json
main,SMTWTP,Direct,10,smtwtp_n10_inst1,3,True,,True,3153,3153.0,2273.0,38.715354157501096,,,,,"[4, 0, 2, 8, 1, 3, 5, 7, 6, 9]",data/results/direct_smtwtp_final/smtwtp/smtwtp_n10_inst1_run3.json
main,SMTWTP,Direct,10,smtwtp_n10_inst1,4,True,,True,1165,3325.0,2273.0,46.282446106467226,,,,,"[5, 4, 2, 8, 9, 6, 7, 1, 3, 0]",data/results/direct_smtwtp_final/smtwtp/smtwtp_n10_inst1_run4.json
main,SMTWTP,Direct,10,smtwtp_n10_inst1,5,True,,True,1221,3325.0,2273.0,46.282446106467226,,,,,"[5, 4, 2, 8, 9, 6, 7, 1, 3, 0]",data/results/direct_smtwtp_final/smtwtp/smtwtp_n10_inst1_run5.json
main,SMTWTP,Direct,10,smtwtp_n10_inst1,6,True,,True,1221,3323.0,2273.0,46.19445666520018,,,,,"[4, 8, 2, 5, 9, 6, 7, 3, 1, 0]",data/results/direct_smtwtp_final/smtwtp/smtwtp_n10_inst1_run6.json
main,SMTWTP,Direct,10,smtwtp_n10_inst1,7,True,,True,1221,3325.0,2273.0,46.282446106467226,,,,,"[5, 4, 2, 8, 9, 6, 7, 1, 3, 0]",data/results/direct_smtwtp_final/smtwtp/smtwtp_n10_inst1_run7.json
main,SMTWTP,Direct,10,smtwtp_n10_inst1,8,True,,True,3153,3153.0,2273.0,38.715354157501096,,,,,"[4, 0, 2, 8, 1, 3, 5, 7, 6, 9]",data/results/direct_smtwtp_final/smtwtp/smtwtp_n10_inst1_run8.json
main,SMTWTP,Direct,10,smtwtp_n10_inst1,9,True,,True,1221,3325.0,2273.0,46.282446106467226,,,,,"[5, 4, 2, 8, 9, 6, 7, 1, 3, 0]",data/results/direct_smtwtp_final/smtwtp/smtwtp_n10_inst1_run9.json
main,SMTWTP,Direct,10,smtwtp_n10_inst2,1,True,,True,1224,418.0,403.0,3.722084367245657,,,,,"[8, 7, 5, 9, 3, 0, 1, 6, 2, 4]",data/results/direct_smtwtp_final/smtwtp/smtwtp_n10_inst2_run1.json
main,SMTWTP,Direct,10,smtwtp_n10_inst2,10,True,,True,1074,418.0,403.0,3.722084367245657,,,,,"[8, 7, 5, 9, 3, 0, 1, 6, 2, 4]",data/results/direct_smtwtp_final/smtwtp/smtwtp_n10_inst2_run10.json
main,SMTWTP,Direct,10,smtwtp_n10_inst2,2,True,,True,1084,418.0,403.0,3.722084367245657,,,,,"[8, 7, 5, 9, 3, 0, 1, 6, 2, 4]",data/results/direct_smtwtp_final/smtwtp/smtwtp_n10_inst2_run2.json
main,SMTWTP,Direct,10,smtwtp_n10_inst2,3,True,,True,1224,418.0,403.0,3.722084367245657,,,,,"[8, 7, 5, 9, 3, 0, 1, 6, 2, 4]",data/results/direct_smtwtp_final/smtwtp/smtwtp_n10_inst2_run3.json
main,SMTWTP,Direct,10,smtwtp_n10_inst2,4,True,,True,1164,418.0,403.0,3.722084367245657,,,,,"[8, 7, 5, 9, 3, 0, 1, 6, 2, 4]",data/results/direct_smtwtp_final/smtwtp/smtwtp_n10_inst2_run4.json
main,SMTWTP,Direct,10,smtwtp_n10_inst2,5,True,,True,1162,418.0,403.0,3.722084367245657,,,,,"[8, 7, 5, 9, 3, 0, 1, 6, 2, 4]",data/results/direct_smtwtp_final/smtwtp/smtwtp_n10_inst2_run5.json
main,SMTWTP,Direct,10,smtwtp_n10_inst2,6,True,,True,1224,418.0,403.0,3.722084367245657,,,,,"[8, 7, 5, 9, 3, 0, 1, 6, 2, 4]",data/results/direct_smtwtp_final/smtwtp/smtwtp_n10_inst2_run6.json
main,SMTWTP,Direct,10,smtwtp_n10_inst2,7,True,,True,1224,418.0,403.0,3.722084367245657,,,,,"[8, 7, 5, 9, 3, 0, 1, 6, 2, 4]",data/results/direct_smtwtp_final/smtwtp/smtwtp_n10_inst2_run7.json
main,SMTWTP,Direct,10,smtwtp_n10_inst2,8,True,,True,1084,418.0,403.0,3.722084367245657,,,,,"[8, 7, 5, 9, 3, 0, 1, 6, 2, 4]",data/results/direct_smtwtp_final/smtwtp/smtwtp_n10_inst2_run8.json
main,SMTWTP,Direct,10,smtwtp_n10_inst2,9,True,,True,1084,833.0,403.0,106.69975186104219,,,,,"[8, 7, 5, 3, 0, 1, 6, 2, 4, 9]",data/results/direct_smtwtp_final/smtwtp/smtwtp_n10_inst2_run9.json
main,SMTWTP,Direct,10,smtwtp_n10_inst3,1,True,,True,1074,2254.0,856.0,163.3177570093458,,,,,"[3, 6, 0, 4, 2, 8, 5, 7, 1, 9]",data/results/direct_smtwtp_final/smtwtp/smtwtp_n10_inst3_run1.json
main,SMTWTP,Direct,10,smtwtp_n10_inst3,10,True,,True,1304,2382.0,856.0,178.27102803738316,,,,,"[0, 6, 2, 4, 8, 3, 5, 7, 1, 9]",data/results/direct_smtwtp_final/smtwtp/smtwtp_n10_inst3_run10.json
main,SMTWTP,Direct,10,smtwtp_n10_inst3,2,True,,True,1304,2302.0,856.0,168.92523364485982,,,,,"[0, 6, 4, 2, 8, 3, 5, 7, 1, 9]",data/results/direct_smtwtp_final/smtwtp/smtwtp_n10_inst3_run2.json
main,SMTWTP,Direct,10,smtwtp_n10_inst3,3,True,,True,1224,2254.0,856.0,163.3177570093458,,,,,"[3, 6, 0, 4, 2, 8, 5, 7, 1, 9]",data/results/direct_smtwtp_final/smtwtp/smtwtp_n10_inst3_run3.json
main,SMTWTP,Direct,10,smtwtp_n10_inst3,4,True,,True,1224,2254.0,856.0,163.3177570093458,,,,,"[3, 6, 0, 4, 2, 8, 5, 7, 1, 9]",data/results/direct_smtwtp_final/smtwtp/smtwtp_n10_inst3_run4.json
main,SMTWTP,Direct,10,smtwtp_n10_inst3,5,True,,True,1304,2302.0,856.0,168.92523364485982,,,,,"[0, 4, 6, 2, 8, 3, 5, 7, 1, 9]",data/results/direct_smtwtp_final/smtwtp/smtwtp_n10_inst3_run5.json
main,SMTWTP,Direct,10,smtwtp_n10_inst3,6,True,,True,1224,2520.0,856.0,194.39252336448598,,,,,"[6, 0, 2, 8, 4, 3, 5, 7, 1, 9]",data/results/direct_smtwtp_final/smtwtp/smtwtp_n10_inst3_run6.json
main,SMTWTP,Direct,10,smtwtp_n10_inst3,7,True,,True,1304,2382.0,856.0,178.27102803738316,,,,,"[0, 6, 2, 4, 8, 3, 5, 7, 1, 9]",data/results/direct_smtwtp_final/smtwtp/smtwtp_n10_inst3_run7.json
main,SMTWTP,Direct,10,smtwtp_n10_inst3,8,True,,True,3298,3298.0,856.0,285.2803738317757,,,,,"[3, 7, 6, 9, 8, 2, 0, 4, 5, 1]",data/results/direct_smtwtp_final/smtwtp/smtwtp_n10_inst3_run8.json
main,SMTWTP,Direct,10,smtwtp_n10_inst3,9,True,,True,1674,1674.0,856.0,95.56074766355141,,,,,"[3, 7, 0, 6, 9, 8, 2, 4, 5, 1]",data/results/direct_smtwtp_final/smtwtp/smtwtp_n10_inst3_run9.json
main,SMTWTP,Direct,10,smtwtp_n10_inst4,1,True,,True,1071,4196.0,1865.0,124.98659517426273,,,,,"[5, 1, 2, 0, 7, 3, 4, 6, 8, 9]",data/results/direct_smtwtp_final/smtwtp/smtwtp_n10_inst4_run1.json
main,SMTWTP,Direct,10,smtwtp_n10_inst4,10,True,,True,1071,4231.0,1865.0,126.8632707774799,,,,,"[1, 5, 2, 0, 7, 3, 4, 6, 8, 9]",data/results/direct_smtwtp_final/smtwtp/smtwtp_n10_inst4_run10.json
main,SMTWTP,Direct,10,smtwtp_n10_inst4,2,True,,True,1071,4231.0,1865.0,126.8632707774799,,,,,"[1, 5, 2, 0, 7, 3, 4, 6, 8, 9]",data/results/direct_smtwtp_final/smtwtp/smtwtp_n10_inst4_run2.json
main,SMTWTP,Direct,10,smtwtp_n10_inst4,3,True,,True,1071,4196.0,1865.0,124.98659517426273,,,,,"[5, 1, 2, 0, 7, 3, 4, 6, 8, 9]",data/results/direct_smtwtp_final/smtwtp/smtwtp_n10_inst4_run3.json
main,SMTWTP,Direct,10,smtwtp_n10_inst4,4,True,,True,2620,2620.0,1865.0,40.48257372654155,,,,,"[4, 9, 1, 5, 2, 7, 8, 6, 0, 3]",data/results/direct_smtwtp_final/smtwtp/smtwtp_n10_inst4_run4.json
main,SMTWTP,Direct,10,smtwtp_n10_inst4,5,True,,True,1071,4231.0,1865.0,126.8632707774799,,,,,"[1, 5, 2, 0, 7, 3, 4, 6, 8, 9]",data/results/direct_smtwtp_final/smtwtp/smtwtp_n10_inst4_run5.json
main,SMTWTP,Direct,10,smtwtp_n10_inst4,6,True,,True,1071,4231.0,1865.0,126.8632707774799,,,,,"[1, 5, 2, 0, 7, 3, 4, 6, 8, 9]",data/results/direct_smtwtp_final/smtwtp/smtwtp_n10_inst4_run6.json
main,SMTWTP,Direct,10,smtwtp_n10_inst4,7,True,,True,1381,4196.0,1865.0,124.98659517426273,,,,,"[5, 1, 2, 0, 7, 3, 4, 6, 8, 9]",data/results/direct_smtwtp_final/smtwtp/smtwtp_n10_inst4_run7.json
main,SMTWTP,Direct,10,smtwtp_n10_inst4,8,True,,True,1071,4231.0,1865.0,126.8632707774799,,,,,"[1, 5, 2, 0, 7, 3, 4, 6, 8, 9]",data/results/direct_smtwtp_final/smtwtp/smtwtp_n10_inst4_run8.json
main,SMTWTP,Direct,10,smtwtp_n10_inst4,9,True,,True,1071,4196.0,1865.0,124.98659517426273,,,,,"[5, 1, 2, 0, 7, 3, 4, 6, 8, 9]",data/results/direct_smtwtp_final/smtwtp/smtwtp_n10_inst4_run9.json
main,SMTWTP,Direct,15,smtwtp_n15_inst0,1,True,,True,4253,4253.0,1645.0,158.54103343465044,,,,,"[4, 9, 1, 6, 12, 14, 10, 2, 0, 13, 3, 7, 8, 11, 5]",data/results/direct_smtwtp_final/smtwtp/smtwtp_n15_inst0_run1.json
main,SMTWTP,Direct,15,smtwtp_n15_inst0,10,True,,True,4573,4573.0,1645.0,177.99392097264436,,,,,"[4, 9, 1, 12, 14, 2, 10, 6, 0, 3, 13, 7, 8, 11, 5]",data/results/direct_smtwtp_final/smtwtp/smtwtp_n15_inst0_run10.json
main,SMTWTP,Direct,15,smtwtp_n15_inst0,2,True,,True,1234,4313.0,1645.0,162.1884498480243,,,,,"[4, 9, 1, 6, 12, 14, 10, 2, 0, 13, 7, 8, 3, 11, 5]",data/results/direct_smtwtp_final/smtwtp/smtwtp_n15_inst0_run2.json
main,SMTWTP,Direct,15,smtwtp_n15_inst0,3,True,,True,1581,4294.0,1645.0,161.03343465045592,,,,,"[4, 9, 1, 6, 12, 14, 10, 2, 0, 13, 3, 8, 7, 11, 5]",data/results/direct_smtwtp_final/smtwtp/smtwtp_n15_inst0_run3.json
main,SMTWTP,Direct,15,smtwtp_n15_inst0,4,True,,True,4646,4646.0,1645.0,182.43161094224925,,,,,"[4, 9, 1, 12, 14, 2, 10, 6, 0, 3, 13, 7, 11, 8, 5]",data/results/direct_smtwtp_final/smtwtp/smtwtp_n15_inst0_run4.json
main,SMTWTP,Direct,15,smtwtp_n15_inst0,5,True,,True,4573,4573.0,1645.0,177.99392097264436,,,,,"[4, 9, 1, 12, 14, 6, 10, 2, 0, 3, 13, 7, 8, 11, 5]",data/results/direct_smtwtp_final/smtwtp/smtwtp_n15_inst0_run5.json
main,SMTWTP,Direct,15,smtwtp_n15_inst0,6,True,,True,4573,4573.0,1645.0,177.99392097264436,,,,,"[4, 9, 1, 12, 14, 6, 10, 2, 0, 3, 13, 7, 8, 11, 5]",data/results/direct_smtwtp_final/smtwtp/smtwtp_n15_inst0_run6.json
main,SMTWTP,Direct,15,smtwtp_n15_inst0,7,True,,True,1461,4253.0,1645.0,158.54103343465044,,,,,"[4, 9, 1, 6, 12, 14, 10, 2, 0, 13, 3, 7, 8, 11, 5]",data/results/direct_smtwtp_final/smtwtp/smtwtp_n15_inst0_run7.json
main,SMTWTP,Direct,15,smtwtp_n15_inst0,8,True,,True,2947,4573.0,1645.0,177.99392097264436,,,,,"[4, 9, 1, 12, 14, 2, 10, 6, 0, 3, 13, 7, 8, 11, 5]",data/results/direct_smtwtp_final/smtwtp/smtwtp_n15_inst0_run8.json
main,SMTWTP,Direct,15,smtwtp_n15_inst0,9,True,,True,4573,4573.0,1645.0,177.99392097264436,,,,,"[4, 9, 1, 12, 14, 6, 10, 2, 0, 3, 13, 7, 8, 11, 5]",data/results/direct_smtwtp_final/smtwtp/smtwtp_n15_inst0_run9.json
main,SMTWTP,Direct,15,smtwtp_n15_inst1,1,True,,True,1070,5595.0,2700.0,107.22222222222221,,,,,"[11, 9, 6, 4, 10, 12, 5, 2, 13, 3, 8, 14, 0, 1, 7]",data/results/direct_smtwtp_final/smtwtp/smtwtp_n15_inst1_run1.json
main,SMTWTP,Direct,15,smtwtp_n15_inst1,10,True,,True,10410,5564.0,2700.0,106.07407407407408,,,,,"[11, 9, 6, 4, 10, 12, 5, 2, 3, 13, 14, 8, 0, 1, 7]",data/results/direct_smtwtp_final/smtwtp/smtwtp_n15_inst1_run10.json
main,SMTWTP,Direct,15,smtwtp_n15_inst1,2,True,,True,1080,5508.0,2700.0,104.0,,,,,"[11, 9, 6, 4, 10, 12, 5, 2, 13, 3, 14, 8, 0, 1, 7]",data/results/direct_smtwtp_final/smtwtp/smtwtp_n15_inst1_run2.json
main,SMTWTP,Direct,15,smtwtp_n15_inst1,3,True,,True,10410,5508.0,2700.0,104.0,,,,,"[11, 9, 6, 4, 10, 12, 5, 2, 13, 3, 14, 8, 0, 1, 7]",data/results/direct_smtwtp_final/smtwtp/smtwtp_n15_inst1_run3.json
main,SMTWTP,Direct,15,smtwtp_n15_inst1,4,True,,True,1080,5508.0,2700.0,104.0,,,,,"[11, 9, 6, 4, 10, 12, 5, 2, 13, 3, 14, 8, 0, 1, 7]",data/results/direct_smtwtp_final/smtwtp/smtwtp_n15_inst1_run4.json
main,SMTWTP,Direct,15,smtwtp_n15_inst1,5,True,,True,0,5564.0,2700.0,106.07407407407408,,,,,"[11, 9, 6, 4, 10, 12, 5, 2, 3, 13, 14, 8, 0, 1, 7]",data/results/direct_smtwtp_final/smtwtp/smtwtp_n15_inst1_run5.json
main,SMTWTP,Direct,15,smtwtp_n15_inst1,6,True,,True,1070,5508.0,2700.0,104.0,,,,,"[11, 9, 6, 4, 10, 12, 5, 2, 13, 3, 14, 8, 0, 1, 7]",data/results/direct_smtwtp_final/smtwtp/smtwtp_n15_inst1_run6.json
main,SMTWTP,Direct,15,smtwtp_n15_inst1,7,True,,True,1081,5508.0,2700.0,104.0,,,,,"[11, 9, 6, 4, 10, 12, 5, 2, 13, 3, 14, 8, 0, 1, 7]",data/results/direct_smtwtp_final/smtwtp/smtwtp_n15_inst1_run7.json
main,SMTWTP,Direct,15,smtwtp_n15_inst1,8,True,,True,0,5994.0,2700.0,122.0,,,,,"[11, 9, 6, 4, 10, 12, 5, 2, 3, 14, 8, 13, 0, 1, 7]",data/results/direct_smtwtp_final/smtwtp/smtwtp_n15_inst1_run8.json
main,SMTWTP,Direct,15,smtwtp_n15_inst1,9,True,,True,1071,5508.0,2700.0,104.0,,,,,"[11, 9, 6, 4, 10, 12, 5, 2, 13, 3, 14, 8, 0, 1, 7]",data/results/direct_smtwtp_final/smtwtp/smtwtp_n15_inst1_run9.json
main,SMTWTP,Direct,15,smtwtp_n15_inst2,1,True,,True,0,7971.0,3953.0,101.64432076903618,,,,,"[9, 12, 3, 10, 0, 14, 4, 8, 6, 11, 13, 1, 7, 5, 2]",data/results/direct_smtwtp_final/smtwtp/smtwtp_n15_inst2_run1.json
main,SMTWTP,Direct,15,smtwtp_n15_inst2,10,True,,True,1301,7971.0,3953.0,101.64432076903618,,,,,"[9, 12, 3, 10, 0, 14, 4, 8, 6, 11, 13, 1, 7, 5, 2]",data/results/direct_smtwtp_final/smtwtp/smtwtp_n15_inst2_run10.json
main,SMTWTP,Direct,15,smtwtp_n15_inst2,2,True,,True,7971,7971.0,3953.0,101.64432076903618,,,,,"[9, 12, 3, 10, 0, 14, 4, 8, 6, 11, 13, 1, 7, 5, 2]",data/results/direct_smtwtp_final/smtwtp/smtwtp_n15_inst2_run2.json
main,SMTWTP,Direct,15,smtwtp_n15_inst2,3,True,,True,1234,7971.0,3953.0,101.64432076903618,,,,,"[9, 12, 3, 10, 0, 14, 4, 8, 6, 11, 13, 1, 7, 5, 2]",data/results/direct_smtwtp_final/smtwtp/smtwtp_n15_inst2_run3.json
main,SMTWTP,Direct,15,smtwtp_n15_inst2,4,True,,True,7971,7971.0,3953.0,101.64432076903618,,,,,"[9, 12, 3, 10, 0, 14, 4, 8, 6, 11, 13, 1, 7, 5, 2]",data/results/direct_smtwtp_final/smtwtp/smtwtp_n15_inst2_run4.json
main,SMTWTP,Direct,15,smtwtp_n15_inst2,5,True,,True,0,7971.0,3953.0,101.64432076903618,,,,,"[9, 12, 3, 10, 0, 14, 4, 8, 6, 11, 13, 1, 7, 5, 2]",data/results/direct_smtwtp_final/smtwtp/smtwtp_n15_inst2_run5.json
main,SMTWTP,Direct,15,smtwtp_n15_inst2,6,True,,True,1234,7971.0,3953.0,101.64432076903618,,,,,"[9, 12, 3, 10, 0, 14, 4, 8, 6, 11, 13, 1, 7, 5, 2]",data/results/direct_smtwtp_final/smtwtp/smtwtp_n15_inst2_run6.json
main,SMTWTP,Direct,15,smtwtp_n15_inst2,7,True,,True,1234,7971.0,3953.0,101.64432076903618,,,,,"[9, 12, 3, 10, 0, 14, 4, 8, 6, 11, 13, 1, 7, 5, 2]",data/results/direct_smtwtp_final/smtwtp/smtwtp_n15_inst2_run7.json
main,SMTWTP,Direct,15,smtwtp_n15_inst2,8,True,,True,1193,7971.0,3953.0,101.64432076903618,,,,,"[9, 12, 3, 10, 0, 14, 4, 8, 6, 11, 13, 1, 7, 5, 2]",data/results/direct_smtwtp_final/smtwtp/smtwtp_n15_inst2_run8.json
main,SMTWTP,Direct,15,smtwtp_n15_inst2,9,True,,True,1070,7971.0,3953.0,101.64432076903618,,,,,"[9, 12, 3, 10, 0, 14, 4, 8, 6, 11, 13, 1, 7, 5, 2]",data/results/direct_smtwtp_final/smtwtp/smtwtp_n15_inst2_run9.json
main,SMTWTP,Direct,15,smtwtp_n15_inst3,1,True,,True,3910,3910.0,2516.0,55.4054054054054,,,,,"[12, 6, 0, 2, 4, 1, 10, 13, 8, 14, 5, 3, 7, 9, 11]",data/results/direct_smtwtp_final/smtwtp/smtwtp_n15_inst3_run1.json
main,SMTWTP,Direct,15,smtwtp_n15_inst3,10,True,,True,3143,3923.0,2516.0,55.9220985691574,,,,,"[12, 6, 0, 2, 4, 1, 10, 13, 8, 14, 3, 5, 7, 9, 11]",data/results/direct_smtwtp_final/smtwtp/smtwtp_n15_inst3_run10.json
main,SMTWTP,Direct,15,smtwtp_n15_inst3,2,True,,True,3910,3910.0,2516.0,55.4054054054054,,,,,"[12, 6, 0, 2, 4, 1, 10, 13, 8, 14, 5, 3, 7, 9, 11]",data/results/direct_smtwtp_final/smtwtp/smtwtp_n15_inst3_run2.json
main,SMTWTP,Direct,15,smtwtp_n15_inst3,3,True,,True,1071,3910.0,2516.0,55.4054054054054,,,,,"[12, 6, 0, 2, 4, 1, 10, 13, 8, 14, 5, 3, 7, 9, 11]",data/results/direct_smtwtp_final/smtwtp/smtwtp_n15_inst3_run3.json
main,SMTWTP,Direct,15,smtwtp_n15_inst3,4,True,,True,1081,3910.0,2516.0,55.4054054054054,,,,,"[12, 6, 0, 2, 4, 1, 10, 13, 8, 14, 5, 3, 7, 9, 11]",data/results/direct_smtwtp_final/smtwtp/smtwtp_n15_inst3_run4.json
main,SMTWTP,Direct,15,smtwtp_n15_inst3,5,True,,True,5241,3923.0,2516.0,55.9220985691574,,,,,"[12, 6, 0, 2, 4, 1, 10, 13, 8, 14, 3, 5, 7, 9, 11]",data/results/direct_smtwtp_final/smtwtp/smtwtp_n15_inst3_run5.json
main,SMTWTP,Direct,15,smtwtp_n15_inst3,6,True,,True,0,3923.0,2516.0,55.9220985691574,,,,,"[12, 6, 0, 2, 4, 1, 10, 13, 8, 14, 3, 5, 7, 9, 11]",data/results/direct_smtwtp_final/smtwtp/smtwtp_n15_inst3_run6.json
main,SMTWTP,Direct,15,smtwtp_n15_inst3,7,True,,True,1070,3910.0,2516.0,55.4054054054054,,,,,"[12, 6, 0, 2, 4, 1, 10, 13, 8, 14, 5, 3, 7, 9, 11]",data/results/direct_smtwtp_final/smtwtp/smtwtp_n15_inst3_run7.json
main,SMTWTP,Direct,15,smtwtp_n15_inst3,8,True,,True,1301,3923.0,2516.0,55.9220985691574,,,,,"[12, 6, 0, 2, 4, 1, 10, 13, 8, 14, 3, 5, 7, 9, 11]",data/results/direct_smtwtp_final/smtwtp/smtwtp_n15_inst3_run8.json
main,SMTWTP,Direct,15,smtwtp_n15_inst3,9,True,,True,0,3910.0,2516.0,55.4054054054054,,,,,"[12, 6, 0, 2, 4, 1, 10, 13, 8, 14, 5, 3, 7, 9, 11]",data/results/direct_smtwtp_final/smtwtp/smtwtp_n15_inst3_run9.json
main,SMTWTP,Direct,15,smtwtp_n15_inst4,1,False,unparseable_response,False,,,4920.0,,,,,,,data/results/direct_smtwtp_final/smtwtp/smtwtp_n15_inst4_run1.json
main,SMTWTP,Direct,15,smtwtp_n15_inst4,10,True,,True,10412,8770.0,4920.0,78.2520325203252,,,,,"[1, 13, 5, 8, 10, 14, 11, 3, 7, 2, 12, 9, 4, 6, 0]",data/results/direct_smtwtp_final/smtwtp/smtwtp_n15_inst4_run10.json
main,SMTWTP,Direct,15,smtwtp_n15_inst4,2,True,,True,1234,8770.0,4920.0,78.2520325203252,,,,,"[1, 5, 13, 8, 10, 14, 11, 3, 7, 2, 12, 9, 4, 6, 0]",data/results/direct_smtwtp_final/smtwtp/smtwtp_n15_inst4_run2.json
main,SMTWTP,Direct,15,smtwtp_n15_inst4,3,True,,True,8671,8671.0,4920.0,76.239837398374,,,,,"[1, 13, 5, 14, 11, 10, 3, 7, 2, 12, 9, 4, 6, 8, 0]",data/results/direct_smtwtp_final/smtwtp/smtwtp_n15_inst4_run3.json
main,SMTWTP,Direct,15,smtwtp_n15_inst4,4,False,unparseable_response,False,,,4920.0,,,,,,,data/results/direct_smtwtp_final/smtwtp/smtwtp_n15_inst4_run4.json
main,SMTWTP,Direct,15,smtwtp_n15_inst4,5,True,,True,1234,8749.0,4920.0,77.82520325203251,,,,,"[1, 5, 13, 8, 10, 14, 11, 3, 7, 2, 12, 9, 6, 4, 0]",data/results/direct_smtwtp_final/smtwtp/smtwtp_n15_inst4_run5.json
main,SMTWTP,Direct,15,smtwtp_n15_inst4,6,True,,True,8266,8266.0,4920.0,68.0081300813008,,,,,"[1, 13, 5, 8, 14, 11, 10, 3, 7, 2, 12, 9, 4, 6, 0]",data/results/direct_smtwtp_final/smtwtp/smtwtp_n15_inst4_run6.json
main,SMTWTP,Direct,15,smtwtp_n15_inst4,7,True,,True,1234,8749.0,4920.0,77.82520325203251,,,,,"[1, 5, 13, 8, 10, 14, 11, 3, 7, 2, 12, 9, 6, 4, 0]",data/results/direct_smtwtp_final/smtwtp/smtwtp_n15_inst4_run7.json
main,SMTWTP,Direct,15,smtwtp_n15_inst4,8,False,unparseable_response,False,,,4920.0,,,,,,,data/results/direct_smtwtp_final/smtwtp/smtwtp_n15_inst4_run8.json
main,SMTWTP,Direct,15,smtwtp_n15_inst4,9,False,unparseable_response,False,,,4920.0,,,,,,,data/results/direct_smtwtp_final/smtwtp/smtwtp_n15_inst4_run9.json
main,SMTWTP,Direct,20,smtwtp_n20_inst0,1,True,,True,1073,17709.0,4690.0,277.59061833688696,,,,,"[7, 19, 18, 3, 2, 1, 8, 16, 9, 17, 11, 6, 5, 15, 0, 4, 14, 13, 12, 10]",data/results/direct_smtwtp_final/smtwtp/smtwtp_n20_inst0_run1.json
main,SMTWTP,Direct,20,smtwtp_n20_inst0,10,True,,True,1081,17709.0,4690.0,277.59061833688696,,,,,"[19, 7, 18, 3, 2, 1, 8, 16, 9, 17, 11, 6, 5, 15, 0, 4, 14, 13, 12, 10]",data/results/direct_smtwtp_final/smtwtp/smtwtp_n20_inst0_run10.json
main,SMTWTP,Direct,20,smtwtp_n20_inst0,2,True,,True,1070,17709.0,4690.0,277.59061833688696,,,,,"[19, 7, 18, 3, 2, 1, 8, 16, 9, 17, 11, 6, 5, 15, 0, 4, 14, 13, 12, 10]",data/results/direct_smtwtp_final/smtwtp/smtwtp_n20_inst0_run2.json
main,SMTWTP,Direct,20,smtwtp_n20_inst0,3,True,,True,1161,19375.0,4690.0,313.1130063965885,,,,,"[3, 2, 1, 19, 18, 7, 16, 9, 17, 6, 11, 5, 15, 0, 8, 4, 14, 13, 12, 10]",data/results/direct_smtwtp_final/smtwtp/smtwtp_n20_inst0_run3.json
main,SMTWTP,Direct,20,smtwtp_n20_inst0,4,True,,True,1081,17709.0,4690.0,277.59061833688696,,,,,"[7, 19, 18, 3, 2, 1, 8, 16, 9, 17, 11, 6, 5, 15, 0, 4, 14, 13, 12, 10]",data/results/direct_smtwtp_final/smtwtp/smtwtp_n20_inst0_run4.json
main,SMTWTP,Direct,20,smtwtp_n20_inst0,5,True,,True,1080,17709.0,4690.0,277.59061833688696,,,,,"[19, 7, 18, 3, 2, 1, 8, 16, 9, 17, 11, 6, 5, 15, 0, 4, 14, 13, 12, 10]",data/results/direct_smtwtp_final/smtwtp/smtwtp_n20_inst0_run5.json
main,SMTWTP,Direct,20,smtwtp_n20_inst0,6,True,,True,1081,17709.0,4690.0,277.59061833688696,,,,,"[7, 19, 18, 3, 2, 1, 8, 16, 9, 17, 11, 6, 5, 15, 0, 4, 14, 13, 12, 10]",data/results/direct_smtwtp_final/smtwtp/smtwtp_n20_inst0_run6.json
main,SMTWTP,Direct,20,smtwtp_n20_inst0,7,True,,True,1161,18795.0,4690.0,300.74626865671644,,,,,"[3, 2, 1, 7, 19, 18, 16, 9, 17, 11, 6, 5, 15, 0, 8, 4, 14, 13, 12, 10]",data/results/direct_smtwtp_final/smtwtp/smtwtp_n20_inst0_run7.json
main,SMTWTP,Direct,20,smtwtp_n20_inst0,8,True,,True,1234,16964.0,4690.0,261.7057569296375,,,,,"[19, 18, 3, 2, 7, 1, 8, 16, 9, 17, 11, 6, 5, 15, 0, 4, 14, 13, 12, 10]",data/results/direct_smtwtp_final/smtwtp/smtwtp_n20_inst0_run8.json
main,SMTWTP,Direct,20,smtwtp_n20_inst0,9,True,,True,1071,17709.0,4690.0,277.59061833688696,,,,,"[19, 18, 7, 3, 2, 1, 8, 16, 9, 17, 11, 6, 5, 15, 0, 4, 14, 13, 12, 10]",data/results/direct_smtwtp_final/smtwtp/smtwtp_n20_inst0_run9.json
main,SMTWTP,Direct,20,smtwtp_n20_inst1,1,True,,True,1070,17569.0,7139.0,146.0988934024373,,,,,"[19, 15, 8, 6, 11, 10, 17, 3, 16, 4, 18, 12, 1, 13, 7, 2, 0, 14, 5, 9]",data/results/direct_smtwtp_final/smtwtp/smtwtp_n20_inst1_run1.json
main,SMTWTP,Direct,20,smtwtp_n20_inst1,10,True,,True,10792,16139.0,7139.0,126.06807676145118,,,,,"[15, 19, 11, 8, 6, 9, 4, 16, 3, 17, 10, 18, 12, 1, 13, 7, 2, 0, 14, 5]",data/results/direct_smtwtp_final/smtwtp/smtwtp_n20_inst1_run10.json
main,SMTWTP,Direct,20,smtwtp_n20_inst1,2,True,,True,10792,16139.0,7139.0,126.06807676145118,,,,,"[19, 15, 11, 8, 6, 9, 4, 16, 3, 17, 10, 18, 12, 1, 13, 7, 2, 0, 14, 5]",data/results/direct_smtwtp_final/smtwtp/smtwtp_n20_inst1_run2.json
main,SMTWTP,Direct,20,smtwtp_n20_inst1,3,True,,True,1073,16211.0,7139.0,127.07662137554279,,,,,"[19, 15, 11, 8, 6, 9, 4, 3, 16, 17, 10, 18, 12, 1, 13, 7, 2, 0, 14, 5]",data/results/direct_smtwtp_final/smtwtp/smtwtp_n20_inst1_run3.json
main,SMTWTP,Direct,20,smtwtp_n20_inst1,4,True,,True,10892,16501.0,7139.0,131.13881496007843,,,,,"[19, 15, 11, 8, 6, 9, 3, 4, 16, 17, 10, 18, 12, 1, 13, 7, 2, 0, 14, 5]",data/results/direct_smtwtp_final/smtwtp/smtwtp_n20_inst1_run4.json
main,SMTWTP,Direct,20,smtwtp_n20_inst1,5,True,,True,1071,9313.0,7139.0,30.452444319932763,,,,,"[12, 0, 11, 4, 1, 8, 15, 17, 9, 16, 13, 19, 7, 2, 3, 14, 5, 18, 6, 10]",data/results/direct_smtwtp_final/smtwtp/smtwtp_n20_inst1_run5.json
main,SMTWTP,Direct,20,smtwtp_n20_inst1,6,True,,True,1081,14325.0,7139.0,100.65835551197647,,,,,"[19, 15, 8, 6, 11, 9, 3, 16, 4, 17, 18, 12, 1, 13, 7, 2, 0, 14, 5, 10]",data/results/direct_smtwtp_final/smtwtp/smtwtp_n20_inst1_run6.json
main,SMTWTP,Direct,20,smtwtp_n20_inst1,7,True,,True,1071,16139.0,7139.0,126.06807676145118,,,,,"[19, 15, 11, 8, 6, 9, 4, 16, 3, 17, 10, 18, 12, 1, 13, 7, 2, 0, 14, 5]",data/results/direct_smtwtp_final/smtwtp/smtwtp_n20_inst1_run7.json
main,SMTWTP,Direct,20,smtwtp_n20_inst1,8,True,,True,1070,16139.0,7139.0,126.06807676145118,,,,,"[19, 15, 11, 8, 6, 9, 4, 16, 3, 17, 10, 18, 12, 1, 13, 7, 2, 0, 14, 5]",data/results/direct_smtwtp_final/smtwtp/smtwtp_n20_inst1_run8.json
main,SMTWTP,Direct,20,smtwtp_n20_inst1,9,True,,True,10792,17493.0,7139.0,145.0343185320073,,,,,"[19, 15, 8, 6, 9, 11, 3, 17, 10, 16, 4, 18, 12, 1, 13, 7, 2, 0, 14, 5]",data/results/direct_smtwtp_final/smtwtp/smtwtp_n20_inst1_run9.json
main,SMTWTP,Direct,20,smtwtp_n20_inst2,1,True,,True,1234,9848.0,6002.0,64.07864045318227,,,,,"[19, 12, 8, 3, 4, 5, 7, 14, 10, 0, 2, 9, 13, 6, 16, 11, 1, 17, 18, 15]",data/results/direct_smtwtp_final/smtwtp/smtwtp_n20_inst2_run1.json
main,SMTWTP,Direct,20,smtwtp_n20_inst2,10,True,,True,8468,9848.0,6002.0,64.07864045318227,,,,,"[19, 12, 8, 3, 4, 5, 7, 14, 10, 0, 2, 9, 13, 6, 16, 11, 1, 17, 18, 15]",data/results/direct_smtwtp_final/smtwtp/smtwtp_n20_inst2_run10.json
main,SMTWTP,Direct,20,smtwtp_n20_inst2,2,True,,True,1234,9811.0,6002.0,63.46217927357547,,,,,"[19, 12, 8, 3, 4, 5, 7, 14, 10, 0, 9, 13, 2, 16, 11, 6, 1, 18, 17, 15]",data/results/direct_smtwtp_final/smtwtp/smtwtp_n20_inst2_run2.json
main,SMTWTP,Direct,20,smtwtp_n20_inst2,3,True,,True,0,9811.0,6002.0,63.46217927357547,,,,,"[19, 12, 8, 3, 4, 5, 7, 14, 10, 0, 13, 9, 2, 16, 11, 6, 1, 18, 17, 15]",data/results/direct_smtwtp_final/smtwtp/smtwtp_n20_inst2_run3.json
main,SMTWTP,Direct,20,smtwtp_n20_inst2,4,True,,True,1080,9848.0,6002.0,64.07864045318227,,,,,"[19, 12, 8, 3, 4, 5, 7, 14, 10, 0, 2, 9, 13, 6, 16, 11, 1, 17, 18, 15]",data/results/direct_smtwtp_final/smtwtp/smtwtp_n20_inst2_run4.json
main,SMTWTP,Direct,20,smtwtp_n20_inst2,5,True,,True,1081,11635.0,6002.0,93.85204931689437,,,,,"[19, 14, 1, 5, 8, 18, 15, 17, 11, 4, 12, 16, 10, 6, 0, 2, 3, 13, 9, 7]",data/results/direct_smtwtp_final/smtwtp/smtwtp_n20_inst2_run5.json
main,SMTWTP,Direct,20,smtwtp_n20_inst2,6,False,unparseable_response,False,,,6002.0,,,,,,,data/results/direct_smtwtp_final/smtwtp/smtwtp_n20_inst2_run6.json
main,SMTWTP,Direct,20,smtwtp_n20_inst2,7,True,,True,1234,16756.0,6002.0,179.17360879706766,,,,,"[19, 5, 0, 4, 10, 6, 11, 16, 12, 1, 15, 17, 8, 14, 18, 9, 3, 13, 7, 2]",data/results/direct_smtwtp_final/smtwtp/smtwtp_n20_inst2_run7.json
main,SMTWTP,Direct,20,smtwtp_n20_inst2,8,True,,True,1080,9790.0,6002.0,63.11229590136621,,,,,"[19, 12, 8, 3, 4, 5, 7, 14, 10, 0, 2, 9, 13, 16, 11, 6, 1, 17, 18, 15]",data/results/direct_smtwtp_final/smtwtp/smtwtp_n20_inst2_run8.json
main,SMTWTP,Direct,20,smtwtp_n20_inst2,9,True,,True,1083,9798.0,6002.0,63.24558480506498,,,,,"[19, 12, 8, 3, 4, 5, 7, 14, 10, 0, 13, 9, 2, 11, 16, 6, 1, 17, 18, 15]",data/results/direct_smtwtp_final/smtwtp/smtwtp_n20_inst2_run9.json
main,SMTWTP,Direct,20,smtwtp_n20_inst3,1,True,,True,0,8483.0,4929.0,72.10387502536011,,,,,"[15, 0, 11, 9, 13, 10, 19, 4, 7, 8, 1, 16, 3, 18, 6, 12, 14, 2, 17, 5]",data/results/direct_smtwtp_final/smtwtp/smtwtp_n20_inst3_run1.json
main,SMTWTP,Direct,20,smtwtp_n20_inst3,10,True,,True,1070,6662.0,4929.0,35.15926151349158,,,,,"[10, 17, 9, 15, 8, 16, 13, 19, 14, 0, 11, 1, 2, 7, 5, 4, 12, 18, 3, 6]",data/results/direct_smtwtp_final/smtwtp/smtwtp_n20_inst3_run10.json
main,SMTWTP,Direct,20,smtwtp_n20_inst3,2,True,,True,0,8327.0,4929.0,68.93893284641915,,,,,"[15, 0, 11, 9, 10, 13, 19, 4, 1, 7, 8, 16, 3, 18, 14, 6, 12, 2, 17, 5]",data/results/direct_smtwtp_final/smtwtp/smtwtp_n20_inst3_run2.json
main,SMTWTP,Direct,20,smtwtp_n20_inst3,3,True,,True,1070,6804.0,4929.0,38.04017041996348,,,,,"[10, 17, 9, 15, 8, 16, 13, 14, 19, 7, 0, 11, 1, 2, 5, 4, 12, 18, 3, 6]",data/results/direct_smtwtp_final/smtwtp/smtwtp_n20_inst3_run3.json
main,SMTWTP,Direct,20,smtwtp_n20_inst3,4,True,,True,0,8255.0,4929.0,67.47819030229255,,,,,"[15, 0, 11, 9, 13, 10, 19, 4, 7, 8, 1, 16, 3, 18, 14, 6, 12, 2, 17, 5]",data/results/direct_smtwtp_final/smtwtp/smtwtp_n20_inst3_run4.json
main,SMTWTP,Direct,20,smtwtp_n20_inst3,5,True,,True,1070,7685.0,4929.0,55.91397849462365,,,,,"[15, 0, 11, 9, 13, 10, 19, 4, 1, 7, 8, 14, 16, 18, 3, 6, 12, 2, 17, 5]",data/results/direct_smtwtp_final/smtwtp/smtwtp_n20_inst3_run5.json
main,SMTWTP,Direct,20,smtwtp_n20_inst3,6,True,,True,0,8387.0,4929.0,70.15621829985798,,,,,"[15, 0, 11, 9, 13, 10, 19, 4, 1, 7, 8, 16, 3, 18, 14, 6, 12, 2, 17, 5]",data/results/direct_smtwtp_final/smtwtp/smtwtp_n20_inst3_run6.json
main,SMTWTP,Direct,20,smtwtp_n20_inst3,7,True,,True,0,8255.0,4929.0,67.47819030229255,,,,,"[15, 0, 11, 9, 13, 10, 19, 4, 7, 8, 1, 16, 3, 18, 14, 6, 12, 2, 17, 5]",data/results/direct_smtwtp_final/smtwtp/smtwtp_n20_inst3_run7.json
main,SMTWTP,Direct,20,smtwtp_n20_inst3,8,True,,True,1073,8255.0,4929.0,67.47819030229255,,,,,"[15, 0, 11, 9, 13, 10, 19, 4, 7, 8, 1, 16, 18, 3, 14, 6, 12, 2, 17, 5]",data/results/direct_smtwtp_final/smtwtp/smtwtp_n20_inst3_run8.json
main,SMTWTP,Direct,20,smtwtp_n20_inst3,9,True,,True,1190,7685.0,4929.0,55.91397849462365,,,,,"[15, 0, 11, 9, 13, 10, 19, 4, 1, 7, 8, 14, 16, 18, 3, 6, 12, 2, 17, 5]",data/results/direct_smtwtp_final/smtwtp/smtwtp_n20_inst3_run9.json
main,SMTWTP,Direct,20,smtwtp_n20_inst4,1,True,,True,1163,10651.0,4490.0,137.21603563474386,,,,,"[18, 15, 12, 19, 11, 13, 17, 3, 0, 2, 4, 5, 6, 1, 10, 14, 7, 9, 16, 8]",data/results/direct_smtwtp_final/smtwtp/smtwtp_n20_inst4_run1.json
main,SMTWTP,Direct,20,smtwtp_n20_inst4,10,True,,True,1234,6251.0,4490.0,39.220489977728285,,,,,"[19, 4, 2, 12, 18, 11, 15, 8, 13, 7, 14, 6, 9, 3, 16, 10, 5, 0, 17, 1]",data/results/direct_smtwtp_final/smtwtp/smtwtp_n20_inst4_run10.json
main,SMTWTP,Direct,20,smtwtp_n20_inst4,2,True,,True,1161,10358.0,4490.0,130.69042316258353,,,,,"[19, 18, 15, 12, 11, 13, 17, 3, 0, 2, 4, 5, 6, 1, 14, 7, 10, 9, 16, 8]",data/results/direct_smtwtp_final/smtwtp/smtwtp_n20_inst4_run2.json
main,SMTWTP,Direct,20,smtwtp_n20_inst4,3,True,,True,1234,6012.0,4490.0,33.897550111358576,,,,,"[19, 4, 2, 18, 12, 15, 11, 8, 13, 7, 14, 0, 6, 9, 3, 16, 5, 10, 17, 1]",data/results/direct_smtwtp_final/smtwtp/smtwtp_n20_inst4_run3.json
main,SMTWTP,Direct,20,smtwtp_n20_inst4,4,True,,True,1070,10906.0,4490.0,142.8953229398664,,,,,"[3, 13, 17, 19, 18, 1, 11, 15, 12, 2, 4, 10, 5, 6, 14, 7, 9, 16, 8, 0]",data/results/direct_smtwtp_final/smtwtp/smtwtp_n20_inst4_run4.json
main,SMTWTP,Direct,20,smtwtp_n20_inst4,5,True,,True,1161,10651.0,4490.0,137.21603563474386,,,,,"[15, 18, 19, 12, 11, 13, 17, 3, 0, 2, 4, 5, 6, 1, 10, 14, 7, 9, 16, 8]",data/results/direct_smtwtp_final/smtwtp/smtwtp_n20_inst4_run5.json
main,SMTWTP,Direct,20,smtwtp_n20_inst4,6,True,,True,1234,6012.0,4490.0,33.897550111358576,,,,,"[19, 4, 2, 18, 12, 15, 8, 11, 13, 7, 14, 0, 6, 9, 3, 16, 5, 10, 17, 1]",data/results/direct_smtwtp_final/smtwtp/smtwtp_n20_inst4_run6.json
main,SMTWTP,Direct,20,smtwtp_n20_inst4,7,True,,True,1161,10906.0,4490.0,142.8953229398664,,,,,"[3, 13, 17, 19, 18, 1, 11, 15, 12, 2, 4, 10, 5, 6, 14, 7, 9, 16, 8, 0]",data/results/direct_smtwtp_final/smtwtp/smtwtp_n20_inst4_run7.json
main,SMTWTP,Direct,20,smtwtp_n20_inst4,8,True,,True,1163,12601.0,4490.0,180.64587973273942,,,,,"[15, 18, 19, 12, 11, 13, 17, 3, 1, 5, 6, 2, 4, 10, 14, 7, 9, 16, 8, 0]",data/results/direct_smtwtp_final/smtwtp/smtwtp_n20_inst4_run8.json
main,SMTWTP,Direct,20,smtwtp_n20_inst4,9,True,,True,1165,10906.0,4490.0,142.8953229398664,,,,,"[3, 13, 17, 19, 18, 1, 11, 15, 12, 2, 4, 10, 5, 6, 14, 7, 9, 16, 8, 0]",data/results/direct_smtwtp_final/smtwtp/smtwtp_n20_inst4_run9.json
main,SMTWTP,Direct,25,smtwtp_n25_inst0,1,True,,True,1304,24025.0,5825.0,312.44635193133047,,,,,"[0, 3, 19, 22, 2, 4, 16, 23, 11, 13, 9, 17, 8, 1, 15, 20, 24, 21, 14, 18, 12, 7, 6, 10, 5]",data/results/direct_smtwtp_final/smtwtp/smtwtp_n25_inst0_run1.json
main,SMTWTP,Direct,25,smtwtp_n25_inst0,10,True,,True,1234,16380.0,5825.0,181.20171673819743,,,,,"[14, 16, 22, 18, 6, 2, 9, 17, 8, 3, 24, 5, 10, 7, 0, 23, 4, 1, 12, 15, 13, 19, 20, 11, 21]",data/results/direct_smtwtp_final/smtwtp/smtwtp_n25_inst0_run10.json
main,SMTWTP,Direct,25,smtwtp_n25_inst0,2,True,,True,1302,24133.0,5825.0,314.30042918454933,,,,,"[0, 3, 19, 22, 2, 4, 16, 23, 11, 13, 9, 17, 8, 1, 15, 20, 24, 21, 18, 14, 12, 7, 6, 10, 5]",data/results/direct_smtwtp_final/smtwtp/smtwtp_n25_inst0_run2.json
main,SMTWTP,Direct,25,smtwtp_n25_inst0,3,True,,True,1460,17486.0,5825.0,200.1888412017167,,,,,"[14, 16, 22, 2, 18, 6, 9, 17, 8, 3, 24, 5, 10, 7, 0, 23, 4, 19, 20, 1, 12, 13, 15, 11, 21]",data/results/direct_smtwtp_final/smtwtp/smtwtp_n25_inst0_run3.json
main,SMTWTP,Direct,25,smtwtp_n25_inst0,4,True,,True,1304,23550.0,5825.0,304.2918454935622,,,,,"[0, 3, 19, 4, 16, 22, 2, 23, 11, 9, 13, 17, 8, 1, 15, 20, 24, 21, 14, 18, 12, 7, 6, 10, 5]",data/results/direct_smtwtp_final/smtwtp/smtwtp_n25_inst0_run4.json
main,SMTWTP,Direct,25,smtwtp_n25_inst0,5,True,,True,1070,16498.0,5825.0,183.2274678111588,,,,,"[14, 16, 22, 2, 18, 6, 9, 17, 8, 3, 24, 5, 10, 7, 23, 0, 4, 13, 12, 1, 15, 20, 19, 11, 21]",data/results/direct_smtwtp_final/smtwtp/smtwtp_n25_inst0_run5.json
main,SMTWTP,Direct,25,smtwtp_n25_inst0,6,True,,True,1764,16380.0,5825.0,181.20171673819743,,,,,"[14, 16, 22, 2, 6, 18, 9, 17, 8, 3, 24, 5, 10, 7, 0, 23, 4, 1, 12, 15, 13, 19, 20, 11, 21]",data/results/direct_smtwtp_final/smtwtp/smtwtp_n25_inst0_run6.json
main,SMTWTP,Direct,25,smtwtp_n25_inst0,7,True,,True,1304,23647.0,5825.0,305.9570815450644,,,,,"[0, 3, 19, 4, 16, 22, 2, 23, 11, 13, 9, 17, 8, 1, 15, 20, 24, 21, 14, 18, 12, 7, 6, 10, 5]",data/results/direct_smtwtp_final/smtwtp/smtwtp_n25_inst0_run7.json
main,SMTWTP,Direct,25,smtwtp_n25_inst0,8,True,,True,1070,23476.0,5825.0,303.0214592274678,,,,,"[0, 3, 19, 16, 22, 2, 23, 11, 13, 9, 17, 8, 1, 15, 20, 24, 21, 18, 14, 12, 7, 6, 10, 5, 4]",data/results/direct_smtwtp_final/smtwtp/smtwtp_n25_inst0_run8.json
main,SMTWTP,Direct,25,smtwtp_n25_inst0,9,True,,True,1070,16380.0,5825.0,181.20171673819743,,,,,"[14, 16, 22, 2, 18, 6, 9, 17, 8, 3, 24, 5, 10, 7, 0, 23, 4, 1, 12, 15, 13, 19, 20, 11, 21]",data/results/direct_smtwtp_final/smtwtp/smtwtp_n25_inst0_run9.json
main,SMTWTP,Direct,25,smtwtp_n25_inst1,1,True,,True,1234,12118.0,7172.0,68.96263245956497,,,,,"[13, 6, 9, 24, 2, 1, 16, 21, 23, 10, 15, 0, 22, 8, 20, 19, 4, 12, 5, 11, 14, 18, 17, 3, 7]",data/results/direct_smtwtp_final/smtwtp/smtwtp_n25_inst1_run1.json
main,SMTWTP,Direct,25,smtwtp_n25_inst1,10,True,,True,0,12907.0,7172.0,79.9637479085332,,,,,"[13, 6, 9, 24, 1, 16, 21, 23, 15, 0, 10, 20, 8, 22, 19, 2, 12, 4, 3, 5, 7, 11, 14, 18, 17]",data/results/direct_smtwtp_final/smtwtp/smtwtp_n25_inst1_run10.json
main,SMTWTP,Direct,25,smtwtp_n25_inst1,2,True,,True,1234,12529.0,7172.0,74.69325153374233,,,,,"[9, 6, 24, 15, 0, 19, 8, 16, 13, 11, 14, 1, 21, 23, 22, 20, 18, 3, 5, 2, 12, 4, 7, 10, 17]",data/results/direct_smtwtp_final/smtwtp/smtwtp_n25_inst1_run2.json
main,SMTWTP,Direct,25,smtwtp_n25_inst1,3,True,,True,1234,11650.0,7172.0,62.4372559955382,,,,,"[13, 6, 9, 24, 1, 16, 21, 2, 23, 15, 0, 22, 10, 8, 20, 19, 4, 12, 5, 11, 14, 18, 17, 3, 7]",data/results/direct_smtwtp_final/smtwtp/smtwtp_n25_inst1_run3.json
main,SMTWTP,Direct,25,smtwtp_n25_inst1,4,True,,True,0,11650.0,7172.0,62.4372559955382,,,,,"[13, 6, 9, 24, 1, 16, 21, 2, 23, 15, 0, 22, 10, 8, 20, 19, 4, 12, 5, 11, 14, 18, 17, 3, 7]",data/results/direct_smtwtp_final/smtwtp/smtwtp_n25_inst1_run4.json
main,SMTWTP,Direct,25,smtwtp_n25_inst1,5,True,,True,0,12114.0,7172.0,68.90686001115449,,,,,"[13, 6, 9, 24, 2, 1, 16, 21, 23, 15, 0, 10, 20, 8, 22, 19, 4, 12, 5, 3, 11, 14, 18, 17, 7]",data/results/direct_smtwtp_final/smtwtp/smtwtp_n25_inst1_run5.json
main,SMTWTP,Direct,25,smtwtp_n25_inst1,6,True,,True,0,11650.0,7172.0,62.4372559955382,,,,,"[13, 6, 9, 24, 2, 1, 16, 21, 23, 15, 0, 22, 10, 8, 20, 19, 12, 4, 5, 11, 14, 18, 17, 3, 7]",data/results/direct_smtwtp_final/smtwtp/smtwtp_n25_inst1_run6.json
main,SMTWTP,Direct,25,smtwtp_n25_inst1,7,True,,True,0,11442.0,7172.0,59.53708867819297,,,,,"[13, 6, 9, 2, 24, 1, 16, 21, 23, 15, 0, 22, 8, 20, 19, 4, 12, 10, 11, 5, 14, 17, 18, 3, 7]",data/results/direct_smtwtp_final/smtwtp/smtwtp_n25_inst1_run7.json
main,SMTWTP,Direct,25,smtwtp_n25_inst1,8,True,,True,,12106.0,7172.0,68.79531511433352,,,,,"[13, 6, 9, 2, 24, 1, 16, 21, 23, 10, 15, 0, 22, 8, 20, 19, 4, 12, 5, 11, 14, 17, 18, 3, 7]",data/results/direct_smtwtp_final/smtwtp/smtwtp_n25_inst1_run8.json
main,SMTWTP,Direct,25,smtwtp_n25_inst1,9,True,,True,0,12118.0,7172.0,68.96263245956497,,,,,"[13, 6, 9, 24, 2, 1, 16, 21, 23, 10, 15, 0, 22, 8, 20, 19, 4, 12, 5, 11, 14, 18, 17, 3, 7]",data/results/direct_smtwtp_final/smtwtp/smtwtp_n25_inst1_run9.json
main,SMTWTP,Direct,25,smtwtp_n25_inst2,1,True,,True,1234,15865.0,6639.0,138.96671185419493,,,,,"[19, 24, 11, 22, 4, 15, 10, 2, 3, 13, 17, 9, 7, 23, 0, 16, 5, 21, 8, 1, 6, 20, 14, 18, 12]",data/results/direct_smtwtp_final/smtwtp/smtwtp_n25_inst2_run1.json
main,SMTWTP,Direct,25,smtwtp_n25_inst2,10,True,,True,1070,15870.0,6639.0,139.04202440126525,,,,,"[19, 24, 11, 22, 4, 15, 10, 2, 3, 13, 17, 9, 7, 23, 0, 16, 21, 5, 8, 1, 6, 20, 14, 18, 12]",data/results/direct_smtwtp_final/smtwtp/smtwtp_n25_inst2_run10.json
main,SMTWTP,Direct,25,smtwtp_n25_inst2,2,True,,True,10796,15387.0,6639.0,131.76683235427024,,,,,"[19, 24, 11, 22, 4, 15, 10, 2, 3, 13, 17, 9, 7, 23, 5, 21, 16, 8, 0, 1, 6, 14, 20, 18, 12]",data/results/direct_smtwtp_final/smtwtp/smtwtp_n25_inst2_run2.json
main,SMTWTP,Direct,25,smtwtp_n25_inst2,3,True,,True,12345,14815.0,6639.0,123.15107696942312,,,,,"[19, 24, 11, 22, 4, 15, 10, 2, 3, 17, 13, 7, 9, 16, 5, 21, 8, 0, 20, 14, 18, 23, 6, 12, 1]",data/results/direct_smtwtp_final/smtwtp/smtwtp_n25_inst2_run3.json
main,SMTWTP,Direct,25,smtwtp_n25_inst2,4,True,,True,0,14815.0,6639.0,123.15107696942312,,,,,"[19, 24, 11, 22, 4, 15, 10, 2, 3, 17, 13, 7, 9, 16, 5, 21, 8, 0, 20, 14, 18, 23, 6, 12, 1]",data/results/direct_smtwtp_final/smtwtp/smtwtp_n25_inst2_run4.json
main,SMTWTP,Direct,25,smtwtp_n25_inst2,5,True,,True,0,15438.0,6639.0,132.5350203343877,,,,,"[19, 24, 11, 22, 4, 15, 10, 2, 3, 13, 9, 7, 17, 16, 5, 21, 8, 0, 14, 20, 18, 23, 6, 12, 1]",data/results/direct_smtwtp_final/smtwtp/smtwtp_n25_inst2_run5.json
main,SMTWTP,Direct,25,smtwtp_n25_inst2,6,True,,True,1234,14812.0,6639.0,123.1058894411809,,,,,"[19, 24, 11, 22, 4, 15, 10, 2, 3, 17, 13, 7, 9, 16, 5, 21, 8, 0, 14, 20, 18, 23, 6, 12, 1]",data/results/direct_smtwtp_final/smtwtp/smtwtp_n25_inst2_run6.json
main,SMTWTP,Direct,25,smtwtp_n25_inst2,7,True,,True,0,14815.0,6639.0,123.15107696942312,,,,,"[19, 24, 11, 22, 4, 15, 10, 2, 3, 17, 13, 7, 9, 16, 5, 21, 8, 0, 20, 14, 18, 23, 6, 12, 1]",data/results/direct_smtwtp_final/smtwtp/smtwtp_n25_inst2_run7.json
main,SMTWTP,Direct,25,smtwtp_n25_inst2,8,True,,True,0,15437.0,6639.0,132.51995782497363,,,,,"[19, 24, 11, 22, 4, 15, 10, 2, 3, 13, 17, 9, 7, 23, 5, 21, 16, 8, 0, 1, 6, 18, 20, 14, 12]",data/results/direct_smtwtp_final/smtwtp/smtwtp_n25_inst2_run8.json
main,SMTWTP,Direct,25,smtwtp_n25_inst2,9,True,,True,1234,16711.0,6639.0,151.70959481849675,,,,,"[19, 24, 11, 22, 4, 15, 10, 2, 3, 17, 13, 9, 7, 16, 21, 5, 8, 1, 23, 0, 6, 12, 18, 20, 14]",data/results/direct_smtwtp_final/smtwtp/smtwtp_n25_inst2_run9.json
main,SMTWTP,Direct,25,smtwtp_n25_inst3,1,True,,True,1234,12646.0,6457.0,95.84946569614372,,,,,"[4, 12, 18, 9, 8, 1, 2, 21, 20, 3, 11, 10, 7, 23, 17, 16, 14, 13, 0, 19, 5, 22, 24, 6, 15]",data/results/direct_smtwtp_final/smtwtp/smtwtp_n25_inst3_run1.json
main,SMTWTP,Direct,25,smtwtp_n25_inst3,10,False,unparseable_response,False,,,6457.0,,,,,,,data/results/direct_smtwtp_final/smtwtp/smtwtp_n25_inst3_run10.json
main,SMTWTP,Direct,25,smtwtp_n25_inst3,2,True,,True,0,12675.0,6457.0,96.29859067678488,,,,,"[4, 12, 18, 9, 8, 1, 2, 21, 20, 3, 11, 10, 7, 23, 17, 16, 13, 14, 0, 19, 5, 6, 22, 24, 15]",data/results/direct_smtwtp_final/smtwtp/smtwtp_n25_inst3_run2.json
main,SMTWTP,Direct,25,smtwtp_n25_inst3,3,True,,True,0,12646.0,6457.0,95.84946569614372,,,,,"[4, 12, 18, 9, 8, 1, 2, 21, 20, 3, 11, 10, 7, 23, 17, 16, 14, 13, 0, 19, 5, 22, 24, 6, 15]",data/results/direct_smtwtp_final/smtwtp/smtwtp_n25_inst3_run3.json
main,SMTWTP,Direct,25,smtwtp_n25_inst3,4,True,,True,1234,12653.0,6457.0,95.95787517422953,,,,,"[4, 12, 18, 9, 8, 1, 2, 21, 20, 3, 11, 10, 7, 23, 17, 16, 14, 13, 0, 19, 5, 22, 6, 24, 15]",data/results/direct_smtwtp_final/smtwtp/smtwtp_n25_inst3_run4.json
main,SMTWTP,Direct,25,smtwtp_n25_inst3,5,True,,True,1070,12646.0,6457.0,95.84946569614372,,,,,"[4, 12, 18, 9, 8, 1, 2, 21, 20, 3, 11, 10, 7, 23, 17, 16, 14, 13, 0, 19, 5, 22, 24, 6, 15]",data/results/direct_smtwtp_final/smtwtp/smtwtp_n25_inst3_run5.json
main,SMTWTP,Direct,25,smtwtp_n25_inst3,6,True,,True,0,12675.0,6457.0,96.29859067678488,,,,,"[4, 12, 18, 9, 8, 1, 2, 21, 20, 3, 11, 10, 7, 23, 17, 16, 13, 14, 0, 19, 5, 6, 22, 24, 15]",data/results/direct_smtwtp_final/smtwtp/smtwtp_n25_inst3_run6.json
main,SMTWTP,Direct,25,smtwtp_n25_inst3,7,True,,True,0,13205.0,6457.0,104.50673687470962,,,,,"[4, 12, 18, 9, 8, 1, 2, 21, 20, 3, 11, 10, 23, 7, 17, 16, 14, 13, 0, 19, 5, 22, 6, 24, 15]",data/results/direct_smtwtp_final/smtwtp/smtwtp_n25_inst3_run7.json
main,SMTWTP,Direct,25,smtwtp_n25_inst3,8,True,,True,1234,12646.0,6457.0,95.84946569614372,,,,,"[4, 12, 18, 9, 8, 1, 2, 21, 20, 3, 11, 10, 7, 23, 17, 16, 14, 13, 0, 19, 5, 22, 24, 6, 15]",data/results/direct_smtwtp_final/smtwtp/smtwtp_n25_inst3_run8.json
main,SMTWTP,Direct,25,smtwtp_n25_inst3,9,True,,True,1234,12804.0,6457.0,98.29642248722317,,,,,"[4, 12, 18, 9, 8, 1, 2, 21, 20, 3, 11, 10, 7, 23, 17, 16, 0, 13, 14, 19, 5, 22, 24, 6, 15]",data/results/direct_smtwtp_final/smtwtp/smtwtp_n25_inst3_run9.json
main,SMTWTP,Direct,25,smtwtp_n25_inst4,1,True,,True,10792,24531.0,6741.0,263.9074321317312,,,,,"[22, 21, 14, 24, 2, 5, 18, 6, 11, 4, 15, 16, 19, 7, 12, 10, 17, 8, 20, 13, 9, 23, 0, 1, 3]",data/results/direct_smtwtp_final/smtwtp/smtwtp_n25_inst4_run1.json
main,SMTWTP,Direct,25,smtwtp_n25_inst4,10,True,,True,10789,23218.0,6741.0,244.4296098501706,,,,,"[21, 22, 24, 2, 14, 5, 15, 11, 16, 4, 7, 18, 6, 17, 12, 10, 19, 20, 13, 9, 23, 0, 8, 1, 3]",data/results/direct_smtwtp_final/smtwtp/smtwtp_n25_inst4_run10.json
main,SMTWTP,Direct,25,smtwtp_n25_inst4,2,True,,True,10729,12131.0,6741.0,79.95846313603323,,,,,"[3, 24, 2, 9, 21, 20, 15, 14, 5, 11, 6, 19, 17, 23, 22, 13, 16, 0, 8, 18, 4, 7, 1, 10, 12]",data/results/direct_smtwtp_final/smtwtp/smtwtp_n25_inst4_run2.json
main,SMTWTP,Direct,25,smtwtp_n25_inst4,3,True,,True,10810,12502.0,6741.0,85.46209761163031,,,,,"[3, 24, 2, 9, 21, 20, 15, 14, 5, 11, 6, 19, 22, 23, 17, 13, 18, 8, 4, 7, 16, 0, 1, 10, 12]",data/results/direct_smtwtp_final/smtwtp/smtwtp_n25_inst4_run3.json
main,SMTWTP,Direct,25,smtwtp_n25_inst4,4,True,,True,10792,23816.0,6741.0,253.30069722593086,,,,,"[22, 21, 14, 24, 2, 5, 15, 11, 4, 16, 19, 6, 18, 7, 12, 10, 17, 8, 20, 13, 9, 23, 0, 1, 3]",data/results/direct_smtwtp_final/smtwtp/smtwtp_n25_inst4_run4.json
main,SMTWTP,Direct,25,smtwtp_n25_inst4,5,True,,True,10892,25282.0,6741.0,275.04821243138997,,,,,"[14, 21, 22, 24, 2, 5, 15, 11, 4, 16, 19, 6, 17, 12, 10, 18, 7, 8, 0, 20, 13, 9, 23, 1, 3]",data/results/direct_smtwtp_final/smtwtp/smtwtp_n25_inst4_run5.json
main,SMTWTP,Direct,25,smtwtp_n25_inst4,6,True,,True,1070,23993.0,6741.0,255.9264204124017,,,,,"[22, 21, 14, 24, 2, 5, 18, 4, 11, 15, 16, 19, 6, 17, 12, 10, 7, 8, 20, 13, 9, 23, 0, 1, 3]",data/results/direct_smtwtp_final/smtwtp/smtwtp_n25_inst4_run6.json
main,SMTWTP,Direct,25,smtwtp_n25_inst4,7,True,,True,10789,25978.0,6741.0,285.3730900459873,,,,,"[14, 21, 22, 24, 2, 5, 15, 11, 16, 4, 7, 18, 6, 17, 12, 10, 19, 8, 0, 20, 13, 9, 23, 1, 3]",data/results/direct_smtwtp_final/smtwtp/smtwtp_n25_inst4_run7.json
main,SMTWTP,Direct,25,smtwtp_n25_inst4,8,True,,True,1070,23597.0,6741.0,250.05192107995845,,,,,"[22, 21, 14, 24, 2, 18, 5, 6, 11, 15, 16, 19, 4, 7, 12, 10, 17, 8, 20, 13, 9, 23, 0, 1, 3]",data/results/direct_smtwtp_final/smtwtp/smtwtp_n25_inst4_run8.json
main,SMTWTP,Direct,25,smtwtp_n25_inst4,9,True,,True,10792,23597.0,6741.0,250.05192107995845,,,,,"[22, 21, 14, 24, 2, 5, 18, 6, 11, 15, 16, 19, 4, 7, 12, 10, 17, 8, 20, 13, 9, 23, 0, 1, 3]",data/results/direct_smtwtp_final/smtwtp/smtwtp_n25_inst4_run9.json
main,SMTWTP,Direct,5,smtwtp_n5_inst0,1,True,,True,1164,630.0,630.0,0.0,,,,,"[4, 0, 3, 2, 1]",data/results/direct_smtwtp_final/smtwtp/smtwtp_n5_inst0_run1.json
main,SMTWTP,Direct,5,smtwtp_n5_inst0,10,True,,True,936,936.0,630.0,48.57142857142857,,,,,"[4, 0, 2, 3, 1]",data/results/direct_smtwtp_final/smtwtp/smtwtp_n5_inst0_run10.json
main,SMTWTP,Direct,5,smtwtp_n5_inst0,2,True,,True,1164,1260.0,630.0,100.0,,,,,"[3, 0, 4, 1, 2]",data/results/direct_smtwtp_final/smtwtp/smtwtp_n5_inst0_run2.json
main,SMTWTP,Direct,5,smtwtp_n5_inst0,3,True,,True,936,936.0,630.0,48.57142857142857,,,,,"[4, 0, 2, 3, 1]",data/results/direct_smtwtp_final/smtwtp/smtwtp_n5_inst0_run3.json
main,SMTWTP,Direct,5,smtwtp_n5_inst0,4,True,,True,936,936.0,630.0,48.57142857142857,,,,,"[4, 0, 2, 3, 1]",data/results/direct_smtwtp_final/smtwtp/smtwtp_n5_inst0_run4.json
main,SMTWTP,Direct,5,smtwtp_n5_inst0,5,True,,True,1260,1260.0,630.0,100.0,,,,,"[3, 0, 4, 1, 2]",data/results/direct_smtwtp_final/smtwtp/smtwtp_n5_inst0_run5.json
main,SMTWTP,Direct,5,smtwtp_n5_inst0,6,True,,True,1164,1260.0,630.0,100.0,,,,,"[3, 0, 4, 1, 2]",data/results/direct_smtwtp_final/smtwtp/smtwtp_n5_inst0_run6.json
main,SMTWTP,Direct,5,smtwtp_n5_inst0,7,True,,True,1164,1260.0,630.0,100.0,,,,,"[3, 0, 4, 1, 2]",data/results/direct_smtwtp_final/smtwtp/smtwtp_n5_inst0_run7.json
main,SMTWTP,Direct,5,smtwtp_n5_inst0,8,True,,True,936,936.0,630.0,48.57142857142857,,,,,"[4, 0, 2, 3, 1]",data/results/direct_smtwtp_final/smtwtp/smtwtp_n5_inst0_run8.json
main,SMTWTP,Direct,5,smtwtp_n5_inst0,9,True,,True,936,936.0,630.0,48.57142857142857,,,,,"[4, 0, 2, 3, 1]",data/results/direct_smtwtp_final/smtwtp/smtwtp_n5_inst0_run9.json
main,SMTWTP,Direct,5,smtwtp_n5_inst1,1,True,,True,1017,1017.0,877.0,15.96351197263398,,,,,"[3, 4, 0, 2, 1]",data/results/direct_smtwtp_final/smtwtp/smtwtp_n5_inst1_run1.json
main,SMTWTP,Direct,5,smtwtp_n5_inst1,10,True,,True,1017,1017.0,877.0,15.96351197263398,,,,,"[3, 4, 0, 2, 1]",data/results/direct_smtwtp_final/smtwtp/smtwtp_n5_inst1_run10.json
main,SMTWTP,Direct,5,smtwtp_n5_inst1,2,True,,True,882,882.0,877.0,0.5701254275940707,,,,,"[3, 0, 4, 2, 1]",data/results/direct_smtwtp_final/smtwtp/smtwtp_n5_inst1_run2.json
main,SMTWTP,Direct,5,smtwtp_n5_inst1,3,True,,True,1017,1017.0,877.0,15.96351197263398,,,,,"[3, 4, 0, 2, 1]",data/results/direct_smtwtp_final/smtwtp/smtwtp_n5_inst1_run3.json
main,SMTWTP,Direct,5,smtwtp_n5_inst1,4,True,,True,1017,1017.0,877.0,15.96351197263398,,,,,"[3, 4, 0, 2, 1]",data/results/direct_smtwtp_final/smtwtp/smtwtp_n5_inst1_run4.json
main,SMTWTP,Direct,5,smtwtp_n5_inst1,5,True,,True,1095,997.0,877.0,13.683010262257698,,,,,"[3, 0, 4, 1, 2]",data/results/direct_smtwtp_final/smtwtp/smtwtp_n5_inst1_run5.json
main,SMTWTP,Direct,5,smtwtp_n5_inst1,6,True,,True,1017,1017.0,877.0,15.96351197263398,,,,,"[3, 4, 0, 2, 1]",data/results/direct_smtwtp_final/smtwtp/smtwtp_n5_inst1_run6.json
main,SMTWTP,Direct,5,smtwtp_n5_inst1,7,True,,True,997,997.0,877.0,13.683010262257698,,,,,"[3, 0, 4, 1, 2]",data/results/direct_smtwtp_final/smtwtp/smtwtp_n5_inst1_run7.json
main,SMTWTP,Direct,5,smtwtp_n5_inst1,8,True,,True,1017,1017.0,877.0,15.96351197263398,,,,,"[3, 4, 0, 2, 1]",data/results/direct_smtwtp_final/smtwtp/smtwtp_n5_inst1_run8.json
main,SMTWTP,Direct,5,smtwtp_n5_inst1,9,True,,True,1017,1017.0,877.0,15.96351197263398,,,,,"[3, 4, 0, 2, 1]",data/results/direct_smtwtp_final/smtwtp/smtwtp_n5_inst1_run9.json
main,SMTWTP,Direct,5,smtwtp_n5_inst2,1,True,,True,1542,1542.0,1542.0,0.0,,,,,"[2, 3, 0, 4, 1]",data/results/direct_smtwtp_final/smtwtp/smtwtp_n5_inst2_run1.json
main,SMTWTP,Direct,5,smtwtp_n5_inst2,10,True,,True,1542,1542.0,1542.0,0.0,,,,,"[2, 3, 0, 4, 1]",data/results/direct_smtwtp_final/smtwtp/smtwtp_n5_inst2_run10.json
main,SMTWTP,Direct,5,smtwtp_n5_inst2,2,True,,True,1542,1542.0,1542.0,0.0,,,,,"[2, 3, 0, 4, 1]",data/results/direct_smtwtp_final/smtwtp/smtwtp_n5_inst2_run2.json
main,SMTWTP,Direct,5,smtwtp_n5_inst2,3,True,,True,1680,1569.0,1542.0,1.7509727626459144,,,,,"[2, 0, 3, 4, 1]",data/results/direct_smtwtp_final/smtwtp/smtwtp_n5_inst2_run3.json
main,SMTWTP,Direct,5,smtwtp_n5_inst2,4,True,,True,1569,1569.0,1542.0,1.7509727626459144,,,,,"[2, 0, 3, 4, 1]",data/results/direct_smtwtp_final/smtwtp/smtwtp_n5_inst2_run4.json
main,SMTWTP,Direct,5,smtwtp_n5_inst2,5,True,,True,1542,1542.0,1542.0,0.0,,,,,"[2, 3, 0, 4, 1]",data/results/direct_smtwtp_final/smtwtp/smtwtp_n5_inst2_run5.json
main,SMTWTP,Direct,5,smtwtp_n5_inst2,6,True,,True,1221,2804.0,1542.0,81.84176394293125,,,,,"[0, 3, 4, 1, 2]",data/results/direct_smtwtp_final/smtwtp/smtwtp_n5_inst2_run6.json
main,SMTWTP,Direct,5,smtwtp_n5_inst2,7,True,,True,1569,1569.0,1542.0,1.7509727626459144,,,,,"[2, 0, 3, 4, 1]",data/results/direct_smtwtp_final/smtwtp/smtwtp_n5_inst2_run7.json
main,SMTWTP,Direct,5,smtwtp_n5_inst2,8,True,,True,1542,1542.0,1542.0,0.0,,,,,"[2, 3, 0, 4, 1]",data/results/direct_smtwtp_final/smtwtp/smtwtp_n5_inst2_run8.json
main,SMTWTP,Direct,5,smtwtp_n5_inst2,9,True,,True,1221,1569.0,1542.0,1.7509727626459144,,,,,"[2, 0, 3, 4, 1]",data/results/direct_smtwtp_final/smtwtp/smtwtp_n5_inst2_run9.json
main,SMTWTP,Direct,5,smtwtp_n5_inst3,1,True,,True,222,182.0,182.0,0.0,,,,,"[0, 2, 1, 4, 3]",data/results/direct_smtwtp_final/smtwtp/smtwtp_n5_inst3_run1.json
main,SMTWTP,Direct,5,smtwtp_n5_inst3,10,True,,True,104,182.0,182.0,0.0,,,,,"[0, 2, 1, 4, 3]",data/results/direct_smtwtp_final/smtwtp/smtwtp_n5_inst3_run10.json
main,SMTWTP,Direct,5,smtwtp_n5_inst3,2,True,,True,328,328.0,182.0,80.21978021978022,,,,,"[1, 2, 4, 0, 3]",data/results/direct_smtwtp_final/smtwtp/smtwtp_n5_inst3_run2.json
main,SMTWTP,Direct,5,smtwtp_n5_inst3,3,True,,True,182,182.0,182.0,0.0,,,,,"[0, 2, 1, 4, 3]",data/results/direct_smtwtp_final/smtwtp/smtwtp_n5_inst3_run3.json
main,SMTWTP,Direct,5,smtwtp_n5_inst3,4,True,,True,222,182.0,182.0,0.0,,,,,"[0, 2, 1, 4, 3]",data/results/direct_smtwtp_final/smtwtp/smtwtp_n5_inst3_run4.json
main,SMTWTP,Direct,5,smtwtp_n5_inst3,5,True,,True,366,182.0,182.0,0.0,,,,,"[0, 2, 1, 4, 3]",data/results/direct_smtwtp_final/smtwtp/smtwtp_n5_inst3_run5.json
main,SMTWTP,Direct,5,smtwtp_n5_inst3,6,True,,True,328,328.0,182.0,80.21978021978022,,,,,"[1, 2, 4, 0, 3]",data/results/direct_smtwtp_final/smtwtp/smtwtp_n5_inst3_run6.json
main,SMTWTP,Direct,5,smtwtp_n5_inst3,7,True,,True,404,182.0,182.0,0.0,,,,,"[0, 2, 1, 4, 3]",data/results/direct_smtwtp_final/smtwtp/smtwtp_n5_inst3_run7.json
main,SMTWTP,Direct,5,smtwtp_n5_inst3,8,True,,True,292,182.0,182.0,0.0,,,,,"[0, 2, 1, 4, 3]",data/results/direct_smtwtp_final/smtwtp/smtwtp_n5_inst3_run8.json
main,SMTWTP,Direct,5,smtwtp_n5_inst3,9,True,,True,222,182.0,182.0,0.0,,,,,"[0, 2, 1, 4, 3]",data/results/direct_smtwtp_final/smtwtp/smtwtp_n5_inst3_run9.json
main,SMTWTP,Direct,5,smtwtp_n5_inst4,1,True,,True,1089,1085.0,552.0,96.55797101449275,,,,,"[0, 2, 4, 3, 1]",data/results/direct_smtwtp_final/smtwtp/smtwtp_n5_inst4_run1.json
main,SMTWTP,Direct,5,smtwtp_n5_inst4,10,True,,True,1089,1085.0,552.0,96.55797101449275,,,,,"[0, 2, 4, 3, 1]",data/results/direct_smtwtp_final/smtwtp/smtwtp_n5_inst4_run10.json
main,SMTWTP,Direct,5,smtwtp_n5_inst4,2,True,,True,1089,1085.0,552.0,96.55797101449275,,,,,"[0, 2, 4, 3, 1]",data/results/direct_smtwtp_final/smtwtp/smtwtp_n5_inst4_run2.json
main,SMTWTP,Direct,5,smtwtp_n5_inst4,3,True,,True,552,552.0,552.0,0.0,,,,,"[0, 2, 1, 4, 3]",data/results/direct_smtwtp_final/smtwtp/smtwtp_n5_inst4_run3.json
main,SMTWTP,Direct,5,smtwtp_n5_inst4,4,True,,True,552,552.0,552.0,0.0,,,,,"[0, 2, 1, 4, 3]",data/results/direct_smtwtp_final/smtwtp/smtwtp_n5_inst4_run4.json
main,SMTWTP,Direct,5,smtwtp_n5_inst4,5,True,,True,1119,1119.0,552.0,102.71739130434783,,,,,"[2, 0, 3, 4, 1]",data/results/direct_smtwtp_final/smtwtp/smtwtp_n5_inst4_run5.json
main,SMTWTP,Direct,5,smtwtp_n5_inst4,6,True,,True,734,734.0,552.0,32.971014492753625,,,,,"[0, 2, 4, 1, 3]",data/results/direct_smtwtp_final/smtwtp/smtwtp_n5_inst4_run6.json
main,SMTWTP,Direct,5,smtwtp_n5_inst4,7,True,,True,1089,1085.0,552.0,96.55797101449275,,,,,"[0, 2, 4, 3, 1]",data/results/direct_smtwtp_final/smtwtp/smtwtp_n5_inst4_run7.json
main,SMTWTP,Direct,5,smtwtp_n5_inst4,8,True,,True,552,552.0,552.0,0.0,,,,,"[0, 2, 1, 4, 3]",data/results/direct_smtwtp_final/smtwtp/smtwtp_n5_inst4_run8.json
main,SMTWTP,Direct,5,smtwtp_n5_inst4,9,True,,True,734,734.0,552.0,32.971014492753625,,,,,"[0, 2, 4, 1, 3]",data/results/direct_smtwtp_final/smtwtp/smtwtp_n5_inst4_run9.json
main,SMTWTP,Code-Based,10,smtwtp_n10_inst0,1,True,,True,5645.0,5253.0,2895.0,81.45077720207254,,,,1.0,"[8, 3, 7, 4, 0, 2, 5, 9, 6, 1]",data/results/code_based_debug5/smtwtp/smtwtp_n10_inst0_run1.json
main,SMTWTP,Code-Based,10,smtwtp_n10_inst0,10,True,,True,2750.0,2895.0,2895.0,0.0,,,,1.0,"[4, 6, 5, 7, 3, 8, 0, 1, 2, 9]",data/results/code_based_debug5/smtwtp/smtwtp_n10_inst0_run10.json
main,SMTWTP,Code-Based,10,smtwtp_n10_inst0,2,True,,True,5645.0,5253.0,2895.0,81.45077720207254,,,,1.0,"[8, 3, 7, 4, 0, 2, 5, 9, 6, 1]",data/results/code_based_debug5/smtwtp/smtwtp_n10_inst0_run2.json
main,SMTWTP,Code-Based,10,smtwtp_n10_inst0,3,True,,True,5645.0,5253.0,2895.0,81.45077720207254,,,,0.0,"[8, 3, 7, 4, 0, 2, 5, 9, 6, 1]",data/results/code_based_debug5/smtwtp/smtwtp_n10_inst0_run3.json
main,SMTWTP,Code-Based,10,smtwtp_n10_inst0,4,True,,True,5645.0,5582.0,2895.0,92.81519861830742,,,,1.0,"[0, 8, 3, 7, 4, 2, 5, 9, 6, 1]",data/results/code_based_debug5/smtwtp/smtwtp_n10_inst0_run4.json
main,SMTWTP,Code-Based,10,smtwtp_n10_inst0,5,True,,True,5645.0,5253.0,2895.0,81.45077720207254,,,,2.0,"[8, 3, 7, 4, 0, 2, 5, 9, 6, 1]",data/results/code_based_debug5/smtwtp/smtwtp_n10_inst0_run5.json
main,SMTWTP,Code-Based,10,smtwtp_n10_inst0,6,True,,True,0.0,7856.0,2895.0,171.3644214162349,,,,1.0,"[0, 1, 2, 3, 4, 5, 6, 7, 8, 9]",data/results/code_based_debug5/smtwtp/smtwtp_n10_inst0_run6.json
main,SMTWTP,Code-Based,10,smtwtp_n10_inst0,7,True,,True,5645.0,5253.0,2895.0,81.45077720207254,,,,1.0,"[8, 3, 7, 4, 0, 2, 5, 9, 6, 1]",data/results/code_based_debug5/smtwtp/smtwtp_n10_inst0_run7.json
main,SMTWTP,Code-Based,10,smtwtp_n10_inst0,8,True,,True,5645.0,5253.0,2895.0,81.45077720207254,,,,0.0,"[8, 3, 7, 4, 0, 2, 5, 9, 6, 1]",data/results/code_based_debug5/smtwtp/smtwtp_n10_inst0_run8.json
main,SMTWTP,Code-Based,10,smtwtp_n10_inst0,9,True,,True,5645.0,5582.0,2895.0,92.81519861830742,,,,2.0,"[0, 8, 3, 7, 4, 2, 5, 9, 6, 1]",data/results/code_based_debug5/smtwtp/smtwtp_n10_inst0_run9.json
main,SMTWTP,Code-Based,10,smtwtp_n10_inst1,1,True,,True,4660.0,4262.0,2273.0,87.5054993400792,,,,1.0,"[1, 4, 2, 5, 0, 9, 3, 8, 7, 6]",data/results/code_based_debug5/smtwtp/smtwtp_n10_inst1_run1.json
main,SMTWTP,Code-Based,10,smtwtp_n10_inst1,10,True,,True,0.0,5271.0,2273.0,131.89617245930486,,,,0.0,"[0, 1, 2, 3, 4, 5, 6, 7, 8, 9]",data/results/code_based_debug5/smtwtp/smtwtp_n10_inst1_run10.json
main,SMTWTP,Code-Based,10,smtwtp_n10_inst1,2,True,,True,1997.0,2285.0,2273.0,0.5279366476022878,,,,1.0,"[""5"", ""4"", ""2"", ""8"", ""7"", ""1"", ""3"", ""0"", ""6"", ""9""]",data/results/code_based_debug5/smtwtp/smtwtp_n10_inst1_run2.json
main,SMTWTP,Code-Based,10,smtwtp_n10_inst1,3,True,,True,0.0,3325.0,2273.0,46.282446106467226,,,,0.0,"[5, 4, 2, 8, 9, 6, 7, 1, 3, 0]",data/results/code_based_debug5/smtwtp/smtwtp_n10_inst1_run3.json
main,SMTWTP,Code-Based,10,smtwtp_n10_inst1,4,True,,True,0.0,3325.0,2273.0,46.282446106467226,,,,0.0,"[5, 4, 2, 8, 9, 6, 7, 1, 3, 0]",data/results/code_based_debug5/smtwtp/smtwtp_n10_inst1_run4.json
main,SMTWTP,Code-Based,10,smtwtp_n10_inst1,5,True,,True,4660.0,4262.0,2273.0,87.5054993400792,,,,2.0,"[1, 4, 2, 5, 0, 9, 3, 8, 7, 6]",data/results/code_based_debug5/smtwtp/smtwtp_n10_inst1_run5.json
main,SMTWTP,Code-Based,10,smtwtp_n10_inst1,6,True,,True,0.0,5271.0,2273.0,131.89617245930486,,,,0.0,"[0, 1, 2, 3, 4, 5, 6, 7, 8, 9]",data/results/code_based_debug5/smtwtp/smtwtp_n10_inst1_run6.json
main,SMTWTP,Code-Based,10,smtwtp_n10_inst1,7,True,,True,0.0,3325.0,2273.0,46.282446106467226,,,,0.0,"[5, 4, 2, 8, 9, 6, 7, 1, 3, 0]",data/results/code_based_debug5/smtwtp/smtwtp_n10_inst1_run7.json
main,SMTWTP,Code-Based,10,smtwtp_n10_inst1,8,True,,True,0.0,5271.0,2273.0,131.89617245930486,,,,0.0,"[0, 1, 2, 3, 4, 5, 6, 7, 8, 9]",data/results/code_based_debug5/smtwtp/smtwtp_n10_inst1_run8.json
main,SMTWTP,Code-Based,10,smtwtp_n10_inst1,9,True,,True,0.0,5271.0,2273.0,131.89617245930486,,,,0.0,"[0, 1, 2, 3, 4, 5, 6, 7, 8, 9]",data/results/code_based_debug5/smtwtp/smtwtp_n10_inst1_run9.json
main,SMTWTP,Code-Based,10,smtwtp_n10_inst2,1,True,,True,0.0,3030.0,403.0,651.8610421836228,,,,0.0,"[0, 1, 2, 3, 4, 5, 6, 7, 8, 9]",data/results/code_based_debug5/smtwtp/smtwtp_n10_inst2_run1.json
main,SMTWTP,Code-Based,10,smtwtp_n10_inst2,10,True,,True,0.0,2600.0,403.0,545.1612903225806,,,,1.0,"[1, 0, 6, 9, 5, 2, 3, 8, 7, 4]",data/results/code_based_debug5/smtwtp/smtwtp_n10_inst2_run10.json
main,SMTWTP,Code-Based,10,smtwtp_n10_inst2,2,True,,True,0.0,403.0,403.0,0.0,,,,0.0,"[8, 9, 7, 5, 3, 0, 1, 6, 2, 4]",data/results/code_based_debug5/smtwtp/smtwtp_n10_inst2_run2.json
main,SMTWTP,Code-Based,10,smtwtp_n10_inst2,3,True,,True,0,403.0,403.0,0.0,,,,1.0,"[8, 9, 7, 5, 3, 0, 1, 6, 2, 4]",data/results/code_based_debug5/smtwtp/smtwtp_n10_inst2_run3.json
main,SMTWTP,Code-Based,10,smtwtp_n10_inst2,4,True,,True,0.0,403.0,403.0,0.0,,,,0.0,"[8, 9, 7, 5, 3, 0, 1, 6, 2, 4]",data/results/code_based_debug5/smtwtp/smtwtp_n10_inst2_run4.json
main,SMTWTP,Code-Based,10,smtwtp_n10_inst2,5,True,,True,0.0,3030.0,403.0,651.8610421836228,,,,0.0,"[0, 1, 2, 3, 4, 5, 6, 7, 8, 9]",data/results/code_based_debug5/smtwtp/smtwtp_n10_inst2_run5.json
main,SMTWTP,Code-Based,10,smtwtp_n10_inst2,6,True,,True,1995.0,687.0,403.0,70.47146401985111,,,,2.0,"[0, 6, 5, 7, 8, 3, 1, 2, 9, 4]",data/results/code_based_debug5/smtwtp/smtwtp_n10_inst2_run6.json
main,SMTWTP,Code-Based,10,smtwtp_n10_inst2,7,False,execution_error,False,,,403.0,,,,,5.0,,data/results/code_based_debug5/smtwtp/smtwtp_n10_inst2_run7.json
main,SMTWTP,Code-Based,10,smtwtp_n10_inst2,8,True,,True,0.0,2600.0,403.0,545.1612903225806,,,,1.0,"[1, 0, 6, 9, 5, 2, 3, 8, 7, 4]",data/results/code_based_debug5/smtwtp/smtwtp_n10_inst2_run8.json
main,SMTWTP,Code-Based,10,smtwtp_n10_inst2,9,True,,True,1995.0,678.0,403.0,68.23821339950372,,,,2.0,"[7, 6, 5, 3, 8, 0, 1, 2, 9, 4]",data/results/code_based_debug5/smtwtp/smtwtp_n10_inst2_run9.json
main,SMTWTP,Code-Based,10,smtwtp_n10_inst3,1,True,,True,0.0,5044.0,856.0,489.25233644859816,,,,0.0,"[0, 1, 2, 3, 4, 5, 6, 7, 8, 9]",data/results/code_based_debug5/smtwtp/smtwtp_n10_inst3_run1.json
main,SMTWTP,Code-Based,10,smtwtp_n10_inst3,10,True,,True,0.0,5044.0,856.0,489.25233644859816,,,,0.0,"[0, 1, 2, 3, 4, 5, 6, 7, 8, 9]",data/results/code_based_debug5/smtwtp/smtwtp_n10_inst3_run10.json
main,SMTWTP,Code-Based,10,smtwtp_n10_inst3,2,True,,True,0.0,5044.0,856.0,489.25233644859816,,,,0.0,"[0, 1, 2, 3, 4, 5, 6, 7, 8, 9]",data/results/code_based_debug5/smtwtp/smtwtp_n10_inst3_run2.json
main,SMTWTP,Code-Based,10,smtwtp_n10_inst3,3,True,,True,3066.0,3084.0,856.0,260.2803738317757,,,,1.0,"[6, 4, 7, 3, 9, 0, 1, 2, 8, 5]",data/results/code_based_debug5/smtwtp/smtwtp_n10_inst3_run3.json
main,SMTWTP,Code-Based,10,smtwtp_n10_inst3,4,True,,True,424.0,856.0,856.0,0.0,,,,0.0,"[""0"", ""4"", ""6"", ""2"", ""3"", ""8"", ""7"", ""9"", ""5"", ""1""]",data/results/code_based_debug5/smtwtp/smtwtp_n10_inst3_run4.json
main,SMTWTP,Code-Based,10,smtwtp_n10_inst3,5,True,,True,3066.0,3084.0,856.0,260.2803738317757,,,,0.0,"[6, 4, 7, 3, 9, 0, 1, 2, 8, 5]",data/results/code_based_debug5/smtwtp/smtwtp_n10_inst3_run5.json
main,SMTWTP,Code-Based,10,smtwtp_n10_inst3,6,True,,True,0.0,5044.0,856.0,489.25233644859816,,,,1.0,"[0, 1, 2, 3, 4, 5, 6, 7, 8, 9]",data/results/code_based_debug5/smtwtp/smtwtp_n10_inst3_run6.json
main,SMTWTP,Code-Based,10,smtwtp_n10_inst3,7,True,,True,424.0,856.0,856.0,0.0,,,,0.0,"[""0"", ""4"", ""6"", ""2"", ""3"", ""8"", ""7"", ""9"", ""5"", ""1""]",data/results/code_based_debug5/smtwtp/smtwtp_n10_inst3_run7.json
main,SMTWTP,Code-Based,10,smtwtp_n10_inst3,8,True,,True,424.0,856.0,856.0,0.0,,,,0.0,"[""0"", ""4"", ""6"", ""2"", ""3"", ""8"", ""7"", ""9"", ""5"", ""1""]",data/results/code_based_debug5/smtwtp/smtwtp_n10_inst3_run8.json
main,SMTWTP,Code-Based,10,smtwtp_n10_inst3,9,True,,True,0.0,5044.0,856.0,489.25233644859816,,,,1.0,"[0, 1, 2, 3, 4, 5, 6, 7, 8, 9]",data/results/code_based_debug5/smtwtp/smtwtp_n10_inst3_run9.json
main,SMTWTP,Code-Based,10,smtwtp_n10_inst4,1,True,,True,0.0,4631.0,1865.0,148.31099195710456,,,,1.0,"[0, 1, 2, 3, 4, 5, 6, 7, 8, 9]",data/results/code_based_debug5/smtwtp/smtwtp_n10_inst4_run1.json
main,SMTWTP,Code-Based,10,smtwtp_n10_inst4,10,True,,True,0.0,4631.0,1865.0,148.31099195710456,,,,0.0,"[0, 1, 2, 3, 4, 5, 6, 7, 8, 9]",data/results/code_based_debug5/smtwtp/smtwtp_n10_inst4_run10.json
main,SMTWTP,Code-Based,10,smtwtp_n10_inst4,2,True,,True,0.0,4631.0,1865.0,148.31099195710456,,,,1.0,"[0, 1, 2, 3, 4, 5, 6, 7, 8, 9]",data/results/code_based_debug5/smtwtp/smtwtp_n10_inst4_run2.json
main,SMTWTP,Code-Based,10,smtwtp_n10_inst4,3,True,,True,2925.0,4274.0,1865.0,129.16890080428956,,,,1.0,"[4, 0, 7, 9, 6, 5, 2, 1, 3, 8]",data/results/code_based_debug5/smtwtp/smtwtp_n10_inst4_run3.json
main,SMTWTP,Code-Based,10,smtwtp_n10_inst4,4,True,,True,0.0,4631.0,1865.0,148.31099195710456,,,,1.0,"[0, 1, 2, 3, 4, 5, 6, 7, 8, 9]",data/results/code_based_debug5/smtwtp/smtwtp_n10_inst4_run4.json
main,SMTWTP,Code-Based,10,smtwtp_n10_inst4,5,True,,True,0.0,4631.0,1865.0,148.31099195710456,,,,0.0,"[0, 1, 2, 3, 4, 5, 6, 7, 8, 9]",data/results/code_based_debug5/smtwtp/smtwtp_n10_inst4_run5.json
main,SMTWTP,Code-Based,10,smtwtp_n10_inst4,6,True,,True,0.0,4631.0,1865.0,148.31099195710456,,,,0.0,"[0, 1, 2, 3, 4, 5, 6, 7, 8, 9]",data/results/code_based_debug5/smtwtp/smtwtp_n10_inst4_run6.json
main,SMTWTP,Code-Based,10,smtwtp_n10_inst4,7,True,,True,0.0,4631.0,1865.0,148.31099195710456,,,,1.0,"[0, 1, 2, 3, 4, 5, 6, 7, 8, 9]",data/results/code_based_debug5/smtwtp/smtwtp_n10_inst4_run7.json
main,SMTWTP,Code-Based,10,smtwtp_n10_inst4,8,True,,True,0.0,2991.0,1865.0,60.375335120643435,,,,0.0,"[4, 2, 1, 7, 8, 5, 6, 3, 9, 0]",data/results/code_based_debug5/smtwtp/smtwtp_n10_inst4_run8.json
main,SMTWTP,Code-Based,10,smtwtp_n10_inst4,9,True,,True,0.0,4631.0,1865.0,148.31099195710456,,,,1.0,"[0, 1, 2, 3, 4, 5, 6, 7, 8, 9]",data/results/code_based_debug5/smtwtp/smtwtp_n10_inst4_run9.json
main,SMTWTP,Code-Based,15,smtwtp_n15_inst0,1,True,,True,1248.0,1778.0,1645.0,8.085106382978724,,,,1.0,"[""13"", ""9"", ""14"", ""7"", ""12"", ""0"", ""10"", ""2"", ""6"", ""1"", ""4"", ""3"", ""8"", ""11"", ""5""]",data/results/code_based_debug5/smtwtp/smtwtp_n15_inst0_run1.json
main,SMTWTP,Code-Based,15,smtwtp_n15_inst0,10,True,,True,1248.0,1778.0,1645.0,8.085106382978724,,,,0.0,"[""13"", ""9"", ""14"", ""7"", ""12"", ""0"", ""10"", ""2"", ""6"", ""1"", ""4"", ""3"", ""8"", ""11"", ""5""]",data/results/code_based_debug5/smtwtp/smtwtp_n15_inst0_run10.json
main,SMTWTP,Code-Based,15,smtwtp_n15_inst0,2,True,,True,1248.0,1778.0,1645.0,8.085106382978724,,,,1.0,"[""13"", ""9"", ""14"", ""7"", ""12"", ""0"", ""10"", ""2"", ""6"", ""1"", ""4"", ""3"", ""8"", ""11"", ""5""]",data/results/code_based_debug5/smtwtp/smtwtp_n15_inst0_run2.json
main,SMTWTP,Code-Based,15,smtwtp_n15_inst0,3,True,,True,0.0,12850.0,1645.0,681.1550151975684,,,,0.0,"[0, 1, 2, 3, 4, 5, 6, 7, 8, 9, 10, 11, 12, 13, 14]",data/results/code_based_debug5/smtwtp/smtwtp_n15_inst0_run3.json
main,SMTWTP,Code-Based,15,smtwtp_n15_inst0,4,True,,True,1248.0,1778.0,1645.0,8.085106382978724,,,,0.0,"[""13"", ""9"", ""14"", ""7"", ""12"", ""0"", ""10"", ""2"", ""6"", ""1"", ""4"", ""3"", ""8"", ""11"", ""5""]",data/results/code_based_debug5/smtwtp/smtwtp_n15_inst0_run4.json
main,SMTWTP,Code-Based,15,smtwtp_n15_inst0,5,True,,True,1248.0,1778.0,1645.0,8.085106382978724,,,,1.0,"[""13"", ""9"", ""14"", ""7"", ""12"", ""0"", ""10"", ""2"", ""6"", ""1"", ""4"", ""3"", ""8"", ""11"", ""5""]",data/results/code_based_debug5/smtwtp/smtwtp_n15_inst0_run5.json
main,SMTWTP,Code-Based,15,smtwtp_n15_inst0,6,True,,True,0.0,12850.0,1645.0,681.1550151975684,,,,0.0,"[0, 1, 2, 3, 4, 5, 6, 7, 8, 9, 10, 11, 12, 13, 14]",data/results/code_based_debug5/smtwtp/smtwtp_n15_inst0_run6.json
main,SMTWTP,Code-Based,15,smtwtp_n15_inst0,7,True,,True,0.0,12850.0,1645.0,681.1550151975684,,,,0.0,"[0, 1, 2, 3, 4, 5, 6, 7, 8, 9, 10, 11, 12, 13, 14]",data/results/code_based_debug5/smtwtp/smtwtp_n15_inst0_run7.json
main,SMTWTP,Code-Based,15,smtwtp_n15_inst0,8,True,,True,1248.0,1778.0,1645.0,8.085106382978724,,,,0.0,"[""13"", ""9"", ""14"", ""7"", ""12"", ""0"", ""10"", ""2"", ""6"", ""1"", ""4"", ""3"", ""8"", ""11"", ""5""]",data/results/code_based_debug5/smtwtp/smtwtp_n15_inst0_run8.json
main,SMTWTP,Code-Based,15,smtwtp_n15_inst0,9,True,,True,1248.0,1778.0,1645.0,8.085106382978724,,,,0.0,"[""13"", ""9"", ""14"", ""7"", ""12"", ""0"", ""10"", ""2"", ""6"", ""1"", ""4"", ""3"", ""8"", ""11"", ""5""]",data/results/code_based_debug5/smtwtp/smtwtp_n15_inst0_run9.json
main,SMTWTP,Code-Based,15,smtwtp_n15_inst1,1,True,,True,476.0,3235.0,2700.0,19.814814814814817,,,,0.0,"[""3"", ""13"", ""10"", ""9"", ""12"", ""4"", ""11"", ""1"", ""14"", ""2"", ""6"", ""5"", ""8"", ""0"", ""7""]",data/results/code_based_debug5/smtwtp/smtwtp_n15_inst1_run1.json
main,SMTWTP,Code-Based,15,smtwtp_n15_inst1,10,True,,True,476.0,3235.0,2700.0,19.814814814814817,,,,1.0,"[""3"", ""13"", ""10"", ""9"", ""12"", ""4"", ""11"", ""1"", ""14"", ""2"", ""6"", ""5"", ""8"", ""0"", ""7""]",data/results/code_based_debug5/smtwtp/smtwtp_n15_inst1_run10.json
main,SMTWTP,Code-Based,15,smtwtp_n15_inst1,2,True,,True,476.0,3235.0,2700.0,19.814814814814817,,,,0.0,"[""3"", ""13"", ""10"", ""9"", ""12"", ""4"", ""11"", ""1"", ""14"", ""2"", ""6"", ""5"", ""8"", ""0"", ""7""]",data/results/code_based_debug5/smtwtp/smtwtp_n15_inst1_run2.json
main,SMTWTP,Code-Based,15,smtwtp_n15_inst1,3,True,,True,9227.0,7049.0,2700.0,161.07407407407408,,,,1.0,"[11, 1, 4, 9, 6, 3, 7, 10, 12, 8, 5, 2, 0, 13, 14]",data/results/code_based_debug5/smtwtp/smtwtp_n15_inst1_run3.json
main,SMTWTP,Code-Based,15,smtwtp_n15_inst1,4,True,,True,476.0,3235.0,2700.0,19.814814814814817,,,,1.0,"[""3"", ""13"", ""10"", ""9"", ""12"", ""4"", ""11"", ""1"", ""14"", ""2"", ""6"", ""5"", ""8"", ""0"", ""7""]",data/results/code_based_debug5/smtwtp/smtwtp_n15_inst1_run4.json
main,SMTWTP,Code-Based,15,smtwtp_n15_inst1,5,True,,True,476.0,3235.0,2700.0,19.814814814814817,,,,1.0,"[""3"", ""13"", ""10"", ""9"", ""12"", ""4"", ""11"", ""1"", ""14"", ""2"", ""6"", ""5"", ""8"", ""0"", ""7""]",data/results/code_based_debug5/smtwtp/smtwtp_n15_inst1_run5.json
main,SMTWTP,Code-Based,15,smtwtp_n15_inst1,6,True,,True,476.0,3235.0,2700.0,19.814814814814817,,,,1.0,"[""3"", ""13"", ""10"", ""9"", ""12"", ""4"", ""11"", ""1"", ""14"", ""2"", ""6"", ""5"", ""8"", ""0"", ""7""]",data/results/code_based_debug5/smtwtp/smtwtp_n15_inst1_run6.json
main,SMTWTP,Code-Based,15,smtwtp_n15_inst1,7,True,,True,476.0,3235.0,2700.0,19.814814814814817,,,,1.0,"[""3"", ""13"", ""10"", ""9"", ""12"", ""4"", ""11"", ""1"", ""14"", ""2"", ""6"", ""5"", ""8"", ""0"", ""7""]",data/results/code_based_debug5/smtwtp/smtwtp_n15_inst1_run7.json
main,SMTWTP,Code-Based,15,smtwtp_n15_inst1,8,True,,True,476.0,3235.0,2700.0,19.814814814814817,,,,0.0,"[""3"", ""13"", ""10"", ""9"", ""12"", ""4"", ""11"", ""1"", ""14"", ""2"", ""6"", ""5"", ""8"", ""0"", ""7""]",data/results/code_based_debug5/smtwtp/smtwtp_n15_inst1_run8.json
main,SMTWTP,Code-Based,15,smtwtp_n15_inst1,9,True,,True,9227.0,12928.0,2700.0,378.8148148148148,,,,1.0,"[0, 1, 2, 3, 4, 5, 6, 7, 8, 9, 10, 11, 12, 13, 14]",data/results/code_based_debug5/smtwtp/smtwtp_n15_inst1_run9.json
main,SMTWTP,Code-Based,15,smtwtp_n15_inst2,1,True,,True,3637.0,4251.0,3953.0,7.538578294965849,,,,1.0,"[""0"", ""11"", ""4"", ""6"", ""13"", ""3"", ""10"", ""1"", ""9"", ""14"", ""8"", ""12"", ""7"", ""5"", ""2""]",data/results/code_based_debug5/smtwtp/smtwtp_n15_inst2_run1.json
main,SMTWTP,Code-Based,15,smtwtp_n15_inst2,10,True,,True,3637.0,4251.0,3953.0,7.538578294965849,,,,0.0,"[""0"", ""11"", ""4"", ""6"", ""13"", ""3"", ""10"", ""1"", ""9"", ""14"", ""8"", ""12"", ""7"", ""5"", ""2""]",data/results/code_based_debug5/smtwtp/smtwtp_n15_inst2_run10.json
main,SMTWTP,Code-Based,15,smtwtp_n15_inst2,2,True,,True,3637.0,4251.0,3953.0,7.538578294965849,,,,1.0,"[""0"", ""11"", ""4"", ""6"", ""13"", ""3"", ""10"", ""1"", ""9"", ""14"", ""8"", ""12"", ""7"", ""5"", ""2""]",data/results/code_based_debug5/smtwtp/smtwtp_n15_inst2_run2.json
main,SMTWTP,Code-Based,15,smtwtp_n15_inst2,3,True,,True,3637.0,4251.0,3953.0,7.538578294965849,,,,0.0,"[""0"", ""11"", ""4"", ""6"", ""13"", ""3"", ""10"", ""1"", ""9"", ""14"", ""8"", ""12"", ""7"", ""5"", ""2""]",data/results/code_based_debug5/smtwtp/smtwtp_n15_inst2_run3.json
main,SMTWTP,Code-Based,15,smtwtp_n15_inst2,4,True,,True,7318.0,13177.0,3953.0,233.34176574753354,,,,1.0,"[""0"", ""1"", ""2"", ""3"", ""4"", ""5"", ""6"", ""7"", ""8"", ""9"", ""10"", ""11"", ""12"", ""13"", ""14""]",data/results/code_based_debug5/smtwtp/smtwtp_n15_inst2_run4.json
main,SMTWTP,Code-Based,15,smtwtp_n15_inst2,5,True,,True,36.0,13177.0,3953.0,233.34176574753354,,,,0.0,"[0, 1, 2, 3, 4, 5, 6, 7, 8, 9, 10, 11, 12, 13, 14]",data/results/code_based_debug5/smtwtp/smtwtp_n15_inst2_run5.json
main,SMTWTP,Code-Based,15,smtwtp_n15_inst2,6,True,,True,3637.0,4251.0,3953.0,7.538578294965849,,,,0.0,"[""0"", ""11"", ""4"", ""6"", ""13"", ""3"", ""10"", ""1"", ""9"", ""14"", ""8"", ""12"", ""7"", ""5"", ""2""]",data/results/code_based_debug5/smtwtp/smtwtp_n15_inst2_run6.json
main,SMTWTP,Code-Based,15,smtwtp_n15_inst2,7,True,,True,3637.0,4251.0,3953.0,7.538578294965849,,,,0.0,"[""0"", ""11"", ""4"", ""6"", ""13"", ""3"", ""10"", ""1"", ""9"", ""14"", ""8"", ""12"", ""7"", ""5"", ""2""]",data/results/code_based_debug5/smtwtp/smtwtp_n15_inst2_run7.json
main,SMTWTP,Code-Based,15,smtwtp_n15_inst2,8,False,execution_error,False,,,3953.0,,,,,5.0,,data/results/code_based_debug5/smtwtp/smtwtp_n15_inst2_run8.json
main,SMTWTP,Code-Based,15,smtwtp_n15_inst2,9,True,,True,3637.0,4251.0,3953.0,7.538578294965849,,,,0.0,"[""0"", ""11"", ""4"", ""6"", ""13"", ""3"", ""10"", ""1"", ""9"", ""14"", ""8"", ""12"", ""7"", ""5"", ""2""]",data/results/code_based_debug5/smtwtp/smtwtp_n15_inst2_run9.json
main,SMTWTP,Code-Based,15,smtwtp_n15_inst3,1,True,,True,938.0,3621.0,2516.0,43.91891891891892,,,,0.0,"[""3"", ""10"", ""8"", ""6"", ""1"", ""0"", ""14"", ""13"", ""4"", ""12"", ""9"", ""5"", ""2"", ""7"", ""11""]",data/results/code_based_debug5/smtwtp/smtwtp_n15_inst3_run1.json
main,SMTWTP,Code-Based,15,smtwtp_n15_inst3,10,True,,True,938.0,3621.0,2516.0,43.91891891891892,,,,1.0,"[""3"", ""10"", ""8"", ""6"", ""1"", ""0"", ""14"", ""13"", ""4"", ""12"", ""9"", ""5"", ""2"", ""7"", ""11""]",data/results/code_based_debug5/smtwtp/smtwtp_n15_inst3_run10.json
main,SMTWTP,Code-Based,15,smtwtp_n15_inst3,2,True,,True,0.0,7299.0,2516.0,190.1033386327504,,,,1.0,"[6, 2, 10, 0, 5, 3, 12, 1, 8, 7, 13, 11, 4, 9, 14]",data/results/code_based_debug5/smtwtp/smtwtp_n15_inst3_run2.json
main,SMTWTP,Code-Based,15,smtwtp_n15_inst3,3,True,,True,0.0,10055.0,2516.0,299.6422893481717,,,,0.0,"[0, 1, 2, 3, 4, 5, 6, 7, 8, 9, 10, 11, 12, 13, 14]",data/results/code_based_debug5/smtwtp/smtwtp_n15_inst3_run3.json
main,SMTWTP,Code-Based,15,smtwtp_n15_inst3,4,True,,True,938.0,3621.0,2516.0,43.91891891891892,,,,0.0,"[""3"", ""10"", ""8"", ""6"", ""1"", ""0"", ""14"", ""13"", ""4"", ""12"", ""9"", ""5"", ""2"", ""7"", ""11""]",data/results/code_based_debug5/smtwtp/smtwtp_n15_inst3_run4.json
main,SMTWTP,Code-Based,15,smtwtp_n15_inst3,5,True,,True,8631.0,10055.0,2516.0,299.6422893481717,,,,0.0,"[""0"", ""1"", ""2"", ""3"", ""4"", ""5"", ""6"", ""7"", ""8"", ""9"", ""10"", ""11"", ""12"", ""13"", ""14""]",data/results/code_based_debug5/smtwtp/smtwtp_n15_inst3_run5.json
main,SMTWTP,Code-Based,15,smtwtp_n15_inst3,6,True,,True,938.0,3621.0,2516.0,43.91891891891892,,,,1.0,"[""3"", ""10"", ""8"", ""6"", ""1"", ""0"", ""14"", ""13"", ""4"", ""12"", ""9"", ""5"", ""2"", ""7"", ""11""]",data/results/code_based_debug5/smtwtp/smtwtp_n15_inst3_run6.json
main,SMTWTP,Code-Based,15,smtwtp_n15_inst3,7,True,,True,938.0,3621.0,2516.0,43.91891891891892,,,,0.0,"[""3"", ""10"", ""8"", ""6"", ""1"", ""0"", ""14"", ""13"", ""4"", ""12"", ""9"", ""5"", ""2"", ""7"", ""11""]",data/results/code_based_debug5/smtwtp/smtwtp_n15_inst3_run7.json
main,SMTWTP,Code-Based,15,smtwtp_n15_inst3,8,True,,True,938.0,3621.0,2516.0,43.91891891891892,,,,0.0,"[""3"", ""10"", ""8"", ""6"", ""1"", ""0"", ""14"", ""13"", ""4"", ""12"", ""9"", ""5"", ""2"", ""7"", ""11""]",data/results/code_based_debug5/smtwtp/smtwtp_n15_inst3_run8.json
main,SMTWTP,Code-Based,15,smtwtp_n15_inst3,9,True,,True,0.0,10055.0,2516.0,299.6422893481717,,,,1.0,"[0, 1, 2, 3, 4, 5, 6, 7, 8, 9, 10, 11, 12, 13, 14]",data/results/code_based_debug5/smtwtp/smtwtp_n15_inst3_run9.json
main,SMTWTP,Code-Based,15,smtwtp_n15_inst4,1,True,,True,3867.0,5457.0,4920.0,10.914634146341463,,,,1.0,"[""11"", ""8"", ""3"", ""14"", ""1"", ""9"", ""13"", ""5"", ""12"", ""2"", ""7"", ""10"", ""6"", ""4"", ""0""]",data/results/code_based_debug5/smtwtp/smtwtp_n15_inst4_run1.json
main,SMTWTP,Code-Based,15,smtwtp_n15_inst4,10,False,execution_error,False,,,4920.0,,,,,5.0,,data/results/code_based_debug5/smtwtp/smtwtp_n15_inst4_run10.json
main,SMTWTP,Code-Based,15,smtwtp_n15_inst4,2,True,,True,3867.0,5457.0,4920.0,10.914634146341463,,,,1.0,"[""11"", ""8"", ""3"", ""14"", ""1"", ""9"", ""13"", ""5"", ""12"", ""2"", ""7"", ""10"", ""6"", ""4"", ""0""]",data/results/code_based_debug5/smtwtp/smtwtp_n15_inst4_run2.json
main,SMTWTP,Code-Based,15,smtwtp_n15_inst4,3,True,,True,3867.0,5457.0,4920.0,10.914634146341463,,,,0.0,"[""11"", ""8"", ""3"", ""14"", ""1"", ""9"", ""13"", ""5"", ""12"", ""2"", ""7"", ""10"", ""6"", ""4"", ""0""]",data/results/code_based_debug5/smtwtp/smtwtp_n15_inst4_run3.json
main,SMTWTP,Code-Based,15,smtwtp_n15_inst4,4,False,timeout,False,,,4920.0,,,,,5.0,,data/results/code_based_debug5/smtwtp/smtwtp_n15_inst4_run4.json
main,SMTWTP,Code-Based,15,smtwtp_n15_inst4,5,True,,True,3867.0,5457.0,4920.0,10.914634146341463,,,,1.0,"[""11"", ""8"", ""3"", ""14"", ""1"", ""9"", ""13"", ""5"", ""12"", ""2"", ""7"", ""10"", ""6"", ""4"", ""0""]",data/results/code_based_debug5/smtwtp/smtwtp_n15_inst4_run5.json
main,SMTWTP,Code-Based,15,smtwtp_n15_inst4,6,True,,True,3867.0,5457.0,4920.0,10.914634146341463,,,,1.0,"[""11"", ""8"", ""3"", ""14"", ""1"", ""9"", ""13"", ""5"", ""12"", ""2"", ""7"", ""10"", ""6"", ""4"", ""0""]",data/results/code_based_debug5/smtwtp/smtwtp_n15_inst4_run6.json
main,SMTWTP,Code-Based,15,smtwtp_n15_inst4,7,True,,True,3867.0,5457.0,4920.0,10.914634146341463,,,,0.0,"[""11"", ""8"", ""3"", ""14"", ""1"", ""9"", ""13"", ""5"", ""12"", ""2"", ""7"", ""10"", ""6"", ""4"", ""0""]",data/results/code_based_debug5/smtwtp/smtwtp_n15_inst4_run7.json
main,SMTWTP,Code-Based,15,smtwtp_n15_inst4,8,True,,True,15256.0,13809.0,4920.0,180.67073170731706,,,,2.0,"[5, 13, 10, 8, 3, 6, 1, 12, 0, 4, 11, 7, 14, 2, 9]",data/results/code_based_debug5/smtwtp/smtwtp_n15_inst4_run8.json
main,SMTWTP,Code-Based,15,smtwtp_n15_inst4,9,False,execution_error,False,,,4920.0,,,,,5.0,,data/results/code_based_debug5/smtwtp/smtwtp_n15_inst4_run9.json
main,SMTWTP,Code-Based,20,smtwtp_n20_inst0,1,True,,True,0.0,22298.0,4690.0,375.4371002132196,,,,0.0,"[0, 1, 2, 3, 4, 5, 6, 7, 8, 9, 10, 11, 12, 13, 14, 15, 16, 17, 18, 19]",data/results/code_based_debug5/smtwtp/smtwtp_n20_inst0_run1.json
main,SMTWTP,Code-Based,20,smtwtp_n20_inst0,10,True,,True,3676.0,5356.0,4690.0,14.200426439232409,,,,0.0,"[""3"", ""2"", ""8"", ""7"", ""18"", ""19"", ""16"", ""17"", ""11"", ""0"", ""5"", ""1"", ""15"", ""10"", ""4"", ""13"", ""12"", ""6"", ""9"", ""14""]",data/results/code_based_debug5/smtwtp/smtwtp_n20_inst0_run10.json
main,SMTWTP,Code-Based,20,smtwtp_n20_inst0,2,True,,True,0.0,22298.0,4690.0,375.4371002132196,,,,0.0,"[0, 1, 2, 3, 4, 5, 6, 7, 8, 9, 10, 11, 12, 13, 14, 15, 16, 17, 18, 19]",data/results/code_based_debug5/smtwtp/smtwtp_n20_inst0_run2.json
main,SMTWTP,Code-Based,20,smtwtp_n20_inst0,3,True,,True,0.0,22298.0,4690.0,375.4371002132196,,,,0.0,"[0, 1, 2, 3, 4, 5, 6, 7, 8, 9, 10, 11, 12, 13, 14, 15, 16, 17, 18, 19]",data/results/code_based_debug5/smtwtp/smtwtp_n20_inst0_run3.json
main,SMTWTP,Code-Based,20,smtwtp_n20_inst0,4,True,,True,0.0,22298.0,4690.0,375.4371002132196,,,,0.0,"[0, 1, 2, 3, 4, 5, 6, 7, 8, 9, 10, 11, 12, 13, 14, 15, 16, 17, 18, 19]",data/results/code_based_debug5/smtwtp/smtwtp_n20_inst0_run4.json
main,SMTWTP,Code-Based,20,smtwtp_n20_inst0,5,True,,True,0.0,22298.0,4690.0,375.4371002132196,,,,0.0,"[0, 1, 2, 3, 4, 5, 6, 7, 8, 9, 10, 11, 12, 13, 14, 15, 16, 17, 18, 19]",data/results/code_based_debug5/smtwtp/smtwtp_n20_inst0_run5.json
main,SMTWTP,Code-Based,20,smtwtp_n20_inst0,6,True,,True,0.0,22298.0,4690.0,375.4371002132196,,,,0.0,"[0, 1, 2, 3, 4, 5, 6, 7, 8, 9, 10, 11, 12, 13, 14, 15, 16, 17, 18, 19]",data/results/code_based_debug5/smtwtp/smtwtp_n20_inst0_run6.json
main,SMTWTP,Code-Based,20,smtwtp_n20_inst0,7,True,,True,0.0,22298.0,4690.0,375.4371002132196,,,,0.0,"[0, 1, 2, 3, 4, 5, 6, 7, 8, 9, 10, 11, 12, 13, 14, 15, 16, 17, 18, 19]",data/results/code_based_debug5/smtwtp/smtwtp_n20_inst0_run7.json
main,SMTWTP,Code-Based,20,smtwtp_n20_inst0,8,True,,True,0.0,22298.0,4690.0,375.4371002132196,,,,0.0,"[0, 1, 2, 3, 4, 5, 6, 7, 8, 9, 10, 11, 12, 13, 14, 15, 16, 17, 18, 19]",data/results/code_based_debug5/smtwtp/smtwtp_n20_inst0_run8.json
main,SMTWTP,Code-Based,20,smtwtp_n20_inst0,9,True,,True,0.0,22298.0,4690.0,375.4371002132196,,,,0.0,"[0, 1, 2, 3, 4, 5, 6, 7, 8, 9, 10, 11, 12, 13, 14, 15, 16, 17, 18, 19]",data/results/code_based_debug5/smtwtp/smtwtp_n20_inst0_run9.json
main,SMTWTP,Code-Based,20,smtwtp_n20_inst1,1,True,,True,0.0,25392.0,7139.0,255.6800672363076,,,,0.0,"[0, 1, 2, 3, 4, 5, 6, 7, 8, 9, 10, 11, 12, 13, 14, 15, 16, 17, 18, 19]",data/results/code_based_debug5/smtwtp/smtwtp_n20_inst1_run1.json
main,SMTWTP,Code-Based,20,smtwtp_n20_inst1,10,True,,True,5977.0,8423.0,7139.0,17.9857122846337,,,,1.0,"[""15"", ""9"", ""8"", ""11"", ""17"", ""3"", ""16"", ""4"", ""12"", ""13"", ""1"", ""19"", ""2"", ""0"", ""7"", ""14"", ""5"", ""18"", ""6"", ""10""]",data/results/code_based_debug5/smtwtp/smtwtp_n20_inst1_run10.json
main,SMTWTP,Code-Based,20,smtwtp_n20_inst1,2,False,execution_error,False,,,7139.0,,,,,5.0,,data/results/code_based_debug5/smtwtp/smtwtp_n20_inst1_run2.json
main,SMTWTP,Code-Based,20,smtwtp_n20_inst1,3,True,,True,20845.0,25392.0,7139.0,255.6800672363076,,,,0.0,"[0, 1, 2, 3, 4, 5, 6, 7, 8, 9, 10, 11, 12, 13, 14, 15, 16, 17, 18, 19]",data/results/code_based_debug5/smtwtp/smtwtp_n20_inst1_run3.json
main,SMTWTP,Code-Based,20,smtwtp_n20_inst1,4,True,,True,33338.0,18270.0,7139.0,155.9181958257459,,,,4.0,"[1, 4, 0, 11, 12, 8, 2, 14, 15, 6, 16, 19, 7, 17, 5, 18, 3, 10, 13, 9]",data/results/code_based_debug5/smtwtp/smtwtp_n20_inst1_run4.json
main,SMTWTP,Code-Based,20,smtwtp_n20_inst1,5,True,,True,0.0,25392.0,7139.0,255.6800672363076,,,,1.0,"[0, 1, 2, 3, 4, 5, 6, 7, 8, 9, 10, 11, 12, 13, 14, 15, 16, 17, 18, 19]",data/results/code_based_debug5/smtwtp/smtwtp_n20_inst1_run5.json
main,SMTWTP,Code-Based,20,smtwtp_n20_inst1,6,True,,True,5977.0,8423.0,7139.0,17.9857122846337,,,,1.0,"[""15"", ""9"", ""8"", ""11"", ""17"", ""3"", ""16"", ""4"", ""12"", ""13"", ""1"", ""19"", ""2"", ""0"", ""7"", ""14"", ""5"", ""18"", ""6"", ""10""]",data/results/code_based_debug5/smtwtp/smtwtp_n20_inst1_run6.json
main,SMTWTP,Code-Based,20,smtwtp_n20_inst1,7,False,execution_error,False,,,7139.0,,,,,5.0,,data/results/code_based_debug5/smtwtp/smtwtp_n20_inst1_run7.json
main,SMTWTP,Code-Based,20,smtwtp_n20_inst1,8,True,,True,5977.0,8423.0,7139.0,17.9857122846337,,,,0.0,"[""15"", ""9"", ""8"", ""11"", ""17"", ""3"", ""16"", ""4"", ""12"", ""13"", ""1"", ""19"", ""2"", ""0"", ""7"", ""14"", ""5"", ""18"", ""6"", ""10""]",data/results/code_based_debug5/smtwtp/smtwtp_n20_inst1_run8.json
main,SMTWTP,Code-Based,20,smtwtp_n20_inst1,9,True,,True,5977.0,8423.0,7139.0,17.9857122846337,,,,1.0,"[""15"", ""9"", ""8"", ""11"", ""17"", ""3"", ""16"", ""4"", ""12"", ""13"", ""1"", ""19"", ""2"", ""0"", ""7"", ""14"", ""5"", ""18"", ""6"", ""10""]",data/results/code_based_debug5/smtwtp/smtwtp_n20_inst1_run9.json
main,SMTWTP,Code-Based,20,smtwtp_n20_inst2,1,True,,True,0.0,25343.0,6002.0,322.24258580473173,,,,1.0,"[0, 1, 2, 3, 4, 5, 6, 7, 8, 9, 10, 11, 12, 13, 14, 15, 16, 17, 18, 19]",data/results/code_based_debug5/smtwtp/smtwtp_n20_inst2_run1.json
main,SMTWTP,Code-Based,20,smtwtp_n20_inst2,10,True,,True,0.0,25343.0,6002.0,322.24258580473173,,,,0.0,"[0, 1, 2, 3, 4, 5, 6, 7, 8, 9, 10, 11, 12, 13, 14, 15, 16, 17, 18, 19]",data/results/code_based_debug5/smtwtp/smtwtp_n20_inst2_run10.json
main,SMTWTP,Code-Based,20,smtwtp_n20_inst2,2,True,,True,0.0,31350.0,6002.0,422.3258913695435,,,,1.0,"[1, 10, 16, 18, 7, 5, 3, 14, 0, 2, 6, 17, 13, 11, 8, 15, 9, 12, 4, 19]",data/results/code_based_debug5/smtwtp/smtwtp_n20_inst2_run2.json
main,SMTWTP,Code-Based,20,smtwtp_n20_inst2,3,True,,True,37290.0,11120.0,6002.0,85.27157614128625,,,,4.0,"[19, 12, 1, 3, 17, 14, 8, 4, 15, 7, 5, 13, 10, 11, 16, 6, 0, 2, 9, 18]",data/results/code_based_debug5/smtwtp/smtwtp_n20_inst2_run3.json
main,SMTWTP,Code-Based,20,smtwtp_n20_inst2,4,True,,True,0.0,25343.0,6002.0,322.24258580473173,,,,1.0,"[0, 1, 2, 3, 4, 5, 6, 7, 8, 9, 10, 11, 12, 13, 14, 15, 16, 17, 18, 19]",data/results/code_based_debug5/smtwtp/smtwtp_n20_inst2_run4.json
main,SMTWTP,Code-Based,20,smtwtp_n20_inst2,5,True,,True,14637.0,25343.0,6002.0,322.24258580473173,,,,0.0,"[""0"", ""1"", ""2"", ""3"", ""4"", ""5"", ""6"", ""7"", ""8"", ""9"", ""10"", ""11"", ""12"", ""13"", ""14"", ""15"", ""16"", ""17"", ""18"", ""19""]",data/results/code_based_debug5/smtwtp/smtwtp_n20_inst2_run5.json
main,SMTWTP,Code-Based,20,smtwtp_n20_inst2,6,True,,True,0.0,25343.0,6002.0,322.24258580473173,,,,0.0,"[0, 1, 2, 3, 4, 5, 6, 7, 8, 9, 10, 11, 12, 13, 14, 15, 16, 17, 18, 19]",data/results/code_based_debug5/smtwtp/smtwtp_n20_inst2_run6.json
main,SMTWTP,Code-Based,20,smtwtp_n20_inst2,7,True,,True,0.0,31350.0,6002.0,422.3258913695435,,,,1.0,"[1, 10, 16, 18, 7, 5, 3, 14, 0, 2, 6, 17, 13, 11, 8, 15, 9, 12, 4, 19]",data/results/code_based_debug5/smtwtp/smtwtp_n20_inst2_run7.json
main,SMTWTP,Code-Based,20,smtwtp_n20_inst2,8,True,,True,0.0,31350.0,6002.0,422.3258913695435,,,,1.0,"[1, 10, 16, 18, 7, 5, 3, 14, 0, 2, 6, 17, 13, 11, 8, 15, 9, 12, 4, 19]",data/results/code_based_debug5/smtwtp/smtwtp_n20_inst2_run8.json
main,SMTWTP,Code-Based,20,smtwtp_n20_inst2,9,True,,True,0.0,25343.0,6002.0,322.24258580473173,,,,1.0,"[0, 1, 2, 3, 4, 5, 6, 7, 8, 9, 10, 11, 12, 13, 14, 15, 16, 17, 18, 19]",data/results/code_based_debug5/smtwtp/smtwtp_n20_inst2_run9.json
main,SMTWTP,Code-Based,20,smtwtp_n20_inst3,1,True,,True,0.0,27141.0,4929.0,450.6390748630554,,,,0.0,"[0, 1, 2, 3, 4, 5, 6, 7, 8, 9, 10, 11, 12, 13, 14, 15, 16, 17, 18, 19]",data/results/code_based_debug5/smtwtp/smtwtp_n20_inst3_run1.json
main,SMTWTP,Code-Based,20,smtwtp_n20_inst3,10,True,,False,,,4929.0,,,,,2.0,[],data/results/code_based_debug5/smtwtp/smtwtp_n20_inst3_run10.json
main,SMTWTP,Code-Based,20,smtwtp_n20_inst3,2,True,,False,,,4929.0,,,,,5.0,[],data/results/code_based_debug5/smtwtp/smtwtp_n20_inst3_run2.json
main,SMTWTP,Code-Based,20,smtwtp_n20_inst3,3,True,,True,0.0,6673.0,4929.0,35.382430513288696,,,,0.0,"[10, 17, 9, 15, 16, 8, 13, 14, 19, 2, 11, 1, 0, 7, 5, 4, 12, 18, 3, 6]",data/results/code_based_debug5/smtwtp/smtwtp_n20_inst3_run3.json
main,SMTWTP,Code-Based,20,smtwtp_n20_inst3,4,True,,True,0.0,6673.0,4929.0,35.382430513288696,,,,0.0,"[10, 17, 9, 15, 16, 8, 13, 14, 19, 2, 11, 1, 0, 7, 5, 4, 12, 18, 3, 6]",data/results/code_based_debug5/smtwtp/smtwtp_n20_inst3_run4.json
main,SMTWTP,Code-Based,20,smtwtp_n20_inst3,5,True,,True,0.0,27141.0,4929.0,450.6390748630554,,,,0.0,"[0, 1, 2, 3, 4, 5, 6, 7, 8, 9, 10, 11, 12, 13, 14, 15, 16, 17, 18, 19]",data/results/code_based_debug5/smtwtp/smtwtp_n20_inst3_run5.json
main,SMTWTP,Code-Based,20,smtwtp_n20_inst3,6,True,,True,0.0,27141.0,4929.0,450.6390748630554,,,,1.0,"[0, 1, 2, 3, 4, 5, 6, 7, 8, 9, 10, 11, 12, 13, 14, 15, 16, 17, 18, 19]",data/results/code_based_debug5/smtwtp/smtwtp_n20_inst3_run6.json
main,SMTWTP,Code-Based,20,smtwtp_n20_inst3,7,True,,True,0.0,27141.0,4929.0,450.6390748630554,,,,0.0,"[0, 1, 2, 3, 4, 5, 6, 7, 8, 9, 10, 11, 12, 13, 14, 15, 16, 17, 18, 19]",data/results/code_based_debug5/smtwtp/smtwtp_n20_inst3_run7.json
main,SMTWTP,Code-Based,20,smtwtp_n20_inst3,8,True,,True,4929.0,4929.0,4929.0,0.0,,,,2.0,"[""10"", ""9"", ""17"", ""8"", ""15"", ""16"", ""13"", ""14"", ""19"", ""11"", ""1"", ""0"", ""7"", ""4"", ""18"", ""3"", ""12"", ""6"", ""2"", ""5""]",data/results/code_based_debug5/smtwtp/smtwtp_n20_inst3_run8.json
main,SMTWTP,Code-Based,20,smtwtp_n20_inst3,9,True,,True,0.0,6673.0,4929.0,35.382430513288696,,,,0.0,"[10, 17, 9, 15, 16, 8, 13, 14, 19, 2, 11, 1, 0, 7, 5, 4, 12, 18, 3, 6]",data/results/code_based_debug5/smtwtp/smtwtp_n20_inst3_run9.json
main,SMTWTP,Code-Based,20,smtwtp_n20_inst4,1,True,,True,16497.0,25128.0,4490.0,459.6436525612472,,,,0.0,"[0, 1, 2, 3, 4, 5, 6, 7, 8, 9, 10, 11, 12, 13, 14, 15, 16, 17, 18, 19]",data/results/code_based_debug5/smtwtp/smtwtp_n20_inst4_run1.json
main,SMTWTP,Code-Based,20,smtwtp_n20_inst4,10,True,,True,2073.0,5870.0,4490.0,30.734966592427615,,,,0.0,"[""3"", ""13"", ""19"", ""18"", ""15"", ""11"", ""12"", ""2"", ""6"", ""4"", ""5"", ""14"", ""7"", ""10"", ""9"", ""16"", ""8"", ""0"", ""17"", ""1""]",data/results/code_based_debug5/smtwtp/smtwtp_n20_inst4_run10.json
main,SMTWTP,Code-Based,20,smtwtp_n20_inst4,2,True,,True,0.0,25128.0,4490.0,459.6436525612472,,,,0.0,"[0, 1, 2, 3, 4, 5, 6, 7, 8, 9, 10, 11, 12, 13, 14, 15, 16, 17, 18, 19]",data/results/code_based_debug5/smtwtp/smtwtp_n20_inst4_run2.json
main,SMTWTP,Code-Based,20,smtwtp_n20_inst4,3,False,timeout,False,,,4490.0,,,,,5.0,,data/results/code_based_debug5/smtwtp/smtwtp_n20_inst4_run3.json
main,SMTWTP,Code-Based,20,smtwtp_n20_inst4,4,True,,True,0.0,25128.0,4490.0,459.6436525612472,,,,0.0,"[0, 1, 2, 3, 4, 5, 6, 7, 8, 9, 10, 11, 12, 13, 14, 15, 16, 17, 18, 19]",data/results/code_based_debug5/smtwtp/smtwtp_n20_inst4_run4.json
main,SMTWTP,Code-Based,20,smtwtp_n20_inst4,5,False,execution_error,False,,,4490.0,,,,,5.0,,data/results/code_based_debug5/smtwtp/smtwtp_n20_inst4_run5.json
main,SMTWTP,Code-Based,20,smtwtp_n20_inst4,6,True,,True,2073.0,5870.0,4490.0,30.734966592427615,,,,1.0,"[""3"", ""13"", ""19"", ""18"", ""15"", ""11"", ""12"", ""2"", ""6"", ""4"", ""5"", ""14"", ""7"", ""10"", ""9"", ""16"", ""8"", ""0"", ""17"", ""1""]",data/results/code_based_debug5/smtwtp/smtwtp_n20_inst4_run6.json
main,SMTWTP,Code-Based,20,smtwtp_n20_inst4,7,True,,True,0.0,25128.0,4490.0,459.6436525612472,,,,1.0,"[0, 1, 2, 3, 4, 5, 6, 7, 8, 9, 10, 11, 12, 13, 14, 15, 16, 17, 18, 19]",data/results/code_based_debug5/smtwtp/smtwtp_n20_inst4_run7.json
main,SMTWTP,Code-Based,20,smtwtp_n20_inst4,8,True,,True,2073.0,5870.0,4490.0,30.734966592427615,,,,0.0,"[""3"", ""13"", ""19"", ""18"", ""15"", ""11"", ""12"", ""2"", ""6"", ""4"", ""5"", ""14"", ""7"", ""10"", ""9"", ""16"", ""8"", ""0"", ""17"", ""1""]",data/results/code_based_debug5/smtwtp/smtwtp_n20_inst4_run8.json
main,SMTWTP,Code-Based,20,smtwtp_n20_inst4,9,True,,True,2073.0,5870.0,4490.0,30.734966592427615,,,,1.0,"[""3"", ""13"", ""19"", ""18"", ""15"", ""11"", ""12"", ""2"", ""6"", ""4"", ""5"", ""14"", ""7"", ""10"", ""9"", ""16"", ""8"", ""0"", ""17"", ""1""]",data/results/code_based_debug5/smtwtp/smtwtp_n20_inst4_run9.json
main,SMTWTP,Code-Based,25,smtwtp_n25_inst0,1,True,,True,0.0,28994.0,5825.0,397.7510729613734,,,,0.0,"[0, 1, 2, 3, 4, 5, 6, 7, 8, 9, 10, 11, 12, 13, 14, 15, 16, 17, 18, 19, 20, 21, 22, 23, 24]",data/results/code_based_debug5/smtwtp/smtwtp_n25_inst0_run1.json
main,SMTWTP,Code-Based,25,smtwtp_n25_inst0,10,True,,True,0.0,28994.0,5825.0,397.7510729613734,,,,0.0,"[0, 1, 2, 3, 4, 5, 6, 7, 8, 9, 10, 11, 12, 13, 14, 15, 16, 17, 18, 19, 20, 21, 22, 23, 24]",data/results/code_based_debug5/smtwtp/smtwtp_n25_inst0_run10.json
main,SMTWTP,Code-Based,25,smtwtp_n25_inst0,2,False,timeout,False,,,5825.0,,,,,5.0,,data/results/code_based_debug5/smtwtp/smtwtp_n25_inst0_run2.json
main,SMTWTP,Code-Based,25,smtwtp_n25_inst0,3,True,,True,0.0,20843.0,5825.0,257.8197424892704,,,,0.0,"[2, 14, 6, 24, 23, 16, 8, 15, 17, 13, 22, 10, 9, 19, 18, 4, 1, 7, 3, 0, 12, 21, 5, 11, 20]",data/results/code_based_debug5/smtwtp/smtwtp_n25_inst0_run3.json
main,SMTWTP,Code-Based,25,smtwtp_n25_inst0,4,True,,True,0.0,28994.0,5825.0,397.7510729613734,,,,0.0,"[0, 1, 2, 3, 4, 5, 6, 7, 8, 9, 10, 11, 12, 13, 14, 15, 16, 17, 18, 19, 20, 21, 22, 23, 24]",data/results/code_based_debug5/smtwtp/smtwtp_n25_inst0_run4.json
main,SMTWTP,Code-Based,25,smtwtp_n25_inst0,5,True,,True,0.0,28994.0,5825.0,397.7510729613734,,,,0.0,"[0, 1, 2, 3, 4, 5, 6, 7, 8, 9, 10, 11, 12, 13, 14, 15, 16, 17, 18, 19, 20, 21, 22, 23, 24]",data/results/code_based_debug5/smtwtp/smtwtp_n25_inst0_run5.json
main,SMTWTP,Code-Based,25,smtwtp_n25_inst0,6,True,,True,0.0,28994.0,5825.0,397.7510729613734,,,,0.0,"[0, 1, 2, 3, 4, 5, 6, 7, 8, 9, 10, 11, 12, 13, 14, 15, 16, 17, 18, 19, 20, 21, 22, 23, 24]",data/results/code_based_debug5/smtwtp/smtwtp_n25_inst0_run6.json
main,SMTWTP,Code-Based,25,smtwtp_n25_inst0,7,True,,True,0.0,28994.0,5825.0,397.7510729613734,,,,0.0,"[0, 1, 2, 3, 4, 5, 6, 7, 8, 9, 10, 11, 12, 13, 14, 15, 16, 17, 18, 19, 20, 21, 22, 23, 24]",data/results/code_based_debug5/smtwtp/smtwtp_n25_inst0_run7.json
main,SMTWTP,Code-Based,25,smtwtp_n25_inst0,8,True,,True,0.0,28994.0,5825.0,397.7510729613734,,,,0.0,"[0, 1, 2, 3, 4, 5, 6, 7, 8, 9, 10, 11, 12, 13, 14, 15, 16, 17, 18, 19, 20, 21, 22, 23, 24]",data/results/code_based_debug5/smtwtp/smtwtp_n25_inst0_run8.json
main,SMTWTP,Code-Based,25,smtwtp_n25_inst0,9,True,,True,0.0,28994.0,5825.0,397.7510729613734,,,,0.0,"[0, 1, 2, 3, 4, 5, 6, 7, 8, 9, 10, 11, 12, 13, 14, 15, 16, 17, 18, 19, 20, 21, 22, 23, 24]",data/results/code_based_debug5/smtwtp/smtwtp_n25_inst0_run9.json
main,SMTWTP,Code-Based,25,smtwtp_n25_inst1,1,False,execution_error,False,,,7172.0,,,,,5.0,,data/results/code_based_debug5/smtwtp/smtwtp_n25_inst1_run1.json
main,SMTWTP,Code-Based,25,smtwtp_n25_inst1,10,True,,True,0.0,41367.0,7172.0,476.7847183491355,,,,0.0,"[0, 1, 2, 3, 4, 5, 6, 7, 8, 9, 10, 11, 12, 13, 14, 15, 16, 17, 18, 19, 20, 21, 22, 23, 24]",data/results/code_based_debug5/smtwtp/smtwtp_n25_inst1_run10.json
main,SMTWTP,Code-Based,25,smtwtp_n25_inst1,2,False,execution_error,False,,,7172.0,,,,,5.0,,data/results/code_based_debug5/smtwtp/smtwtp_n25_inst1_run2.json
main,SMTWTP,Code-Based,25,smtwtp_n25_inst1,3,True,,True,0.0,41367.0,7172.0,476.7847183491355,,,,0.0,"[0, 1, 2, 3, 4, 5, 6, 7, 8, 9, 10, 11, 12, 13, 14, 15, 16, 17, 18, 19, 20, 21, 22, 23, 24]",data/results/code_based_debug5/smtwtp/smtwtp_n25_inst1_run3.json
main,SMTWTP,Code-Based,25,smtwtp_n25_inst1,4,True,,True,0.0,25945.0,7172.0,261.7540435025098,,,,0.0,"[23, 24, 9, 2, 22, 8, 19, 16, 10, 3, 0, 13, 20, 5, 14, 11, 6, 17, 12, 4, 21, 1, 7, 15, 18]",data/results/code_based_debug5/smtwtp/smtwtp_n25_inst1_run4.json
main,SMTWTP,Code-Based,25,smtwtp_n25_inst1,5,True,,True,0.0,41367.0,7172.0,476.7847183491355,,,,0.0,"[0, 1, 2, 3, 4, 5, 6, 7, 8, 9, 10, 11, 12, 13, 14, 15, 16, 17, 18, 19, 20, 21, 22, 23, 24]",data/results/code_based_debug5/smtwtp/smtwtp_n25_inst1_run5.json
main,SMTWTP,Code-Based,25,smtwtp_n25_inst1,6,False,execution_error,False,,,7172.0,,,,,5.0,,data/results/code_based_debug5/smtwtp/smtwtp_n25_inst1_run6.json
main,SMTWTP,Code-Based,25,smtwtp_n25_inst1,7,True,,True,0.0,41367.0,7172.0,476.7847183491355,,,,0.0,"[0, 1, 2, 3, 4, 5, 6, 7, 8, 9, 10, 11, 12, 13, 14, 15, 16, 17, 18, 19, 20, 21, 22, 23, 24]",data/results/code_based_debug5/smtwtp/smtwtp_n25_inst1_run7.json
main,SMTWTP,Code-Based,25,smtwtp_n25_inst1,8,True,,True,0.0,41367.0,7172.0,476.7847183491355,,,,0.0,"[0, 1, 2, 3, 4, 5, 6, 7, 8, 9, 10, 11, 12, 13, 14, 15, 16, 17, 18, 19, 20, 21, 22, 23, 24]",data/results/code_based_debug5/smtwtp/smtwtp_n25_inst1_run8.json
main,SMTWTP,Code-Based,25,smtwtp_n25_inst1,9,True,,True,5987.0,7268.0,7172.0,1.3385387618516453,,,,1.0,"[""19"", ""8"", ""24"", ""6"", ""9"", ""15"", ""0"", ""13"", ""16"", ""11"", ""1"", ""21"", ""23"", ""5"", ""22"", ""20"", ""2"", ""12"", ""4"", ""10"", ""14"", ""17"", ""18"", ""3"", ""7""]",data/results/code_based_debug5/smtwtp/smtwtp_n25_inst1_run9.json
main,SMTWTP,Code-Based,25,smtwtp_n25_inst2,1,True,,True,0.0,46729.0,6639.0,603.8560024100015,,,,0.0,"[0, 1, 2, 3, 4, 5, 6, 7, 8, 9, 10, 11, 12, 13, 14, 15, 16, 17, 18, 19, 20, 21, 22, 23, 24]",data/results/code_based_debug5/smtwtp/smtwtp_n25_inst2_run1.json
main,SMTWTP,Code-Based,25,smtwtp_n25_inst2,10,True,,True,29523.0,46729.0,6639.0,603.8560024100015,,,,0.0,"[""0"", ""1"", ""2"", ""3"", ""4"", ""5"", ""6"", ""7"", ""8"", ""9"", ""10"", ""11"", ""12"", ""13"", ""14"", ""15"", ""16"", ""17"", ""18"", ""19"", ""20"", ""21"", ""22"", ""23"", ""24""]",data/results/code_based_debug5/smtwtp/smtwtp_n25_inst2_run10.json
main,SMTWTP,Code-Based,25,smtwtp_n25_inst2,2,True,,True,0.0,29524.0,6639.0,344.70552794095494,,,,0.0,"[19, 15, 14, 7, 18, 23, 4, 22, 21, 10, 24, 0, 8, 11, 13, 3, 2, 12, 17, 1, 20, 6, 5, 16, 9]",data/results/code_based_debug5/smtwtp/smtwtp_n25_inst2_run2.json
main,SMTWTP,Code-Based,25,smtwtp_n25_inst2,3,True,,True,0.0,46729.0,6639.0,603.8560024100015,,,,0.0,"[0, 1, 2, 3, 4, 5, 6, 7, 8, 9, 10, 11, 12, 13, 14, 15, 16, 17, 18, 19, 20, 21, 22, 23, 24]",data/results/code_based_debug5/smtwtp/smtwtp_n25_inst2_run3.json
main,SMTWTP,Code-Based,25,smtwtp_n25_inst2,4,True,,True,5432.0,7813.0,6639.0,17.683386052116283,,,,2.0,"[""5"", ""24"", ""13"", ""17"", ""0"", ""4"", ""2"", ""22"", ""20"", ""10"", ""11"", ""19"", ""21"", ""14"", ""15"", ""16"", ""3"", ""23"", ""7"", ""8"", ""9"", ""18"", ""6"", ""12"", ""1""]",data/results/code_based_debug5/smtwtp/smtwtp_n25_inst2_run4.json
main,SMTWTP,Code-Based,25,smtwtp_n25_inst2,5,True,,False,,,6639.0,,,,,2.0,[],data/results/code_based_debug5/smtwtp/smtwtp_n25_inst2_run5.json
main,SMTWTP,Code-Based,25,smtwtp_n25_inst2,6,True,,True,5432.0,7813.0,6639.0,17.683386052116283,,,,2.0,"[""5"", ""24"", ""13"", ""17"", ""0"", ""4"", ""2"", ""22"", ""20"", ""10"", ""11"", ""19"", ""21"", ""14"", ""15"", ""16"", ""3"", ""23"", ""7"", ""8"", ""9"", ""18"", ""6"", ""12"", ""1""]",data/results/code_based_debug5/smtwtp/smtwtp_n25_inst2_run6.json
main,SMTWTP,Code-Based,25,smtwtp_n25_inst2,7,True,,False,inf,,6639.0,,,,,2.0,[],data/results/code_based_debug5/smtwtp/smtwtp_n25_inst2_run7.json
main,SMTWTP,Code-Based,25,smtwtp_n25_inst2,8,False,execution_error,False,,,6639.0,,,,,5.0,,data/results/code_based_debug5/smtwtp/smtwtp_n25_inst2_run8.json
main,SMTWTP,Code-Based,25,smtwtp_n25_inst2,9,True,,True,,46729.0,6639.0,603.8560024100015,,,,5.0,"[""0"", ""1"", ""2"", ""3"", ""4"", ""5"", ""6"", ""7"", ""8"", ""9"", ""10"", ""11"", ""12"", ""13"", ""14"", ""15"", ""16"", ""17"", ""18"", ""19"", ""20"", ""21"", ""22"", ""23"", ""24""]",data/results/code_based_debug5/smtwtp/smtwtp_n25_inst2_run9.json
main,SMTWTP,Code-Based,25,smtwtp_n25_inst3,1,True,,True,0.0,24156.0,6457.0,274.10562180579217,,,,0.0,"[0, 1, 2, 3, 4, 5, 6, 7, 8, 9, 10, 11, 12, 13, 14, 15, 16, 17, 18, 19, 20, 21, 22, 23, 24]",data/results/code_based_debug5/smtwtp/smtwtp_n25_inst3_run1.json
main,SMTWTP,Code-Based,25,smtwtp_n25_inst3,10,True,,True,0.0,24156.0,6457.0,274.10562180579217,,,,0.0,"[0, 1, 2, 3, 4, 5, 6, 7, 8, 9, 10, 11, 12, 13, 14, 15, 16, 17, 18, 19, 20, 21, 22, 23, 24]",data/results/code_based_debug5/smtwtp/smtwtp_n25_inst3_run10.json
main,SMTWTP,Code-Based,25,smtwtp_n25_inst3,2,True,,True,0.0,24156.0,6457.0,274.10562180579217,,,,1.0,"[0, 1, 2, 3, 4, 5, 6, 7, 8, 9, 10, 11, 12, 13, 14, 15, 16, 17, 18, 19, 20, 21, 22, 23, 24]",data/results/code_based_debug5/smtwtp/smtwtp_n25_inst3_run2.json
main,SMTWTP,Code-Based,25,smtwtp_n25_inst3,3,True,,True,0.0,24156.0,6457.0,274.10562180579217,,,,1.0,"[0, 1, 2, 3, 4, 5, 6, 7, 8, 9, 10, 11, 12, 13, 14, 15, 16, 17, 18, 19, 20, 21, 22, 23, 24]",data/results/code_based_debug5/smtwtp/smtwtp_n25_inst3_run3.json
main,SMTWTP,Code-Based,25,smtwtp_n25_inst3,4,True,,True,0.0,24156.0,6457.0,274.10562180579217,,,,0.0,"[0, 1, 2, 3, 4, 5, 6, 7, 8, 9, 10, 11, 12, 13, 14, 15, 16, 17, 18, 19, 20, 21, 22, 23, 24]",data/results/code_based_debug5/smtwtp/smtwtp_n25_inst3_run4.json
main,SMTWTP,Code-Based,25,smtwtp_n25_inst3,5,True,,True,0.0,24156.0,6457.0,274.10562180579217,,,,0.0,"[0, 1, 2, 3, 4, 5, 6, 7, 8, 9, 10, 11, 12, 13, 14, 15, 16, 17, 18, 19, 20, 21, 22, 23, 24]",data/results/code_based_debug5/smtwtp/smtwtp_n25_inst3_run5.json
main,SMTWTP,Code-Based,25,smtwtp_n25_inst3,6,True,,True,0.0,24156.0,6457.0,274.10562180579217,,,,0.0,"[0, 1, 2, 3, 4, 5, 6, 7, 8, 9, 10, 11, 12, 13, 14, 15, 16, 17, 18, 19, 20, 21, 22, 23, 24]",data/results/code_based_debug5/smtwtp/smtwtp_n25_inst3_run6.json
main,SMTWTP,Code-Based,25,smtwtp_n25_inst3,7,True,,True,0.0,24156.0,6457.0,274.10562180579217,,,,0.0,"[0, 1, 2, 3, 4, 5, 6, 7, 8, 9, 10, 11, 12, 13, 14, 15, 16, 17, 18, 19, 20, 21, 22, 23, 24]",data/results/code_based_debug5/smtwtp/smtwtp_n25_inst3_run7.json
main,SMTWTP,Code-Based,25,smtwtp_n25_inst3,8,True,,True,0.0,24156.0,6457.0,274.10562180579217,,,,0.0,"[0, 1, 2, 3, 4, 5, 6, 7, 8, 9, 10, 11, 12, 13, 14, 15, 16, 17, 18, 19, 20, 21, 22, 23, 24]",data/results/code_based_debug5/smtwtp/smtwtp_n25_inst3_run8.json
main,SMTWTP,Code-Based,25,smtwtp_n25_inst3,9,False,timeout,False,,,6457.0,,,,,5.0,,data/results/code_based_debug5/smtwtp/smtwtp_n25_inst3_run9.json
main,SMTWTP,Code-Based,25,smtwtp_n25_inst4,1,True,,True,0.0,54414.0,6741.0,707.2096128170895,,,,0.0,"[0, 1, 2, 3, 4, 5, 6, 7, 8, 9, 10, 11, 12, 13, 14, 15, 16, 17, 18, 19, 20, 21, 22, 23, 24]",data/results/code_based_debug5/smtwtp/smtwtp_n25_inst4_run1.json
main,SMTWTP,Code-Based,25,smtwtp_n25_inst4,10,True,,True,0.0,54414.0,6741.0,707.2096128170895,,,,0.0,"[0, 1, 2, 3, 4, 5, 6, 7, 8, 9, 10, 11, 12, 13, 14, 15, 16, 17, 18, 19, 20, 21, 22, 23, 24]",data/results/code_based_debug5/smtwtp/smtwtp_n25_inst4_run10.json
main,SMTWTP,Code-Based,25,smtwtp_n25_inst4,2,False,execution_error,False,,,6741.0,,,,,5.0,,data/results/code_based_debug5/smtwtp/smtwtp_n25_inst4_run2.json
main,SMTWTP,Code-Based,25,smtwtp_n25_inst4,3,True,,True,40286.0,54414.0,6741.0,707.2096128170895,,,,1.0,"[0, 1, 2, 3, 4, 5, 6, 7, 8, 9, 10, 11, 12, 13, 14, 15, 16, 17, 18, 19, 20, 21, 22, 23, 24]",data/results/code_based_debug5/smtwtp/smtwtp_n25_inst4_run3.json
main,SMTWTP,Code-Based,25,smtwtp_n25_inst4,4,False,execution_error,False,,,6741.0,,,,,5.0,,data/results/code_based_debug5/smtwtp/smtwtp_n25_inst4_run4.json
main,SMTWTP,Code-Based,25,smtwtp_n25_inst4,5,True,,True,40286.0,54414.0,6741.0,707.2096128170895,,,,0.0,"[0, 1, 2, 3, 4, 5, 6, 7, 8, 9, 10, 11, 12, 13, 14, 15, 16, 17, 18, 19, 20, 21, 22, 23, 24]",data/results/code_based_debug5/smtwtp/smtwtp_n25_inst4_run5.json
main,SMTWTP,Code-Based,25,smtwtp_n25_inst4,6,True,,True,5297.0,7956.0,6741.0,18.024032042723633,,,,3.0,"[""22"", ""21"", ""14"", ""24"", ""2"", ""8"", ""5"", ""11"", ""15"", ""16"", ""19"", ""17"", ""6"", ""20"", ""13"", ""9"", ""23"", ""0"", ""3"", ""18"", ""4"", ""7"", ""1"", ""10"", ""12""]",data/results/code_based_debug5/smtwtp/smtwtp_n25_inst4_run6.json
main,SMTWTP,Code-Based,25,smtwtp_n25_inst4,7,True,,True,0.0,54414.0,6741.0,707.2096128170895,,,,0.0,"[0, 1, 2, 3, 4, 5, 6, 7, 8, 9, 10, 11, 12, 13, 14, 15, 16, 17, 18, 19, 20, 21, 22, 23, 24]",data/results/code_based_debug5/smtwtp/smtwtp_n25_inst4_run7.json
main,SMTWTP,Code-Based,25,smtwtp_n25_inst4,8,True,,True,0.0,54414.0,6741.0,707.2096128170895,,,,0.0,"[0, 1, 2, 3, 4, 5, 6, 7, 8, 9, 10, 11, 12, 13, 14, 15, 16, 17, 18, 19, 20, 21, 22, 23, 24]",data/results/code_based_debug5/smtwtp/smtwtp_n25_inst4_run8.json
main,SMTWTP,Code-Based,25,smtwtp_n25_inst4,9,True,,True,5305.0,7944.0,6741.0,17.846016911437474,,,,3.0,"[""22"", ""21"", ""14"", ""24"", ""2"", ""8"", ""5"", ""11"", ""15"", ""16"", ""19"", ""6"", ""17"", ""20"", ""13"", ""9"", ""23"", ""0"", ""3"", ""18"", ""4"", ""7"", ""1"", ""10"", ""12""]",data/results/code_based_debug5/smtwtp/smtwtp_n25_inst4_run9.json
main,SMTWTP,Code-Based,5,smtwtp_n5_inst0,1,True,,True,630.0,630.0,630.0,0.0,,,,1.0,"[4, 0, 3, 2, 1]",data/results/code_based_debug5/smtwtp/smtwtp_n5_inst0_run1.json
main,SMTWTP,Code-Based,5,smtwtp_n5_inst0,10,False,execution_error,False,,,630.0,,,,,5.0,,data/results/code_based_debug5/smtwtp/smtwtp_n5_inst0_run10.json
main,SMTWTP,Code-Based,5,smtwtp_n5_inst0,2,False,execution_error,False,,,630.0,,,,,5.0,,data/results/code_based_debug5/smtwtp/smtwtp_n5_inst0_run2.json
main,SMTWTP,Code-Based,5,smtwtp_n5_inst0,3,True,,True,2420.0,630.0,630.0,0.0,,,,2.0,"[0, 4, 3, 2, 1]",data/results/code_based_debug5/smtwtp/smtwtp_n5_inst0_run3.json
main,SMTWTP,Code-Based,5,smtwtp_n5_inst0,4,True,,True,2420.0,630.0,630.0,0.0,,,,1.0,"[0, 4, 3, 2, 1]",data/results/code_based_debug5/smtwtp/smtwtp_n5_inst0_run4.json
main,SMTWTP,Code-Based,5,smtwtp_n5_inst0,5,True,,True,2420.0,630.0,630.0,0.0,,,,1.0,"[0, 4, 3, 2, 1]",data/results/code_based_debug5/smtwtp/smtwtp_n5_inst0_run5.json
main,SMTWTP,Code-Based,5,smtwtp_n5_inst0,6,True,,True,2420.0,630.0,630.0,0.0,,,,1.0,"[0, 4, 3, 2, 1]",data/results/code_based_debug5/smtwtp/smtwtp_n5_inst0_run6.json
main,SMTWTP,Code-Based,5,smtwtp_n5_inst0,7,True,,True,2420.0,630.0,630.0,0.0,,,,2.0,"[0, 4, 3, 2, 1]",data/results/code_based_debug5/smtwtp/smtwtp_n5_inst0_run7.json
main,SMTWTP,Code-Based,5,smtwtp_n5_inst0,8,True,,True,2420.0,630.0,630.0,0.0,,,,0.0,"[0, 4, 3, 2, 1]",data/results/code_based_debug5/smtwtp/smtwtp_n5_inst0_run8.json
main,SMTWTP,Code-Based,5,smtwtp_n5_inst0,9,True,,True,2420.0,630.0,630.0,0.0,,,,1.0,"[0, 4, 3, 2, 1]",data/results/code_based_debug5/smtwtp/smtwtp_n5_inst0_run9.json
main,SMTWTP,Code-Based,5,smtwtp_n5_inst1,1,False,execution_error,False,,,877.0,,,,,5.0,,data/results/code_based_debug5/smtwtp/smtwtp_n5_inst1_run1.json
main,SMTWTP,Code-Based,5,smtwtp_n5_inst1,10,True,,True,1129.0,1378.0,877.0,57.12656784492588,,,,0.0,"[3, 1, 4, 0, 2]",data/results/code_based_debug5/smtwtp/smtwtp_n5_inst1_run10.json
main,SMTWTP,Code-Based,5,smtwtp_n5_inst1,2,True,,True,3656.0,1829.0,877.0,108.55188141391106,,,,0.0,"[2, 1, 3, 4, 0]",data/results/code_based_debug5/smtwtp/smtwtp_n5_inst1_run2.json
main,SMTWTP,Code-Based,5,smtwtp_n5_inst1,3,True,,True,70.0,2037.0,877.0,132.2690992018244,,,,0.0,"[0, 1, 2, 3, 4]",data/results/code_based_debug5/smtwtp/smtwtp_n5_inst1_run3.json
main,SMTWTP,Code-Based,5,smtwtp_n5_inst1,4,True,,True,1129.0,1378.0,877.0,57.12656784492588,,,,2.0,"[3, 1, 4, 0, 2]",data/results/code_based_debug5/smtwtp/smtwtp_n5_inst1_run4.json
main,SMTWTP,Code-Based,5,smtwtp_n5_inst1,5,True,,True,3656.0,1537.0,877.0,75.25655644241733,,,,0.0,"[1, 4, 3, 2, 0]",data/results/code_based_debug5/smtwtp/smtwtp_n5_inst1_run5.json
main,SMTWTP,Code-Based,5,smtwtp_n5_inst1,6,True,,True,877.0,877.0,877.0,0.0,,,,0.0,"[0, 3, 4, 2, 1]",data/results/code_based_debug5/smtwtp/smtwtp_n5_inst1_run6.json
main,SMTWTP,Code-Based,5,smtwtp_n5_inst1,7,True,,True,877.0,877.0,877.0,0.0,,,,0.0,"[0, 3, 4, 2, 1]",data/results/code_based_debug5/smtwtp/smtwtp_n5_inst1_run7.json
main,SMTWTP,Code-Based,5,smtwtp_n5_inst1,8,True,,True,70.0,2037.0,877.0,132.2690992018244,,,,0.0,"[0, 1, 2, 3, 4]",data/results/code_based_debug5/smtwtp/smtwtp_n5_inst1_run8.json
main,SMTWTP,Code-Based,5,smtwtp_n5_inst1,9,False,execution_error,False,,,877.0,,,,,5.0,,data/results/code_based_debug5/smtwtp/smtwtp_n5_inst1_run9.json
main,SMTWTP,Code-Based,5,smtwtp_n5_inst2,1,True,,True,2203.0,2232.0,1542.0,44.74708171206226,,,,0.0,"[4, 0, 3, 2, 1]",data/results/code_based_debug5/smtwtp/smtwtp_n5_inst2_run1.json
main,SMTWTP,Code-Based,5,smtwtp_n5_inst2,10,True,,True,2203.0,2232.0,1542.0,44.74708171206226,,,,0.0,"[4, 0, 3, 2, 1]",data/results/code_based_debug5/smtwtp/smtwtp_n5_inst2_run10.json
main,SMTWTP,Code-Based,5,smtwtp_n5_inst2,2,True,,True,5482.0,2401.0,1542.0,55.70687418936446,,,,0.0,"[4, 3, 2, 1, 0]",data/results/code_based_debug5/smtwtp/smtwtp_n5_inst2_run2.json
main,SMTWTP,Code-Based,5,smtwtp_n5_inst2,3,True,,True,2203.0,2232.0,1542.0,44.74708171206226,,,,1.0,"[4, 0, 3, 2, 1]",data/results/code_based_debug5/smtwtp/smtwtp_n5_inst2_run3.json
main,SMTWTP,Code-Based,5,smtwtp_n5_inst2,4,True,,True,2203.0,2232.0,1542.0,44.74708171206226,,,,0.0,"[4, 0, 3, 2, 1]",data/results/code_based_debug5/smtwtp/smtwtp_n5_inst2_run4.json
main,SMTWTP,Code-Based,5,smtwtp_n5_inst2,5,True,,True,2203.0,2232.0,1542.0,44.74708171206226,,,,0.0,"[4, 0, 3, 2, 1]",data/results/code_based_debug5/smtwtp/smtwtp_n5_inst2_run5.json
main,SMTWTP,Code-Based,5,smtwtp_n5_inst2,6,True,,True,2203.0,2232.0,1542.0,44.74708171206226,,,,0.0,"[4, 0, 3, 2, 1]",data/results/code_based_debug5/smtwtp/smtwtp_n5_inst2_run6.json
main,SMTWTP,Code-Based,5,smtwtp_n5_inst2,7,True,,True,2203.0,2232.0,1542.0,44.74708171206226,,,,1.0,"[4, 0, 3, 2, 1]",data/results/code_based_debug5/smtwtp/smtwtp_n5_inst2_run7.json
main,SMTWTP,Code-Based,5,smtwtp_n5_inst2,8,True,,True,5482.0,2401.0,1542.0,55.70687418936446,,,,2.0,"[4, 3, 2, 1, 0]",data/results/code_based_debug5/smtwtp/smtwtp_n5_inst2_run8.json
main,SMTWTP,Code-Based,5,smtwtp_n5_inst2,9,True,,True,5482.0,2401.0,1542.0,55.70687418936446,,,,4.0,"[4, 3, 2, 1, 0]",data/results/code_based_debug5/smtwtp/smtwtp_n5_inst2_run9.json
main,SMTWTP,Code-Based,5,smtwtp_n5_inst3,1,True,,True,182.0,182.0,182.0,0.0,,,,1.0,"[0, 1, 2, 4, 3]",data/results/code_based_debug5/smtwtp/smtwtp_n5_inst3_run1.json
main,SMTWTP,Code-Based,5,smtwtp_n5_inst3,10,True,,True,335.0,328.0,182.0,80.21978021978022,,,,2.0,"[2, 1, 4, 0, 3]",data/results/code_based_debug5/smtwtp/smtwtp_n5_inst3_run10.json
main,SMTWTP,Code-Based,5,smtwtp_n5_inst3,2,True,,True,335.0,328.0,182.0,80.21978021978022,,,,2.0,"[2, 1, 4, 0, 3]",data/results/code_based_debug5/smtwtp/smtwtp_n5_inst3_run2.json
main,SMTWTP,Code-Based,5,smtwtp_n5_inst3,3,True,,True,335.0,328.0,182.0,80.21978021978022,,,,1.0,"[2, 1, 4, 0, 3]",data/results/code_based_debug5/smtwtp/smtwtp_n5_inst3_run3.json
main,SMTWTP,Code-Based,5,smtwtp_n5_inst3,4,False,execution_error,False,,,182.0,,,,,5.0,,data/results/code_based_debug5/smtwtp/smtwtp_n5_inst3_run4.json
main,SMTWTP,Code-Based,5,smtwtp_n5_inst3,5,True,,True,28.0,401.0,182.0,120.32967032967032,,,,0.0,"[0, 2, 1, 3, 4]",data/results/code_based_debug5/smtwtp/smtwtp_n5_inst3_run5.json
main,SMTWTP,Code-Based,5,smtwtp_n5_inst3,6,True,,True,182.0,182.0,182.0,0.0,,,,1.0,"[1, 0, 2, 4, 3]",data/results/code_based_debug5/smtwtp/smtwtp_n5_inst3_run6.json
main,SMTWTP,Code-Based,5,smtwtp_n5_inst3,7,True,,True,182.0,182.0,182.0,0.0,,,,1.0,"[1, 0, 2, 4, 3]",data/results/code_based_debug5/smtwtp/smtwtp_n5_inst3_run7.json
main,SMTWTP,Code-Based,5,smtwtp_n5_inst3,8,False,execution_error,False,,,182.0,,,,,5.0,,data/results/code_based_debug5/smtwtp/smtwtp_n5_inst3_run8.json
main,SMTWTP,Code-Based,5,smtwtp_n5_inst3,9,True,,True,401.0,401.0,182.0,120.32967032967032,,,,1.0,"[0, 1, 2, 3, 4]",data/results/code_based_debug5/smtwtp/smtwtp_n5_inst3_run9.json
main,SMTWTP,Code-Based,5,smtwtp_n5_inst4,1,True,,True,143.0,1085.0,552.0,96.55797101449275,,,,0.0,"[4, 0, 2, 3, 1]",data/results/code_based_debug5/smtwtp/smtwtp_n5_inst4_run1.json
main,SMTWTP,Code-Based,5,smtwtp_n5_inst4,10,True,,True,143.0,1085.0,552.0,96.55797101449275,,,,0.0,"[4, 0, 2, 3, 1]",data/results/code_based_debug5/smtwtp/smtwtp_n5_inst4_run10.json
main,SMTWTP,Code-Based,5,smtwtp_n5_inst4,2,True,,True,143.0,1085.0,552.0,96.55797101449275,,,,0.0,"[4, 0, 2, 3, 1]",data/results/code_based_debug5/smtwtp/smtwtp_n5_inst4_run2.json
main,SMTWTP,Code-Based,5,smtwtp_n5_inst4,3,True,,True,143.0,1085.0,552.0,96.55797101449275,,,,0.0,"[4, 0, 2, 3, 1]",data/results/code_based_debug5/smtwtp/smtwtp_n5_inst4_run3.json
main,SMTWTP,Code-Based,5,smtwtp_n5_inst4,4,True,,True,143.0,1085.0,552.0,96.55797101449275,,,,1.0,"[4, 0, 2, 3, 1]",data/results/code_based_debug5/smtwtp/smtwtp_n5_inst4_run4.json
main,SMTWTP,Code-Based,5,smtwtp_n5_inst4,5,True,,True,481.0,552.0,552.0,0.0,,,,0.0,"[2, 0, 1, 4, 3]",data/results/code_based_debug5/smtwtp/smtwtp_n5_inst4_run5.json
main,SMTWTP,Code-Based,5,smtwtp_n5_inst4,6,True,,True,143.0,1085.0,552.0,96.55797101449275,,,,0.0,"[4, 0, 2, 3, 1]",data/results/code_based_debug5/smtwtp/smtwtp_n5_inst4_run6.json
main,SMTWTP,Code-Based,5,smtwtp_n5_inst4,7,False,execution_error,False,,,552.0,,,,,5.0,,data/results/code_based_debug5/smtwtp/smtwtp_n5_inst4_run7.json
main,SMTWTP,Code-Based,5,smtwtp_n5_inst4,8,False,execution_error,False,,,552.0,,,,,5.0,,data/results/code_based_debug5/smtwtp/smtwtp_n5_inst4_run8.json
main,SMTWTP,Code-Based,5,smtwtp_n5_inst4,9,True,,True,81.0,786.0,552.0,42.391304347826086,,,,0.0,"[0, 1, 2, 3, 4]",data/results/code_based_debug5/smtwtp/smtwtp_n5_inst4_run9.json
main,SICLSP,Direct,10,siclsp_T10_inst0,1,True,,False,2670,,2745.0,,,,,,"{""1"": 33, ""2"": 50, ""3"": 34, ""4"": 25, ""5"": 33, ""6"": 36, ""7"": 50, ""8"": 29, ""9"": 24, ""10"": 42}",data/results/direct_siclsp_final/siclsp/siclsp_T10_inst0_run1.json
main,SICLSP,Direct,10,siclsp_T10_inst0,10,True,,False,2634,,2745.0,,,,,,"{""1"": 36, ""2"": 47, ""3"": 34, ""4"": 25, ""5"": 33, ""6"": 36, ""7"": 50, ""8"": 29, ""9"": 24, ""10"": 42}",data/results/direct_siclsp_final/siclsp/siclsp_T10_inst0_run10.json
main,SICLSP,Direct,10,siclsp_T10_inst0,2,True,,False,2611,,2745.0,,,,,,"{""1"": 36, ""2"": 47, ""3"": 34, ""4"": 25, ""5"": 33, ""6"": 36, ""7"": 50, ""8"": 29, ""9"": 24, ""10"": 42}",data/results/direct_siclsp_final/siclsp/siclsp_T10_inst0_run2.json
main,SICLSP,Direct,10,siclsp_T10_inst0,3,True,,False,2970,,2745.0,,,,,,"{""1"": 33, ""2"": 50, ""3"": 34, ""4"": 25, ""5"": 33, ""6"": 36, ""7"": 50, ""8"": 29, ""9"": 24, ""10"": 42}",data/results/direct_siclsp_final/siclsp/siclsp_T10_inst0_run3.json
main,SICLSP,Direct,10,siclsp_T10_inst0,4,True,,False,2670,,2745.0,,,,,,"{""1"": 36, ""2"": 50, ""3"": 34, ""4"": 25, ""5"": 33, ""6"": 36, ""7"": 50, ""8"": 29, ""9"": 24, ""10"": 42}",data/results/direct_siclsp_final/siclsp/siclsp_T10_inst0_run4.json
main,SICLSP,Direct,10,siclsp_T10_inst0,5,True,,False,2581,,2745.0,,,,,,"{""1"": 36, ""2"": 47, ""3"": 34, ""4"": 25, ""5"": 33, ""6"": 36, ""7"": 50, ""8"": 29, ""9"": 24, ""10"": 42}",data/results/direct_siclsp_final/siclsp/siclsp_T10_inst0_run5.json
main,SICLSP,Direct,10,siclsp_T10_inst0,6,True,,False,2651,,2745.0,,,,,,"{""1"": 36, ""2"": 47, ""3"": 34, ""4"": 25, ""5"": 33, ""6"": 36, ""7"": 50, ""8"": 29, ""9"": 24, ""10"": 42}",data/results/direct_siclsp_final/siclsp/siclsp_T10_inst0_run6.json
main,SICLSP,Direct,10,siclsp_T10_inst0,7,True,,False,2970,,2745.0,,,,,,"{""1"": 33, ""2"": 50, ""3"": 34, ""4"": 25, ""5"": 33, ""6"": 36, ""7"": 50, ""8"": 29, ""9"": 24, ""10"": 42}",data/results/direct_siclsp_final/siclsp/siclsp_T10_inst0_run7.json
main,SICLSP,Direct,10,siclsp_T10_inst0,8,True,,False,2970,,2745.0,,,,,,"{""1"": 36, ""2"": 50, ""3"": 34, ""4"": 25, ""5"": 33, ""6"": 36, ""7"": 50, ""8"": 29, ""9"": 24, ""10"": 42}",data/results/direct_siclsp_final/siclsp/siclsp_T10_inst0_run8.json
main,SICLSP,Direct,10,siclsp_T10_inst0,9,True,,False,2611,,2745.0,,,,,,"{""1"": 36, ""2"": 47, ""3"": 34, ""4"": 25, ""5"": 33, ""6"": 36, ""7"": 50, ""8"": 29, ""9"": 24, ""10"": 42}",data/results/direct_siclsp_final/siclsp/siclsp_T10_inst0_run9.json
main,SICLSP,Direct,10,siclsp_T10_inst1,1,True,,False,2654,,2756.0,,,,,,"{""1"": 15, ""2"": 30, ""3"": 22, ""4"": 37, ""5"": 27, ""6"": 26, ""7"": 47, ""8"": 42, ""9"": 40, ""10"": 36}",data/results/direct_siclsp_final/siclsp/siclsp_T10_inst1_run1.json
main,SICLSP,Direct,10,siclsp_T10_inst1,10,True,,False,2304,,2756.0,,,,,,"{""1"": 15, ""2"": 30, ""3"": 22, ""4"": 37, ""5"": 27, ""6"": 26, ""7"": 47, ""8"": 42, ""9"": 40, ""10"": 36}",data/results/direct_siclsp_final/siclsp/siclsp_T10_inst1_run10.json
main,SICLSP,Direct,10,siclsp_T10_inst1,2,True,,False,2274,,2756.0,,,,,,"{""1"": 15, ""2"": 30, ""3"": 22, ""4"": 37, ""5"": 27, ""6"": 26, ""7"": 47, ""8"": 42, ""9"": 40, ""10"": 36}",data/results/direct_siclsp_final/siclsp/siclsp_T10_inst1_run2.json
main,SICLSP,Direct,10,siclsp_T10_inst1,3,True,,False,2270,,2756.0,,,,,,"{""1"": 15, ""2"": 30, ""3"": 22, ""4"": 37, ""5"": 27, ""6"": 26, ""7"": 47, ""8"": 42, ""9"": 40, ""10"": 36}",data/results/direct_siclsp_final/siclsp/siclsp_T10_inst1_run3.json
main,SICLSP,Direct,10,siclsp_T10_inst1,4,True,,False,2274,,2756.0,,,,,,"{""1"": 15, ""2"": 30, ""3"": 22, ""4"": 37, ""5"": 27, ""6"": 26, ""7"": 47, ""8"": 42, ""9"": 40, ""10"": 36}",data/results/direct_siclsp_final/siclsp/siclsp_T10_inst1_run4.json
main,SICLSP,Direct,10,siclsp_T10_inst1,5,True,,False,2314,,2756.0,,,,,,"{""1"": 15, ""2"": 30, ""3"": 22, ""4"": 37, ""5"": 27, ""6"": 26, ""7"": 47, ""8"": 42, ""9"": 40, ""10"": 36}",data/results/direct_siclsp_final/siclsp/siclsp_T10_inst1_run5.json
main,SICLSP,Direct,10,siclsp_T10_inst1,6,True,,False,2274,,2756.0,,,,,,"{""1"": 15, ""2"": 30, ""3"": 22, ""4"": 37, ""5"": 27, ""6"": 26, ""7"": 47, ""8"": 42, ""9"": 40, ""10"": 36}",data/results/direct_siclsp_final/siclsp/siclsp_T10_inst1_run6.json
main,SICLSP,Direct,10,siclsp_T10_inst1,7,True,,False,2322,,2756.0,,,,,,"{""1"": 23, ""2"": 22, ""3"": 25, ""4"": 32, ""5"": 26, ""6"": 22, ""7"": 47, ""8"": 42, ""9"": 40, ""10"": 36}",data/results/direct_siclsp_final/siclsp/siclsp_T10_inst1_run7.json
main,SICLSP,Direct,10,siclsp_T10_inst1,8,True,,False,2308,,2756.0,,,,,,"{""1"": 15, ""2"": 30, ""3"": 22, ""4"": 37, ""5"": 27, ""6"": 26, ""7"": 47, ""8"": 42, ""9"": 40, ""10"": 36}",data/results/direct_siclsp_final/siclsp/siclsp_T10_inst1_run8.json
main,SICLSP,Direct,10,siclsp_T10_inst1,9,True,,False,2304,,2756.0,,,,,,"{""1"": 15, ""2"": 30, ""3"": 22, ""4"": 37, ""5"": 27, ""6"": 26, ""7"": 47, ""8"": 42, ""9"": 40, ""10"": 36}",data/results/direct_siclsp_final/siclsp/siclsp_T10_inst1_run9.json
main,SICLSP,Direct,10,siclsp_T10_inst2,1,True,,False,2877,,2555.0,,,,,,"{""1"": 31, ""2"": 32, ""3"": 40, ""4"": 21, ""5"": 31, ""6"": 17, ""7"": 10, ""8"": 17, ""9"": 49, ""10"": 45}",data/results/direct_siclsp_final/siclsp/siclsp_T10_inst2_run1.json
main,SICLSP,Direct,10,siclsp_T10_inst2,10,True,,False,2887,,2555.0,,,,,,"{""1"": 31, ""2"": 32, ""3"": 40, ""4"": 21, ""5"": 31, ""6"": 17, ""7"": 10, ""8"": 17, ""9"": 49, ""10"": 45}",data/results/direct_siclsp_final/siclsp/siclsp_T10_inst2_run10.json
main,SICLSP,Direct,10,siclsp_T10_inst2,2,True,,False,2887,,2555.0,,,,,,"{""1"": 31, ""2"": 32, ""3"": 40, ""4"": 21, ""5"": 31, ""6"": 13, ""7"": 10, ""8"": 17, ""9"": 49, ""10"": 45}",data/results/direct_siclsp_final/siclsp/siclsp_T10_inst2_run2.json
main,SICLSP,Direct,10,siclsp_T10_inst2,3,True,,False,3187,,2555.0,,,,,,"{""1"": 31, ""2"": 32, ""3"": 40, ""4"": 21, ""5"": 31, ""6"": 13, ""7"": 10, ""8"": 17, ""9"": 49, ""10"": 45}",data/results/direct_siclsp_final/siclsp/siclsp_T10_inst2_run3.json
main,SICLSP,Direct,10,siclsp_T10_inst2,4,True,,False,2887,,2555.0,,,,,,"{""1"": 31, ""2"": 32, ""3"": 40, ""4"": 21, ""5"": 31, ""6"": 17, ""7"": 10, ""8"": 17, ""9"": 49, ""10"": 45}",data/results/direct_siclsp_final/siclsp/siclsp_T10_inst2_run4.json
main,SICLSP,Direct,10,siclsp_T10_inst2,5,True,,False,3187,,2555.0,,,,,,"{""1"": 31, ""2"": 32, ""3"": 40, ""4"": 21, ""5"": 31, ""6"": 13, ""7"": 10, ""8"": 17, ""9"": 49, ""10"": 45}",data/results/direct_siclsp_final/siclsp/siclsp_T10_inst2_run5.json
main,SICLSP,Direct,10,siclsp_T10_inst2,6,True,,False,2877,,2555.0,,,,,,"{""1"": 31, ""2"": 32, ""3"": 40, ""4"": 21, ""5"": 31, ""6"": 17, ""7"": 10, ""8"": 17, ""9"": 49, ""10"": 45}",data/results/direct_siclsp_final/siclsp/siclsp_T10_inst2_run6.json
main,SICLSP,Direct,10,siclsp_T10_inst2,7,True,,False,2887,,2555.0,,,,,,"{""1"": 31, ""2"": 32, ""3"": 40, ""4"": 21, ""5"": 31, ""6"": 13, ""7"": 10, ""8"": 17, ""9"": 49, ""10"": 45}",data/results/direct_siclsp_final/siclsp/siclsp_T10_inst2_run7.json
main,SICLSP,Direct,10,siclsp_T10_inst2,8,True,,False,2887,,2555.0,,,,,,"{""1"": 31, ""2"": 32, ""3"": 40, ""4"": 21, ""5"": 31, ""6"": 13, ""7"": 10, ""8"": 17, ""9"": 49, ""10"": 45}",data/results/direct_siclsp_final/siclsp/siclsp_T10_inst2_run8.json
main,SICLSP,Direct,10,siclsp_T10_inst2,9,True,,False,2888,,2555.0,,,,,,"{""1"": 31, ""2"": 32, ""3"": 40, ""4"": 21, ""5"": 31, ""6"": 13, ""7"": 10, ""8"": 17, ""9"": 49, ""10"": 45}",data/results/direct_siclsp_final/siclsp/siclsp_T10_inst2_run9.json
main,SICLSP,Direct,10,siclsp_T10_inst3,1,True,,False,3024,,3161.0,,,,,,"{""1"": 36, ""2"": 39, ""3"": 11, ""4"": 25, ""5"": 26, ""6"": 18, ""7"": 30, ""8"": 26, ""9"": 38, ""10"": 38}",data/results/direct_siclsp_final/siclsp/siclsp_T10_inst3_run1.json
main,SICLSP,Direct,10,siclsp_T10_inst3,10,True,,True,3024,3762.0,3161.0,19.01297057893072,,,,,"{""1"": 36, ""2"": 48, ""3"": 11, ""4"": 25, ""5"": 26, ""6"": 25, ""7"": 30, ""8"": 26, ""9"": 38, ""10"": 38}",data/results/direct_siclsp_final/siclsp/siclsp_T10_inst3_run10.json
main,SICLSP,Direct,10,siclsp_T10_inst3,2,True,,True,3026,3664.0,3161.0,15.912685858905409,,,,,"{""1"": 36, ""2"": 48, ""3"": 11, ""4"": 25, ""5"": 26, ""6"": 18, ""7"": 30, ""8"": 26, ""9"": 38, ""10"": 38}",data/results/direct_siclsp_final/siclsp/siclsp_T10_inst3_run2.json
main,SICLSP,Direct,10,siclsp_T10_inst3,3,True,,True,3664,3762.0,3161.0,19.01297057893072,,,,,"{""1"": 36, ""2"": 48, ""3"": 11, ""4"": 25, ""5"": 26, ""6"": 25, ""7"": 30, ""8"": 26, ""9"": 38, ""10"": 38}",data/results/direct_siclsp_final/siclsp/siclsp_T10_inst3_run3.json
main,SICLSP,Direct,10,siclsp_T10_inst3,4,True,,True,3026,3664.0,3161.0,15.912685858905409,,,,,"{""1"": 36, ""2"": 48, ""3"": 11, ""4"": 25, ""5"": 26, ""6"": 18, ""7"": 30, ""8"": 26, ""9"": 38, ""10"": 38}",data/results/direct_siclsp_final/siclsp/siclsp_T10_inst3_run4.json
main,SICLSP,Direct,10,siclsp_T10_inst3,5,True,,True,3026,3664.0,3161.0,15.912685858905409,,,,,"{""1"": 36, ""2"": 48, ""3"": 11, ""4"": 25, ""5"": 26, ""6"": 18, ""7"": 30, ""8"": 26, ""9"": 38, ""10"": 38}",data/results/direct_siclsp_final/siclsp/siclsp_T10_inst3_run5.json
main,SICLSP,Direct,10,siclsp_T10_inst3,6,True,,True,3590,3762.0,3161.0,19.01297057893072,,,,,"{""1"": 36, ""2"": 48, ""3"": 11, ""4"": 25, ""5"": 26, ""6"": 25, ""7"": 30, ""8"": 26, ""9"": 38, ""10"": 38}",data/results/direct_siclsp_final/siclsp/siclsp_T10_inst3_run6.json
main,SICLSP,Direct,10,siclsp_T10_inst3,7,True,,False,3000,,3161.0,,,,,,"{""1"": 27, ""2"": 48, ""3"": 11, ""4"": 25, ""5"": 33, ""6"": 18, ""7"": 30, ""8"": 26, ""9"": 38, ""10"": 38}",data/results/direct_siclsp_final/siclsp/siclsp_T10_inst3_run7.json
main,SICLSP,Direct,10,siclsp_T10_inst3,8,True,,False,3000,,3161.0,,,,,,"{""1"": 27, ""2"": 48, ""3"": 11, ""4"": 25, ""5"": 33, ""6"": 18, ""7"": 30, ""8"": 26, ""9"": 38, ""10"": 38}",data/results/direct_siclsp_final/siclsp/siclsp_T10_inst3_run8.json
main,SICLSP,Direct,10,siclsp_T10_inst3,9,True,,True,3026,3664.0,3161.0,15.912685858905409,,,,,"{""1"": 36, ""2"": 48, ""3"": 11, ""4"": 25, ""5"": 26, ""6"": 18, ""7"": 30, ""8"": 26, ""9"": 38, ""10"": 38}",data/results/direct_siclsp_final/siclsp/siclsp_T10_inst3_run9.json
main,SICLSP,Direct,10,siclsp_T10_inst4,1,False,unparseable_response,False,,,2818.0,,,,,,,data/results/direct_siclsp_final/siclsp/siclsp_T10_inst4_run1.json
main,SICLSP,Direct,10,siclsp_T10_inst4,10,True,,False,2384,,2818.0,,,,,,"{""1"": 46, ""2"": 39, ""3"": 34, ""4"": 45, ""5"": 16, ""6"": 28, ""7"": 19, ""8"": 19, ""9"": 47, ""10"": 29}",data/results/direct_siclsp_final/siclsp/siclsp_T10_inst4_run10.json
main,SICLSP,Direct,10,siclsp_T10_inst4,2,True,,False,2993,,2818.0,,,,,,"{""1"": 30, ""2"": 39, ""3"": 34, ""4"": 45, ""5"": 16, ""6"": 28, ""7"": 19, ""8"": 19, ""9"": 47, ""10"": 29}",data/results/direct_siclsp_final/siclsp/siclsp_T10_inst4_run2.json
main,SICLSP,Direct,10,siclsp_T10_inst4,3,True,,False,2923,,2818.0,,,,,,"{""1"": 46, ""2"": 39, ""3"": 34, ""4"": 45, ""5"": 16, ""6"": 28, ""7"": 19, ""8"": 19, ""9"": 47, ""10"": 29}",data/results/direct_siclsp_final/siclsp/siclsp_T10_inst4_run3.json
main,SICLSP,Direct,10,siclsp_T10_inst4,4,True,,False,2993,,2818.0,,,,,,"{""1"": 30, ""2"": 39, ""3"": 34, ""4"": 45, ""5"": 16, ""6"": 28, ""7"": 19, ""8"": 19, ""9"": 47, ""10"": 29}",data/results/direct_siclsp_final/siclsp/siclsp_T10_inst4_run4.json
main,SICLSP,Direct,10,siclsp_T10_inst4,5,True,,False,2423,,2818.0,,,,,,"{""1"": 46, ""2"": 39, ""3"": 34, ""4"": 45, ""5"": 16, ""6"": 28, ""7"": 19, ""8"": 19, ""9"": 47, ""10"": 29}",data/results/direct_siclsp_final/siclsp/siclsp_T10_inst4_run5.json
main,SICLSP,Direct,10,siclsp_T10_inst4,6,True,,False,2423,,2818.0,,,,,,"{""1"": 46, ""2"": 39, ""3"": 34, ""4"": 45, ""5"": 16, ""6"": 28, ""7"": 19, ""8"": 19, ""9"": 47, ""10"": 29}",data/results/direct_siclsp_final/siclsp/siclsp_T10_inst4_run6.json
main,SICLSP,Direct,10,siclsp_T10_inst4,7,True,,False,2993,,2818.0,,,,,,"{""1"": 46, ""2"": 39, ""3"": 34, ""4"": 45, ""5"": 16, ""6"": 28, ""7"": 19, ""8"": 19, ""9"": 47, ""10"": 29}",data/results/direct_siclsp_final/siclsp/siclsp_T10_inst4_run7.json
main,SICLSP,Direct,10,siclsp_T10_inst4,8,True,,False,2993,,2818.0,,,,,,"{""1"": 46, ""2"": 39, ""3"": 34, ""4"": 45, ""5"": 16, ""6"": 28, ""7"": 19, ""8"": 19, ""9"": 47, ""10"": 29}",data/results/direct_siclsp_final/siclsp/siclsp_T10_inst4_run8.json
main,SICLSP,Direct,10,siclsp_T10_inst4,9,True,,False,2383,,2818.0,,,,,,"{""1"": 46, ""2"": 39, ""3"": 34, ""4"": 45, ""5"": 16, ""6"": 28, ""7"": 19, ""8"": 19, ""9"": 47, ""10"": 29}",data/results/direct_siclsp_final/siclsp/siclsp_T10_inst4_run9.json
main,SICLSP,Direct,15,siclsp_T15_inst0,1,True,,False,4512,,4680.0,,,,,,"{""1"": 44, ""2"": 13, ""3"": 34, ""4"": 41, ""5"": 25, ""6"": 35, ""7"": 43, ""8"": 39, ""9"": 26, ""10"": 42, ""11"": 18, ""12"": 32, ""13"": 42, ""14"": 26, ""15"": 34}",data/results/direct_siclsp_final/siclsp/siclsp_T15_inst0_run1.json
main,SICLSP,Direct,15,siclsp_T15_inst0,10,True,,False,4082,,4680.0,,,,,,"{""1"": 44, ""2"": 13, ""3"": 34, ""4"": 41, ""5"": 25, ""6"": 35, ""7"": 43, ""8"": 39, ""9"": 26, ""10"": 42, ""11"": 18, ""12"": 32, ""13"": 42, ""14"": 26, ""15"": 34}",data/results/direct_siclsp_final/siclsp/siclsp_T15_inst0_run10.json
main,SICLSP,Direct,15,siclsp_T15_inst0,2,True,,False,4510,,4680.0,,,,,,"{""1"": 44, ""2"": 13, ""3"": 34, ""4"": 41, ""5"": 25, ""6"": 35, ""7"": 43, ""8"": 39, ""9"": 26, ""10"": 42, ""11"": 18, ""12"": 32, ""13"": 42, ""14"": 26, ""15"": 34}",data/results/direct_siclsp_final/siclsp/siclsp_T15_inst0_run2.json
main,SICLSP,Direct,15,siclsp_T15_inst0,3,True,,False,4539,,4680.0,,,,,,"{""1"": 44, ""2"": 13, ""3"": 34, ""4"": 41, ""5"": 25, ""6"": 35, ""7"": 43, ""8"": 39, ""9"": 26, ""10"": 42, ""11"": 18, ""12"": 32, ""13"": 42, ""14"": 26, ""15"": 34}",data/results/direct_siclsp_final/siclsp/siclsp_T15_inst0_run3.json
main,SICLSP,Direct,15,siclsp_T15_inst0,4,True,,False,4780,,4680.0,,,,,,"{""1"": 44, ""2"": 13, ""3"": 34, ""4"": 41, ""5"": 25, ""6"": 35, ""7"": 43, ""8"": 39, ""9"": 26, ""10"": 42, ""11"": 18, ""12"": 32, ""13"": 42, ""14"": 26, ""15"": 34}",data/results/direct_siclsp_final/siclsp/siclsp_T15_inst0_run4.json
main,SICLSP,Direct,15,siclsp_T15_inst0,5,True,,False,4692,,4680.0,,,,,,"{""1"": 44, ""2"": 13, ""3"": 34, ""4"": 41, ""5"": 25, ""6"": 35, ""7"": 43, ""8"": 39, ""9"": 26, ""10"": 42, ""11"": 18, ""12"": 32, ""13"": 42, ""14"": 26, ""15"": 34}",data/results/direct_siclsp_final/siclsp/siclsp_T15_inst0_run5.json
main,SICLSP,Direct,15,siclsp_T15_inst0,6,True,,False,4320,,4680.0,,,,,,"{""1"": 44, ""2"": 13, ""3"": 34, ""4"": 41, ""5"": 25, ""6"": 35, ""7"": 43, ""8"": 39, ""9"": 26, ""10"": 42, ""11"": 18, ""12"": 32, ""13"": 42, ""14"": 26, ""15"": 34}",data/results/direct_siclsp_final/siclsp/siclsp_T15_inst0_run6.json
main,SICLSP,Direct,15,siclsp_T15_inst0,7,True,,False,4320,,4680.0,,,,,,"{""1"": 44, ""2"": 13, ""3"": 34, ""4"": 41, ""5"": 25, ""6"": 35, ""7"": 43, ""8"": 39, ""9"": 26, ""10"": 42, ""11"": 18, ""12"": 32, ""13"": 42, ""14"": 26, ""15"": 34}",data/results/direct_siclsp_final/siclsp/siclsp_T15_inst0_run7.json
main,SICLSP,Direct,15,siclsp_T15_inst0,8,True,,False,4694,,4680.0,,,,,,"{""1"": 44, ""2"": 0, ""3"": 34, ""4"": 41, ""5"": 25, ""6"": 35, ""7"": 43, ""8"": 39, ""9"": 26, ""10"": 42, ""11"": 18, ""12"": 32, ""13"": 42, ""14"": 26, ""15"": 34}",data/results/direct_siclsp_final/siclsp/siclsp_T15_inst0_run8.json
main,SICLSP,Direct,15,siclsp_T15_inst0,9,True,,False,4512,,4680.0,,,,,,"{""1"": 44, ""2"": 13, ""3"": 34, ""4"": 41, ""5"": 25, ""6"": 35, ""7"": 43, ""8"": 39, ""9"": 26, ""10"": 42, ""11"": 18, ""12"": 32, ""13"": 42, ""14"": 26, ""15"": 34}",data/results/direct_siclsp_final/siclsp/siclsp_T15_inst0_run9.json
main,SICLSP,Direct,15,siclsp_T15_inst1,1,True,,False,5121,,5126.0,,,,,,"{""1"": 35, ""2"": 50, ""3"": 43, ""4"": 28, ""5"": 48, ""6"": 20, ""7"": 35, ""8"": 45, ""9"": 12, ""10"": 27, ""11"": 11, ""12"": 21, ""13"": 15, ""14"": 12, ""15"": 21}",data/results/direct_siclsp_final/siclsp/siclsp_T15_inst1_run1.json
main,SICLSP,Direct,15,siclsp_T15_inst1,10,True,,False,5057,,5126.0,,,,,,"{""1"": 35, ""2"": 50, ""3"": 43, ""4"": 28, ""5"": 48, ""6"": 20, ""7"": 35, ""8"": 45, ""9"": 12, ""10"": 27, ""11"": 11, ""12"": 21, ""13"": 15, ""14"": 12, ""15"": 21}",data/results/direct_siclsp_final/siclsp/siclsp_T15_inst1_run10.json
main,SICLSP,Direct,15,siclsp_T15_inst1,2,True,,False,5180,,5126.0,,,,,,"{""1"": 40, ""2"": 45, ""3"": 56, ""4"": 28, ""5"": 48, ""6"": 20, ""7"": 35, ""8"": 45, ""9"": 12, ""10"": 27, ""11"": 11, ""12"": 21, ""13"": 15, ""14"": 12, ""15"": 21}",data/results/direct_siclsp_final/siclsp/siclsp_T15_inst1_run2.json
main,SICLSP,Direct,15,siclsp_T15_inst1,3,True,,False,4977,,5126.0,,,,,,"{""1"": 35, ""2"": 50, ""3"": 43, ""4"": 28, ""5"": 48, ""6"": 20, ""7"": 35, ""8"": 45, ""9"": 12, ""10"": 27, ""11"": 11, ""12"": 21, ""13"": 15, ""14"": 12, ""15"": 21}",data/results/direct_siclsp_final/siclsp/siclsp_T15_inst1_run3.json
main,SICLSP,Direct,15,siclsp_T15_inst1,4,True,,False,4797,,5126.0,,,,,,"{""1"": 35, ""2"": 50, ""3"": 43, ""4"": 28, ""5"": 48, ""6"": 20, ""7"": 35, ""8"": 45, ""9"": 12, ""10"": 27, ""11"": 11, ""12"": 21, ""13"": 15, ""14"": 12, ""15"": 21}",data/results/direct_siclsp_final/siclsp/siclsp_T15_inst1_run4.json
main,SICLSP,Direct,15,siclsp_T15_inst1,5,True,,False,5121,,5126.0,,,,,,"{""1"": 35, ""2"": 50, ""3"": 43, ""4"": 28, ""5"": 48, ""6"": 20, ""7"": 35, ""8"": 45, ""9"": 12, ""10"": 27, ""11"": 11, ""12"": 21, ""13"": 15, ""14"": 12, ""15"": 21}",data/results/direct_siclsp_final/siclsp/siclsp_T15_inst1_run5.json
main,SICLSP,Direct,15,siclsp_T15_inst1,6,True,,False,5057,,5126.0,,,,,,"{""1"": 35, ""2"": 50, ""3"": 43, ""4"": 28, ""5"": 48, ""6"": 20, ""7"": 35, ""8"": 45, ""9"": 12, ""10"": 27, ""11"": 11, ""12"": 21, ""13"": 15, ""14"": 12, ""15"": 21}",data/results/direct_siclsp_final/siclsp/siclsp_T15_inst1_run6.json
main,SICLSP,Direct,15,siclsp_T15_inst1,7,True,,False,4797,,5126.0,,,,,,"{""1"": 35, ""2"": 50, ""3"": 43, ""4"": 28, ""5"": 48, ""6"": 20, ""7"": 35, ""8"": 45, ""9"": 12, ""10"": 27, ""11"": 11, ""12"": 21, ""13"": 15, ""14"": 12, ""15"": 21}",data/results/direct_siclsp_final/siclsp/siclsp_T15_inst1_run7.json
main,SICLSP,Direct,15,siclsp_T15_inst1,8,True,,False,5121,,5126.0,,,,,,"{""1"": 35, ""2"": 50, ""3"": 43, ""4"": 28, ""5"": 48, ""6"": 20, ""7"": 35, ""8"": 45, ""9"": 12, ""10"": 27, ""11"": 11, ""12"": 21, ""13"": 15, ""14"": 12, ""15"": 21}",data/results/direct_siclsp_final/siclsp/siclsp_T15_inst1_run8.json
main,SICLSP,Direct,15,siclsp_T15_inst1,9,True,,False,5180,,5126.0,,,,,,"{""1"": 40, ""2"": 62, ""3"": 39, ""4"": 0, ""5"": 65, ""6"": 0, ""7"": 25, ""8"": 34, ""9"": 10, ""10"": 38, ""11"": 0, ""12"": 25, ""13"": 0, ""14"": 13, ""15"": 18}",data/results/direct_siclsp_final/siclsp/siclsp_T15_inst1_run9.json
main,SICLSP,Direct,15,siclsp_T15_inst2,1,True,,False,4342,,4484.0,,,,,,"{""1"": 42, ""2"": 46, ""3"": 46, ""4"": 26, ""5"": 37, ""6"": 49, ""7"": 36, ""8"": 47, ""9"": 47, ""10"": 12, ""11"": 30, ""12"": 48, ""13"": 15, ""14"": 17, ""15"": 34}",data/results/direct_siclsp_final/siclsp/siclsp_T15_inst2_run1.json
main,SICLSP,Direct,15,siclsp_T15_inst2,10,True,,False,3942,,4484.0,,,,,,"{""1"": 42, ""2"": 46, ""3"": 46, ""4"": 26, ""5"": 37, ""6"": 49, ""7"": 36, ""8"": 47, ""9"": 47, ""10"": 12, ""11"": 30, ""12"": 48, ""13"": 15, ""14"": 17, ""15"": 34}",data/results/direct_siclsp_final/siclsp/siclsp_T15_inst2_run10.json
main,SICLSP,Direct,15,siclsp_T15_inst2,2,True,,False,4328,,4484.0,,,,,,"{""1"": 42, ""2"": 46, ""3"": 46, ""4"": 26, ""5"": 37, ""6"": 49, ""7"": 36, ""8"": 47, ""9"": 47, ""10"": 12, ""11"": 30, ""12"": 48, ""13"": 15, ""14"": 17, ""15"": 34}",data/results/direct_siclsp_final/siclsp/siclsp_T15_inst2_run2.json
main,SICLSP,Direct,15,siclsp_T15_inst2,3,True,,False,4088,,4484.0,,,,,,"{""1"": 42, ""2"": 32, ""3"": 46, ""4"": 26, ""5"": 37, ""6"": 49, ""7"": 36, ""8"": 47, ""9"": 47, ""10"": 12, ""11"": 30, ""12"": 48, ""13"": 15, ""14"": 17, ""15"": 34}",data/results/direct_siclsp_final/siclsp/siclsp_T15_inst2_run3.json
main,SICLSP,Direct,15,siclsp_T15_inst2,4,True,,False,4328,,4484.0,,,,,,"{""1"": 42, ""2"": 32, ""3"": 46, ""4"": 26, ""5"": 37, ""6"": 49, ""7"": 36, ""8"": 47, ""9"": 47, ""10"": 12, ""11"": 30, ""12"": 48, ""13"": 15, ""14"": 17, ""15"": 34}",data/results/direct_siclsp_final/siclsp/siclsp_T15_inst2_run4.json
main,SICLSP,Direct,15,siclsp_T15_inst2,5,True,,False,4328,,4484.0,,,,,,"{""1"": 42, ""2"": 46, ""3"": 46, ""4"": 26, ""5"": 37, ""6"": 49, ""7"": 36, ""8"": 47, ""9"": 47, ""10"": 12, ""11"": 30, ""12"": 48, ""13"": 15, ""14"": 17, ""15"": 34}",data/results/direct_siclsp_final/siclsp/siclsp_T15_inst2_run5.json
main,SICLSP,Direct,15,siclsp_T15_inst2,6,True,,False,4080,,4484.0,,,,,,"{""1"": 42, ""2"": 32, ""3"": 46, ""4"": 26, ""5"": 37, ""6"": 36, ""7"": 36, ""8"": 47, ""9"": 47, ""10"": 12, ""11"": 30, ""12"": 48, ""13"": 15, ""14"": 17, ""15"": 34}",data/results/direct_siclsp_final/siclsp/siclsp_T15_inst2_run6.json
main,SICLSP,Direct,15,siclsp_T15_inst2,7,True,,False,4328,,4484.0,,,,,,"{""1"": 42, ""2"": 46, ""3"": 46, ""4"": 26, ""5"": 37, ""6"": 49, ""7"": 36, ""8"": 47, ""9"": 47, ""10"": 12, ""11"": 30, ""12"": 48, ""13"": 15, ""14"": 17, ""15"": 34}",data/results/direct_siclsp_final/siclsp/siclsp_T15_inst2_run7.json
main,SICLSP,Direct,15,siclsp_T15_inst2,8,True,,False,4080,,4484.0,,,,,,"{""1"": 42, ""2"": 32, ""3"": 46, ""4"": 26, ""5"": 37, ""6"": 36, ""7"": 36, ""8"": 47, ""9"": 47, ""10"": 12, ""11"": 30, ""12"": 48, ""13"": 15, ""14"": 17, ""15"": 34}",data/results/direct_siclsp_final/siclsp/siclsp_T15_inst2_run8.json
main,SICLSP,Direct,15,siclsp_T15_inst2,9,True,,False,4328,,4484.0,,,,,,"{""1"": 42, ""2"": 46, ""3"": 46, ""4"": 26, ""5"": 37, ""6"": 49, ""7"": 36, ""8"": 47, ""9"": 47, ""10"": 12, ""11"": 30, ""12"": 48, ""13"": 15, ""14"": 17, ""15"": 34}",data/results/direct_siclsp_final/siclsp/siclsp_T15_inst2_run9.json
main,SICLSP,Direct,15,siclsp_T15_inst3,1,True,,False,4510,,4651.0,,,,,,"{""1"": 23, ""2"": 21, ""3"": 21, ""4"": 40, ""5"": 22, ""6"": 33, ""7"": 13, ""8"": 42, ""9"": 20, ""10"": 48, ""11"": 24, ""12"": 14, ""13"": 35, ""14"": 49, ""15"": 33}",data/results/direct_siclsp_final/siclsp/siclsp_T15_inst3_run1.json
main,SICLSP,Direct,15,siclsp_T15_inst3,10,True,,False,4084,,4651.0,,,,,,"{""1"": 37, ""2"": 32, ""3"": 0, ""4"": 50, ""5"": 0, ""6"": 45, ""7"": 0, ""8"": 42, ""9"": 0, ""10"": 48, ""11"": 0, ""12"": 22, ""13"": 35, ""14"": 54, ""15"": 34}",data/results/direct_siclsp_final/siclsp/siclsp_T15_inst3_run10.json
main,SICLSP,Direct,15,siclsp_T15_inst3,2,True,,False,4080,,4651.0,,,,,,"{""1"": 37, ""2"": 32, ""3"": 0, ""4"": 40, ""5"": 22, ""6"": 45, ""7"": 13, ""8"": 42, ""9"": 0, ""10"": 48, ""11"": 24, ""12"": 22, ""13"": 35, ""14"": 54, ""15"": 34}",data/results/direct_siclsp_final/siclsp/siclsp_T15_inst3_run2.json
main,SICLSP,Direct,15,siclsp_T15_inst3,3,True,,False,4510,,4651.0,,,,,,"{""1"": 37, ""2"": 21, ""3"": 21, ""4"": 40, ""5"": 22, ""6"": 39, ""7"": 13, ""8"": 42, ""9"": 20, ""10"": 48, ""11"": 24, ""12"": 22, ""13"": 35, ""14"": 54, ""15"": 33}",data/results/direct_siclsp_final/siclsp/siclsp_T15_inst3_run3.json
main,SICLSP,Direct,15,siclsp_T15_inst3,4,True,,False,4510,,4651.0,,,,,,"{""1"": 37, ""2"": 7, ""3"": 21, ""4"": 40, ""5"": 22, ""6"": 39, ""7"": 13, ""8"": 50, ""9"": 26, ""10"": 48, ""11"": 27, ""12"": 14, ""13"": 43, ""14"": 49, ""15"": 33}",data/results/direct_siclsp_final/siclsp/siclsp_T15_inst3_run4.json
main,SICLSP,Direct,15,siclsp_T15_inst3,5,True,,False,4320,,4651.0,,,,,,"{""1"": 23, ""2"": 21, ""3"": 21, ""4"": 40, ""5"": 22, ""6"": 39, ""7"": 13, ""8"": 50, ""9"": 26, ""10"": 48, ""11"": 27, ""12"": 14, ""13"": 43, ""14"": 49, ""15"": 33}",data/results/direct_siclsp_final/siclsp/siclsp_T15_inst3_run5.json
main,SICLSP,Direct,15,siclsp_T15_inst3,6,True,,False,4081,,4651.0,,,,,,"{""1"": 37, ""2"": 32, ""3"": 0, ""4"": 40, ""5"": 22, ""6"": 39, ""7"": 0, ""8"": 50, ""9"": 0, ""10"": 48, ""11"": 3, ""12"": 22, ""13"": 35, ""14"": 54, ""15"": 33}",data/results/direct_siclsp_final/siclsp/siclsp_T15_inst3_run6.json
main,SICLSP,Direct,15,siclsp_T15_inst3,7,True,,False,4510,,4651.0,,,,,,"{""1"": 37, ""2"": 32, ""3"": 0, ""4"": 40, ""5"": 22, ""6"": 45, ""7"": 0, ""8"": 42, ""9"": 20, ""10"": 48, ""11"": 24, ""12"": 0, ""13"": 35, ""14"": 54, ""15"": 34}",data/results/direct_siclsp_final/siclsp/siclsp_T15_inst3_run7.json
main,SICLSP,Direct,15,siclsp_T15_inst3,8,True,,False,4510,,4651.0,,,,,,"{""1"": 37, ""2"": 0, ""3"": 9, ""4"": 40, ""5"": 22, ""6"": 39, ""7"": 0, ""8"": 50, ""9"": 20, ""10"": 48, ""11"": 24, ""12"": 14, ""13"": 35, ""14"": 54, ""15"": 33}",data/results/direct_siclsp_final/siclsp/siclsp_T15_inst3_run8.json
main,SICLSP,Direct,15,siclsp_T15_inst3,9,True,,False,4514,,4651.0,,,,,,"{""1"": 37, ""2"": 32, ""3"": 0, ""4"": 40, ""5"": 22, ""6"": 45, ""7"": 0, ""8"": 42, ""9"": 20, ""10"": 48, ""11"": 24, ""12"": 0, ""13"": 35, ""14"": 54, ""15"": 34}",data/results/direct_siclsp_final/siclsp/siclsp_T15_inst3_run9.json
main,SICLSP,Direct,15,siclsp_T15_inst4,1,True,,False,4080,,4340.0,,,,,,"{""1"": 50, ""2"": 14, ""3"": 37, ""4"": 44, ""5"": 16, ""6"": 17, ""7"": 44, ""8"": 12, ""9"": 37, ""10"": 48, ""11"": 39, ""12"": 33, ""13"": 43, ""14"": 33, ""15"": 35}",data/results/direct_siclsp_final/siclsp/siclsp_T15_inst4_run1.json
main,SICLSP,Direct,15,siclsp_T15_inst4,10,True,,False,4040,,4340.0,,,,,,"{""1"": 50, ""2"": 0, ""3"": 37, ""4"": 44, ""5"": 16, ""6"": 17, ""7"": 44, ""8"": 12, ""9"": 37, ""10"": 48, ""11"": 39, ""12"": 33, ""13"": 43, ""14"": 33, ""15"": 35}",data/results/direct_siclsp_final/siclsp/siclsp_T15_inst4_run10.json
main,SICLSP,Direct,15,siclsp_T15_inst4,2,True,,False,4320,,4340.0,,,,,,"{""1"": 50, ""2"": 20, ""3"": 37, ""4"": 44, ""5"": 16, ""6"": 17, ""7"": 44, ""8"": 12, ""9"": 37, ""10"": 48, ""11"": 39, ""12"": 33, ""13"": 43, ""14"": 33, ""15"": 35}",data/results/direct_siclsp_final/siclsp/siclsp_T15_inst4_run2.json
main,SICLSP,Direct,15,siclsp_T15_inst4,3,True,,False,3680,,4340.0,,,,,,"{""1"": 50, ""2"": 0, ""3"": 37, ""4"": 44, ""5"": 16, ""6"": 17, ""7"": 44, ""8"": 12, ""9"": 37, ""10"": 48, ""11"": 39, ""12"": 33, ""13"": 43, ""14"": 33, ""15"": 35}",data/results/direct_siclsp_final/siclsp/siclsp_T15_inst4_run3.json
main,SICLSP,Direct,15,siclsp_T15_inst4,4,True,,False,3680,,4340.0,,,,,,"{""1"": 50, ""2"": 0, ""3"": 37, ""4"": 44, ""5"": 16, ""6"": 17, ""7"": 44, ""8"": 12, ""9"": 37, ""10"": 48, ""11"": 39, ""12"": 33, ""13"": 43, ""14"": 33, ""15"": 35}",data/results/direct_siclsp_final/siclsp/siclsp_T15_inst4_run4.json
main,SICLSP,Direct,15,siclsp_T15_inst4,5,True,,False,3850,,4340.0,,,,,,"{""1"": 50, ""2"": 0, ""3"": 37, ""4"": 44, ""5"": 16, ""6"": 17, ""7"": 44, ""8"": 12, ""9"": 37, ""10"": 48, ""11"": 39, ""12"": 33, ""13"": 43, ""14"": 33, ""15"": 35}",data/results/direct_siclsp_final/siclsp/siclsp_T15_inst4_run5.json
main,SICLSP,Direct,15,siclsp_T15_inst4,6,True,,False,3680,,4340.0,,,,,,"{""1"": 50, ""2"": 0, ""3"": 37, ""4"": 44, ""5"": 16, ""6"": 17, ""7"": 44, ""8"": 12, ""9"": 37, ""10"": 48, ""11"": 39, ""12"": 33, ""13"": 43, ""14"": 33, ""15"": 35}",data/results/direct_siclsp_final/siclsp/siclsp_T15_inst4_run6.json
main,SICLSP,Direct,15,siclsp_T15_inst4,7,True,,False,3850,,4340.0,,,,,,"{""1"": 50, ""2"": 0, ""3"": 37, ""4"": 44, ""5"": 16, ""6"": 17, ""7"": 44, ""8"": 12, ""9"": 37, ""10"": 48, ""11"": 39, ""12"": 33, ""13"": 43, ""14"": 33, ""15"": 35}",data/results/direct_siclsp_final/siclsp/siclsp_T15_inst4_run7.json
main,SICLSP,Direct,15,siclsp_T15_inst4,8,True,,False,4510,,4340.0,,,,,,"{""1"": 50, ""2"": 20, ""3"": 37, ""4"": 44, ""5"": 22, ""6"": 20, ""7"": 44, ""8"": 15, ""9"": 37, ""10"": 48, ""11"": 30, ""12"": 33, ""13"": 43, ""14"": 33, ""15"": 35}",data/results/direct_siclsp_final/siclsp/siclsp_T15_inst4_run8.json
main,SICLSP,Direct,15,siclsp_T15_inst4,9,True,,False,4080,,4340.0,,,,,,"{""1"": 50, ""2"": 0, ""3"": 37, ""4"": 44, ""5"": 16, ""6"": 17, ""7"": 44, ""8"": 12, ""9"": 37, ""10"": 48, ""11"": 39, ""12"": 33, ""13"": 43, ""14"": 33, ""15"": 35}",data/results/direct_siclsp_final/siclsp/siclsp_T15_inst4_run9.json
main,SICLSP,Direct,20,siclsp_T20_inst0,1,True,,False,5980,,5053.0,,,,,,"{""1"": 10, ""2"": 37, ""3"": 34, ""4"": 10, ""5"": 36, ""6"": 42, ""7"": 11, ""8"": 14, ""9"": 33, ""10"": 50, ""11"": 29, ""12"": 42, ""13"": 20, ""14"": 37, ""15"": 16, ""16"": 28, ""17"": 45, ""18"": 44, ""19"": 32, ""20"": 22}",data/results/direct_siclsp_final/siclsp/siclsp_T20_inst0_run1.json
main,SICLSP,Direct,20,siclsp_T20_inst0,10,True,,False,6170,,5053.0,,,,,,"{""1"": 10, ""2"": 37, ""3"": 34, ""4"": 10, ""5"": 36, ""6"": 42, ""7"": 11, ""8"": 14, ""9"": 33, ""10"": 50, ""11"": 29, ""12"": 42, ""13"": 20, ""14"": 37, ""15"": 16, ""16"": 28, ""17"": 45, ""18"": 44, ""19"": 32, ""20"": 22}",data/results/direct_siclsp_final/siclsp/siclsp_T20_inst0_run10.json
main,SICLSP,Direct,20,siclsp_T20_inst0,2,True,,False,5980,,5053.0,,,,,,"{""1"": 10, ""2"": 37, ""3"": 34, ""4"": 10, ""5"": 36, ""6"": 42, ""7"": 11, ""8"": 14, ""9"": 33, ""10"": 50, ""11"": 29, ""12"": 42, ""13"": 20, ""14"": 37, ""15"": 16, ""16"": 28, ""17"": 45, ""18"": 44, ""19"": 32, ""20"": 22}",data/results/direct_siclsp_final/siclsp/siclsp_T20_inst0_run2.json
main,SICLSP,Direct,20,siclsp_T20_inst0,3,True,,False,5793,,5053.0,,,,,,"{""1"": 10, ""2"": 37, ""3"": 34, ""4"": 10, ""5"": 36, ""6"": 42, ""7"": 11, ""8"": 14, ""9"": 33, ""10"": 50, ""11"": 29, ""12"": 42, ""13"": 20, ""14"": 37, ""15"": 16, ""16"": 28, ""17"": 45, ""18"": 44, ""19"": 32, ""20"": 22}",data/results/direct_siclsp_final/siclsp/siclsp_T20_inst0_run3.json
main,SICLSP,Direct,20,siclsp_T20_inst0,4,True,,False,5793,,5053.0,,,,,,"{""1"": 10, ""2"": 37, ""3"": 34, ""4"": 10, ""5"": 36, ""6"": 42, ""7"": 11, ""8"": 14, ""9"": 33, ""10"": 50, ""11"": 29, ""12"": 42, ""13"": 20, ""14"": 37, ""15"": 16, ""16"": 28, ""17"": 45, ""18"": 44, ""19"": 32, ""20"": 22}",data/results/direct_siclsp_final/siclsp/siclsp_T20_inst0_run4.json
main,SICLSP,Direct,20,siclsp_T20_inst0,5,True,,False,5790,,5053.0,,,,,,"{""1"": 10, ""2"": 37, ""3"": 34, ""4"": 10, ""5"": 36, ""6"": 42, ""7"": 11, ""8"": 14, ""9"": 33, ""10"": 50, ""11"": 29, ""12"": 42, ""13"": 20, ""14"": 37, ""15"": 16, ""16"": 28, ""17"": 45, ""18"": 44, ""19"": 32, ""20"": 22}",data/results/direct_siclsp_final/siclsp/siclsp_T20_inst0_run5.json
main,SICLSP,Direct,20,siclsp_T20_inst0,6,True,,False,6171,,5053.0,,,,,,"{""1"": 10, ""2"": 37, ""3"": 34, ""4"": 10, ""5"": 36, ""6"": 42, ""7"": 11, ""8"": 14, ""9"": 33, ""10"": 50, ""11"": 29, ""12"": 42, ""13"": 20, ""14"": 37, ""15"": 16, ""16"": 28, ""17"": 45, ""18"": 44, ""19"": 32, ""20"": 22}",data/results/direct_siclsp_final/siclsp/siclsp_T20_inst0_run6.json
main,SICLSP,Direct,20,siclsp_T20_inst0,7,True,,False,6173,,5053.0,,,,,,"{""1"": 10, ""2"": 37, ""3"": 34, ""4"": 10, ""5"": 36, ""6"": 42, ""7"": 11, ""8"": 14, ""9"": 33, ""10"": 50, ""11"": 29, ""12"": 42, ""13"": 20, ""14"": 37, ""15"": 16, ""16"": 28, ""17"": 45, ""18"": 44, ""19"": 32, ""20"": 22}",data/results/direct_siclsp_final/siclsp/siclsp_T20_inst0_run7.json
main,SICLSP,Direct,20,siclsp_T20_inst0,8,True,,False,6172,,5053.0,,,,,,"{""1"": 10, ""2"": 37, ""3"": 34, ""4"": 10, ""5"": 36, ""6"": 42, ""7"": 11, ""8"": 14, ""9"": 33, ""10"": 50, ""11"": 29, ""12"": 42, ""13"": 20, ""14"": 37, ""15"": 16, ""16"": 28, ""17"": 45, ""18"": 44, ""19"": 32, ""20"": 22}",data/results/direct_siclsp_final/siclsp/siclsp_T20_inst0_run8.json
main,SICLSP,Direct,20,siclsp_T20_inst0,9,True,,False,5793,,5053.0,,,,,,"{""1"": 10, ""2"": 37, ""3"": 34, ""4"": 10, ""5"": 36, ""6"": 42, ""7"": 11, ""8"": 14, ""9"": 33, ""10"": 50, ""11"": 29, ""12"": 42, ""13"": 20, ""14"": 37, ""15"": 16, ""16"": 28, ""17"": 45, ""18"": 44, ""19"": 32, ""20"": 22}",data/results/direct_siclsp_final/siclsp/siclsp_T20_inst0_run9.json
main,SICLSP,Direct,20,siclsp_T20_inst1,1,True,,False,5560,,5713.0,,,,,,"{""1"": 13, ""2"": 20, ""3"": 38, ""4"": 50, ""5"": 32, ""6"": 48, ""7"": 41, ""8"": 45, ""9"": 35, ""10"": 28, ""11"": 28, ""12"": 40, ""13"": 40, ""14"": 41, ""15"": 46, ""16"": 49, ""17"": 42, ""18"": 50, ""19"": 36, ""20"": 34}",data/results/direct_siclsp_final/siclsp/siclsp_T20_inst1_run1.json
main,SICLSP,Direct,20,siclsp_T20_inst1,10,True,,False,5800,,5713.0,,,,,,"{""1"": 13, ""2"": 20, ""3"": 38, ""4"": 50, ""5"": 32, ""6"": 48, ""7"": 41, ""8"": 45, ""9"": 35, ""10"": 28, ""11"": 28, ""12"": 40, ""13"": 40, ""14"": 41, ""15"": 46, ""16"": 49, ""17"": 42, ""18"": 50, ""19"": 36, ""20"": 34}",data/results/direct_siclsp_final/siclsp/siclsp_T20_inst1_run10.json
main,SICLSP,Direct,20,siclsp_T20_inst1,2,True,,False,5560,,5713.0,,,,,,"{""1"": 13, ""2"": 20, ""3"": 38, ""4"": 50, ""5"": 32, ""6"": 48, ""7"": 41, ""8"": 45, ""9"": 35, ""10"": 28, ""11"": 28, ""12"": 40, ""13"": 40, ""14"": 41, ""15"": 46, ""16"": 49, ""17"": 42, ""18"": 50, ""19"": 36, ""20"": 34}",data/results/direct_siclsp_final/siclsp/siclsp_T20_inst1_run2.json
main,SICLSP,Direct,20,siclsp_T20_inst1,3,True,,False,5548,,5713.0,,,,,,"{""1"": 13, ""2"": 20, ""3"": 38, ""4"": 50, ""5"": 32, ""6"": 48, ""7"": 41, ""8"": 45, ""9"": 35, ""10"": 28, ""11"": 28, ""12"": 40, ""13"": 40, ""14"": 41, ""15"": 46, ""16"": 49, ""17"": 42, ""18"": 50, ""19"": 36, ""20"": 34}",data/results/direct_siclsp_final/siclsp/siclsp_T20_inst1_run3.json
main,SICLSP,Direct,20,siclsp_T20_inst1,4,True,,False,5560,,5713.0,,,,,,"{""1"": 13, ""2"": 20, ""3"": 38, ""4"": 50, ""5"": 32, ""6"": 48, ""7"": 41, ""8"": 45, ""9"": 35, ""10"": 28, ""11"": 28, ""12"": 40, ""13"": 40, ""14"": 41, ""15"": 46, ""16"": 49, ""17"": 42, ""18"": 50, ""19"": 36, ""20"": 34}",data/results/direct_siclsp_final/siclsp/siclsp_T20_inst1_run4.json
main,SICLSP,Direct,20,siclsp_T20_inst1,5,True,,False,5543,,5713.0,,,,,,"{""1"": 13, ""2"": 20, ""3"": 38, ""4"": 50, ""5"": 32, ""6"": 48, ""7"": 41, ""8"": 45, ""9"": 35, ""10"": 28, ""11"": 28, ""12"": 40, ""13"": 40, ""14"": 41, ""15"": 46, ""16"": 49, ""17"": 42, ""18"": 50, ""19"": 36, ""20"": 34}",data/results/direct_siclsp_final/siclsp/siclsp_T20_inst1_run5.json
main,SICLSP,Direct,20,siclsp_T20_inst1,6,True,,False,5543,,5713.0,,,,,,"{""1"": 13, ""2"": 20, ""3"": 38, ""4"": 50, ""5"": 32, ""6"": 48, ""7"": 41, ""8"": 45, ""9"": 35, ""10"": 28, ""11"": 28, ""12"": 40, ""13"": 40, ""14"": 41, ""15"": 46, ""16"": 49, ""17"": 42, ""18"": 50, ""19"": 36, ""20"": 34}",data/results/direct_siclsp_final/siclsp/siclsp_T20_inst1_run6.json
main,SICLSP,Direct,20,siclsp_T20_inst1,7,True,,False,5560,,5713.0,,,,,,"{""1"": 13, ""2"": 20, ""3"": 38, ""4"": 50, ""5"": 32, ""6"": 48, ""7"": 41, ""8"": 45, ""9"": 35, ""10"": 28, ""11"": 28, ""12"": 40, ""13"": 40, ""14"": 41, ""15"": 46, ""16"": 49, ""17"": 42, ""18"": 50, ""19"": 36, ""20"": 34}",data/results/direct_siclsp_final/siclsp/siclsp_T20_inst1_run7.json
main,SICLSP,Direct,20,siclsp_T20_inst1,8,True,,False,5543,,5713.0,,,,,,"{""1"": 13, ""2"": 20, ""3"": 38, ""4"": 50, ""5"": 32, ""6"": 48, ""7"": 41, ""8"": 45, ""9"": 35, ""10"": 28, ""11"": 28, ""12"": 40, ""13"": 40, ""14"": 41, ""15"": 46, ""16"": 49, ""17"": 42, ""18"": 50, ""19"": 36, ""20"": 34}",data/results/direct_siclsp_final/siclsp/siclsp_T20_inst1_run8.json
main,SICLSP,Direct,20,siclsp_T20_inst1,9,True,,False,5563,,5713.0,,,,,,"{""1"": 13, ""2"": 20, ""3"": 38, ""4"": 50, ""5"": 32, ""6"": 48, ""7"": 41, ""8"": 45, ""9"": 35, ""10"": 28, ""11"": 28, ""12"": 40, ""13"": 40, ""14"": 41, ""15"": 46, ""16"": 49, ""17"": 42, ""18"": 50, ""19"": 36, ""20"": 34}",data/results/direct_siclsp_final/siclsp/siclsp_T20_inst1_run9.json
main,SICLSP,Direct,20,siclsp_T20_inst2,1,True,,False,5790,,5135.0,,,,,,"{""1"": 19, ""2"": 21, ""3"": 29, ""4"": 34, ""5"": 31, ""6"": 25, ""7"": 42, ""8"": 43, ""9"": 16, ""10"": 37, ""11"": 23, ""12"": 29, ""13"": 49, ""14"": 22, ""15"": 10, ""16"": 13, ""17"": 20, ""18"": 46, ""19"": 40, ""20"": 27}",data/results/direct_siclsp_final/siclsp/siclsp_T20_inst2_run1.json
main,SICLSP,Direct,20,siclsp_T20_inst2,10,True,,False,5984,,5135.0,,,,,,"{""1"": 19, ""2"": 21, ""3"": 29, ""4"": 34, ""5"": 31, ""6"": 25, ""7"": 42, ""8"": 43, ""9"": 16, ""10"": 37, ""11"": 23, ""12"": 29, ""13"": 49, ""14"": 22, ""15"": 10, ""16"": 13, ""17"": 20, ""18"": 46, ""19"": 40, ""20"": 27}",data/results/direct_siclsp_final/siclsp/siclsp_T20_inst2_run10.json
main,SICLSP,Direct,20,siclsp_T20_inst2,2,True,,False,5980,,5135.0,,,,,,"{""1"": 19, ""2"": 21, ""3"": 29, ""4"": 34, ""5"": 31, ""6"": 25, ""7"": 42, ""8"": 43, ""9"": 16, ""10"": 37, ""11"": 23, ""12"": 29, ""13"": 49, ""14"": 22, ""15"": 10, ""16"": 13, ""17"": 20, ""18"": 46, ""19"": 40, ""20"": 27}",data/results/direct_siclsp_final/siclsp/siclsp_T20_inst2_run2.json
main,SICLSP,Direct,20,siclsp_T20_inst2,3,True,,False,5793,,5135.0,,,,,,"{""1"": 19, ""2"": 21, ""3"": 29, ""4"": 34, ""5"": 31, ""6"": 25, ""7"": 42, ""8"": 43, ""9"": 16, ""10"": 37, ""11"": 23, ""12"": 29, ""13"": 49, ""14"": 22, ""15"": 10, ""16"": 13, ""17"": 20, ""18"": 46, ""19"": 40, ""20"": 27}",data/results/direct_siclsp_final/siclsp/siclsp_T20_inst2_run3.json
main,SICLSP,Direct,20,siclsp_T20_inst2,4,True,,False,5564,,5135.0,,,,,,"{""1"": 19, ""2"": 21, ""3"": 29, ""4"": 34, ""5"": 31, ""6"": 25, ""7"": 42, ""8"": 43, ""9"": 16, ""10"": 37, ""11"": 23, ""12"": 29, ""13"": 49, ""14"": 22, ""15"": 10, ""16"": 13, ""17"": 20, ""18"": 46, ""19"": 40, ""20"": 27}",data/results/direct_siclsp_final/siclsp/siclsp_T20_inst2_run4.json
main,SICLSP,Direct,20,siclsp_T20_inst2,5,True,,False,5980,,5135.0,,,,,,"{""1"": 19, ""2"": 21, ""3"": 29, ""4"": 34, ""5"": 31, ""6"": 25, ""7"": 42, ""8"": 43, ""9"": 16, ""10"": 37, ""11"": 23, ""12"": 29, ""13"": 49, ""14"": 22, ""15"": 10, ""16"": 13, ""17"": 20, ""18"": 46, ""19"": 40, ""20"": 27}",data/results/direct_siclsp_final/siclsp/siclsp_T20_inst2_run5.json
main,SICLSP,Direct,20,siclsp_T20_inst2,6,True,,False,5981,,5135.0,,,,,,"{""1"": 19, ""2"": 21, ""3"": 29, ""4"": 34, ""5"": 31, ""6"": 25, ""7"": 42, ""8"": 43, ""9"": 16, ""10"": 37, ""11"": 23, ""12"": 29, ""13"": 49, ""14"": 22, ""15"": 10, ""16"": 13, ""17"": 20, ""18"": 46, ""19"": 40, ""20"": 27}",data/results/direct_siclsp_final/siclsp/siclsp_T20_inst2_run6.json
main,SICLSP,Direct,20,siclsp_T20_inst2,7,True,,False,5560,,5135.0,,,,,,"{""1"": 19, ""2"": 21, ""3"": 29, ""4"": 34, ""5"": 31, ""6"": 25, ""7"": 42, ""8"": 43, ""9"": 16, ""10"": 37, ""11"": 23, ""12"": 29, ""13"": 49, ""14"": 22, ""15"": 10, ""16"": 13, ""17"": 20, ""18"": 46, ""19"": 40, ""20"": 27}",data/results/direct_siclsp_final/siclsp/siclsp_T20_inst2_run7.json
main,SICLSP,Direct,20,siclsp_T20_inst2,8,True,,False,5560,,5135.0,,,,,,"{""1"": 19, ""2"": 21, ""3"": 29, ""4"": 34, ""5"": 31, ""6"": 25, ""7"": 42, ""8"": 43, ""9"": 16, ""10"": 37, ""11"": 23, ""12"": 29, ""13"": 49, ""14"": 22, ""15"": 10, ""16"": 13, ""17"": 20, ""18"": 46, ""19"": 40, ""20"": 27}",data/results/direct_siclsp_final/siclsp/siclsp_T20_inst2_run8.json
main,SICLSP,Direct,20,siclsp_T20_inst2,9,True,,False,6063,,5135.0,,,,,,"{""1"": 19, ""2"": 21, ""3"": 29, ""4"": 34, ""5"": 31, ""6"": 25, ""7"": 42, ""8"": 43, ""9"": 16, ""10"": 37, ""11"": 23, ""12"": 29, ""13"": 49, ""14"": 22, ""15"": 10, ""16"": 13, ""17"": 20, ""18"": 46, ""19"": 40, ""20"": 27}",data/results/direct_siclsp_final/siclsp/siclsp_T20_inst2_run9.json
main,SICLSP,Direct,20,siclsp_T20_inst3,1,True,,False,6760,,6105.0,,,,,,"{""1"": 11, ""2"": 20, ""3"": 42, ""4"": 31, ""5"": 32, ""6"": 40, ""7"": 36, ""8"": 27, ""9"": 14, ""10"": 28, ""11"": 14, ""12"": 27, ""13"": 43, ""14"": 10, ""15"": 41, ""16"": 27, ""17"": 41, ""18"": 36, ""19"": 48, ""20"": 28}",data/results/direct_siclsp_final/siclsp/siclsp_T20_inst3_run1.json
main,SICLSP,Direct,20,siclsp_T20_inst3,10,True,,False,6460,,6105.0,,,,,,"{""1"": 11, ""2"": 20, ""3"": 42, ""4"": 31, ""5"": 32, ""6"": 40, ""7"": 36, ""8"": 27, ""9"": 14, ""10"": 28, ""11"": 14, ""12"": 27, ""13"": 43, ""14"": 10, ""15"": 41, ""16"": 27, ""17"": 41, ""18"": 36, ""19"": 48, ""20"": 28}",data/results/direct_siclsp_final/siclsp/siclsp_T20_inst3_run10.json
main,SICLSP,Direct,20,siclsp_T20_inst3,2,True,,False,6760,,6105.0,,,,,,"{""1"": 11, ""2"": 20, ""3"": 42, ""4"": 31, ""5"": 32, ""6"": 40, ""7"": 36, ""8"": 27, ""9"": 14, ""10"": 28, ""11"": 14, ""12"": 27, ""13"": 43, ""14"": 10, ""15"": 41, ""16"": 27, ""17"": 41, ""18"": 36, ""19"": 48, ""20"": 28}",data/results/direct_siclsp_final/siclsp/siclsp_T20_inst3_run2.json
main,SICLSP,Direct,20,siclsp_T20_inst3,3,True,,False,6760,,6105.0,,,,,,"{""1"": 11, ""2"": 20, ""3"": 42, ""4"": 31, ""5"": 32, ""6"": 40, ""7"": 36, ""8"": 27, ""9"": 14, ""10"": 28, ""11"": 14, ""12"": 27, ""13"": 43, ""14"": 10, ""15"": 41, ""16"": 27, ""17"": 41, ""18"": 36, ""19"": 48, ""20"": 28}",data/results/direct_siclsp_final/siclsp/siclsp_T20_inst3_run3.json
main,SICLSP,Direct,20,siclsp_T20_inst3,4,True,,False,6760,,6105.0,,,,,,"{""1"": 11, ""2"": 20, ""3"": 42, ""4"": 31, ""5"": 32, ""6"": 40, ""7"": 36, ""8"": 27, ""9"": 14, ""10"": 28, ""11"": 14, ""12"": 27, ""13"": 43, ""14"": 10, ""15"": 41, ""16"": 27, ""17"": 41, ""18"": 36, ""19"": 48, ""20"": 28}",data/results/direct_siclsp_final/siclsp/siclsp_T20_inst3_run4.json
main,SICLSP,Direct,20,siclsp_T20_inst3,5,True,,False,6760,,6105.0,,,,,,"{""1"": 11, ""2"": 20, ""3"": 42, ""4"": 31, ""5"": 32, ""6"": 40, ""7"": 36, ""8"": 27, ""9"": 14, ""10"": 28, ""11"": 14, ""12"": 27, ""13"": 43, ""14"": 10, ""15"": 41, ""16"": 27, ""17"": 41, ""18"": 36, ""19"": 48, ""20"": 28}",data/results/direct_siclsp_final/siclsp/siclsp_T20_inst3_run5.json
main,SICLSP,Direct,20,siclsp_T20_inst3,6,True,,False,6760,,6105.0,,,,,,"{""1"": 11, ""2"": 20, ""3"": 42, ""4"": 31, ""5"": 32, ""6"": 40, ""7"": 36, ""8"": 27, ""9"": 14, ""10"": 28, ""11"": 14, ""12"": 27, ""13"": 43, ""14"": 10, ""15"": 41, ""16"": 27, ""17"": 41, ""18"": 36, ""19"": 48, ""20"": 28}",data/results/direct_siclsp_final/siclsp/siclsp_T20_inst3_run6.json
main,SICLSP,Direct,20,siclsp_T20_inst3,7,True,,False,6170,,6105.0,,,,,,"{""1"": 11, ""2"": 20, ""3"": 42, ""4"": 31, ""5"": 32, ""6"": 40, ""7"": 36, ""8"": 27, ""9"": 14, ""10"": 28, ""11"": 14, ""12"": 27, ""13"": 43, ""14"": 10, ""15"": 41, ""16"": 27, ""17"": 41, ""18"": 36, ""19"": 48, ""20"": 28}",data/results/direct_siclsp_final/siclsp/siclsp_T20_inst3_run7.json
main,SICLSP,Direct,20,siclsp_T20_inst3,8,True,,False,6762,,6105.0,,,,,,"{""1"": 11, ""2"": 20, ""3"": 42, ""4"": 31, ""5"": 32, ""6"": 40, ""7"": 36, ""8"": 27, ""9"": 14, ""10"": 28, ""11"": 14, ""12"": 27, ""13"": 43, ""14"": 10, ""15"": 41, ""16"": 27, ""17"": 41, ""18"": 36, ""19"": 48, ""20"": 28}",data/results/direct_siclsp_final/siclsp/siclsp_T20_inst3_run8.json
main,SICLSP,Direct,20,siclsp_T20_inst3,9,True,,False,6760,,6105.0,,,,,,"{""1"": 11, ""2"": 20, ""3"": 42, ""4"": 31, ""5"": 32, ""6"": 40, ""7"": 36, ""8"": 27, ""9"": 14, ""10"": 28, ""11"": 14, ""12"": 27, ""13"": 43, ""14"": 10, ""15"": 41, ""16"": 27, ""17"": 41, ""18"": 36, ""19"": 48, ""20"": 28}",data/results/direct_siclsp_final/siclsp/siclsp_T20_inst3_run9.json
main,SICLSP,Direct,20,siclsp_T20_inst4,1,True,,False,6465,,6074.0,,,,,,"{""1"": 11, ""2"": 11, ""3"": 29, ""4"": 10, ""5"": 43, ""6"": 48, ""7"": 30, ""8"": 31, ""9"": 26, ""10"": 21, ""11"": 32, ""12"": 37, ""13"": 35, ""14"": 49, ""15"": 24, ""16"": 10, ""17"": 31, ""18"": 40, ""19"": 30, ""20"": 46}",data/results/direct_siclsp_final/siclsp/siclsp_T20_inst4_run1.json
main,SICLSP,Direct,20,siclsp_T20_inst4,10,True,,False,6465,,6074.0,,,,,,"{""1"": 11, ""2"": 11, ""3"": 29, ""4"": 10, ""5"": 43, ""6"": 48, ""7"": 30, ""8"": 31, ""9"": 26, ""10"": 21, ""11"": 32, ""12"": 37, ""13"": 35, ""14"": 49, ""15"": 24, ""16"": 10, ""17"": 31, ""18"": 40, ""19"": 30, ""20"": 46}",data/results/direct_siclsp_final/siclsp/siclsp_T20_inst4_run10.json
main,SICLSP,Direct,20,siclsp_T20_inst4,2,True,,False,6464,,6074.0,,,,,,"{""1"": 11, ""2"": 11, ""3"": 29, ""4"": 10, ""5"": 43, ""6"": 48, ""7"": 30, ""8"": 31, ""9"": 26, ""10"": 21, ""11"": 32, ""12"": 37, ""13"": 35, ""14"": 49, ""15"": 24, ""16"": 10, ""17"": 31, ""18"": 40, ""19"": 30, ""20"": 46}",data/results/direct_siclsp_final/siclsp/siclsp_T20_inst4_run2.json
main,SICLSP,Direct,20,siclsp_T20_inst4,3,True,,False,6461,,6074.0,,,,,,"{""1"": 11, ""2"": 11, ""3"": 29, ""4"": 10, ""5"": 43, ""6"": 48, ""7"": 30, ""8"": 31, ""9"": 26, ""10"": 21, ""11"": 32, ""12"": 37, ""13"": 35, ""14"": 49, ""15"": 24, ""16"": 10, ""17"": 31, ""18"": 40, ""19"": 30, ""20"": 46}",data/results/direct_siclsp_final/siclsp/siclsp_T20_inst4_run3.json
main,SICLSP,Direct,20,siclsp_T20_inst4,4,True,,False,6763,,6074.0,,,,,,"{""1"": 11, ""2"": 11, ""3"": 29, ""4"": 10, ""5"": 43, ""6"": 48, ""7"": 30, ""8"": 31, ""9"": 26, ""10"": 21, ""11"": 32, ""12"": 37, ""13"": 35, ""14"": 49, ""15"": 24, ""16"": 10, ""17"": 31, ""18"": 40, ""19"": 30, ""20"": 46}",data/results/direct_siclsp_final/siclsp/siclsp_T20_inst4_run4.json
main,SICLSP,Direct,20,siclsp_T20_inst4,5,True,,False,6763,,6074.0,,,,,,"{""1"": 11, ""2"": 11, ""3"": 29, ""4"": 10, ""5"": 43, ""6"": 48, ""7"": 30, ""8"": 31, ""9"": 26, ""10"": 21, ""11"": 32, ""12"": 37, ""13"": 35, ""14"": 49, ""15"": 24, ""16"": 10, ""17"": 31, ""18"": 40, ""19"": 30, ""20"": 46}",data/results/direct_siclsp_final/siclsp/siclsp_T20_inst4_run5.json
main,SICLSP,Direct,20,siclsp_T20_inst4,6,True,,False,6464,,6074.0,,,,,,"{""1"": 11, ""2"": 11, ""3"": 29, ""4"": 10, ""5"": 43, ""6"": 48, ""7"": 30, ""8"": 31, ""9"": 26, ""10"": 21, ""11"": 32, ""12"": 37, ""13"": 35, ""14"": 49, ""15"": 24, ""16"": 10, ""17"": 31, ""18"": 40, ""19"": 30, ""20"": 46}",data/results/direct_siclsp_final/siclsp/siclsp_T20_inst4_run6.json
main,SICLSP,Direct,20,siclsp_T20_inst4,7,True,,False,6763,,6074.0,,,,,,"{""1"": 11, ""2"": 11, ""3"": 29, ""4"": 10, ""5"": 43, ""6"": 48, ""7"": 30, ""8"": 31, ""9"": 26, ""10"": 21, ""11"": 32, ""12"": 37, ""13"": 35, ""14"": 49, ""15"": 24, ""16"": 10, ""17"": 31, ""18"": 40, ""19"": 30, ""20"": 46}",data/results/direct_siclsp_final/siclsp/siclsp_T20_inst4_run7.json
main,SICLSP,Direct,20,siclsp_T20_inst4,8,True,,False,6465,,6074.0,,,,,,"{""1"": 11, ""2"": 11, ""3"": 29, ""4"": 10, ""5"": 43, ""6"": 48, ""7"": 30, ""8"": 31, ""9"": 26, ""10"": 21, ""11"": 32, ""12"": 37, ""13"": 35, ""14"": 49, ""15"": 24, ""16"": 10, ""17"": 31, ""18"": 40, ""19"": 30, ""20"": 46}",data/results/direct_siclsp_final/siclsp/siclsp_T20_inst4_run8.json
main,SICLSP,Direct,20,siclsp_T20_inst4,9,True,,False,6463,,6074.0,,,,,,"{""1"": 11, ""2"": 11, ""3"": 29, ""4"": 10, ""5"": 43, ""6"": 48, ""7"": 30, ""8"": 31, ""9"": 26, ""10"": 21, ""11"": 32, ""12"": 37, ""13"": 35, ""14"": 49, ""15"": 24, ""16"": 10, ""17"": 31, ""18"": 40, ""19"": 30, ""20"": 46}",data/results/direct_siclsp_final/siclsp/siclsp_T20_inst4_run9.json
main,SICLSP,Direct,25,siclsp_T25_inst0,1,True,,False,10478,,6797.0,,,,,,"{""1"": 67, ""2"": 0, ""3"": 0, ""4"": 52, ""5"": 0, ""6"": 0, ""7"": 43, ""8"": 0, ""9"": 0, ""10"": 41, ""11"": 0, ""12"": 49, ""13"": 0, ""14"": 0, ""15"": 0, ""16"": 30, ""17"": 0, ""18"": 33, ""19"": 37, ""20"": 0, ""21"": 37, ""22"": 0, ""23"": 0, ""24"": 27, ""25"": 45}",data/results/direct_siclsp_final/siclsp/siclsp_T25_inst0_run1.json
main,SICLSP,Direct,25,siclsp_T25_inst0,10,True,,False,10492,,6797.0,,,,,,"{""1"": 67, ""2"": 0, ""3"": 0, ""4"": 52, ""5"": 0, ""6"": 0, ""7"": 43, ""8"": 0, ""9"": 0, ""10"": 41, ""11"": 41, ""12"": 0, ""13"": 0, ""14"": 33, ""15"": 0, ""16"": 30, ""17"": 0, ""18"": 33, ""19"": 37, ""20"": 0, ""21"": 37, ""22"": 0, ""23"": 0, ""24"": 27, ""25"": 45}",data/results/direct_siclsp_final/siclsp/siclsp_T25_inst0_run10.json
main,SICLSP,Direct,25,siclsp_T25_inst0,2,True,,False,261,,6797.0,,,,,,"{""1"": 67, ""2"": 0, ""3"": 0, ""4"": 0, ""5"": 0, ""6"": 0, ""7"": 0, ""8"": 0, ""9"": 0, ""10"": 0, ""11"": 0, ""12"": 0, ""13"": 0, ""14"": 0, ""15"": 0, ""16"": 0, ""17"": 0, ""18"": 0, ""19"": 0, ""20"": 0, ""21"": 0, ""22"": 0, ""23"": 0, ""24"": 0, ""25"": 0}",data/results/direct_siclsp_final/siclsp/siclsp_T25_inst0_run2.json
main,SICLSP,Direct,25,siclsp_T25_inst0,3,True,,False,10478,,6797.0,,,,,,"{""1"": 67, ""2"": 0, ""3"": 0, ""4"": 52, ""5"": 0, ""6"": 0, ""7"": 43, ""8"": 0, ""9"": 0, ""10"": 41, ""11"": 0, ""12"": 49, ""13"": 0, ""14"": 0, ""15"": 0, ""16"": 30, ""17"": 0, ""18"": 33, ""19"": 37, ""20"": 0, ""21"": 37, ""22"": 0, ""23"": 0, ""24"": 27, ""25"": 45}",data/results/direct_siclsp_final/siclsp/siclsp_T25_inst0_run3.json
main,SICLSP,Direct,25,siclsp_T25_inst0,4,True,,False,10492,,6797.0,,,,,,"{""1"": 67, ""2"": 0, ""3"": 0, ""4"": 52, ""5"": 0, ""6"": 0, ""7"": 43, ""8"": 0, ""9"": 0, ""10"": 41, ""11"": 0, ""12"": 49, ""13"": 0, ""14"": 0, ""15"": 0, ""16"": 30, ""17"": 0, ""18"": 33, ""19"": 37, ""20"": 0, ""21"": 37, ""22"": 0, ""23"": 0, ""24"": 27, ""25"": 45}",data/results/direct_siclsp_final/siclsp/siclsp_T25_inst0_run4.json
main,SICLSP,Direct,25,siclsp_T25_inst0,5,True,,False,10477,,6797.0,,,,,,"{""1"": 67, ""2"": 0, ""3"": 0, ""4"": 52, ""5"": 0, ""6"": 0, ""7"": 43, ""8"": 0, ""9"": 0, ""10"": 41, ""11"": 0, ""12"": 49, ""13"": 0, ""14"": 0, ""15"": 0, ""16"": 30, ""17"": 0, ""18"": 33, ""19"": 37, ""20"": 0, ""21"": 37, ""22"": 0, ""23"": 0, ""24"": 27, ""25"": 45}",data/results/direct_siclsp_final/siclsp/siclsp_T25_inst0_run5.json
main,SICLSP,Direct,25,siclsp_T25_inst0,6,True,,False,10436,,6797.0,,,,,,"{""1"": 67, ""2"": 0, ""3"": 0, ""4"": 52, ""5"": 0, ""6"": 0, ""7"": 43, ""8"": 0, ""9"": 0, ""10"": 41, ""11"": 0, ""12"": 49, ""13"": 0, ""14"": 0, ""15"": 0, ""16"": 30, ""17"": 0, ""18"": 33, ""19"": 37, ""20"": 0, ""21"": 37, ""22"": 0, ""23"": 0, ""24"": 27, ""25"": 45}",data/results/direct_siclsp_final/siclsp/siclsp_T25_inst0_run6.json
main,SICLSP,Direct,25,siclsp_T25_inst0,7,True,,False,10492,,6797.0,,,,,,"{""1"": 67, ""2"": 0, ""3"": 0, ""4"": 52, ""5"": 0, ""6"": 0, ""7"": 43, ""8"": 0, ""9"": 0, ""10"": 41, ""11"": 0, ""12"": 49, ""13"": 0, ""14"": 0, ""15"": 0, ""16"": 30, ""17"": 0, ""18"": 33, ""19"": 37, ""20"": 0, ""21"": 37, ""22"": 0, ""23"": 0, ""24"": 27, ""25"": 45}",data/results/direct_siclsp_final/siclsp/siclsp_T25_inst0_run7.json
main,SICLSP,Direct,25,siclsp_T25_inst0,8,True,,False,10100,,6797.0,,,,,,"{""1"": 67, ""2"": 0, ""3"": 0, ""4"": 34, ""5"": 38, ""6"": 0, ""7"": 37, ""8"": 35, ""9"": 0, ""10"": 29, ""11"": 49, ""12"": 45, ""13"": 0, ""14"": 24, ""15"": 0, ""16"": 26, ""17"": 20, ""18"": 38, ""19"": 37, ""20"": 17, ""21"": 32, ""22"": 20, ""23"": 14, ""24"": 22, ""25"": 45}",data/results/direct_siclsp_final/siclsp/siclsp_T25_inst0_run8.json
main,SICLSP,Direct,25,siclsp_T25_inst0,9,True,,False,10478,,6797.0,,,,,,"{""1"": 67, ""2"": 0, ""3"": 0, ""4"": 52, ""5"": 0, ""6"": 0, ""7"": 43, ""8"": 0, ""9"": 0, ""10"": 41, ""11"": 0, ""12"": 49, ""13"": 0, ""14"": 0, ""15"": 0, ""16"": 30, ""17"": 0, ""18"": 33, ""19"": 37, ""20"": 0, ""21"": 37, ""22"": 0, ""23"": 0, ""24"": 27, ""25"": 45}",data/results/direct_siclsp_final/siclsp/siclsp_T25_inst0_run9.json
main,SICLSP,Direct,25,siclsp_T25_inst1,1,True,,False,7640,,7542.0,,,,,,"{""1"": 38, ""2"": 24, ""3"": 13, ""4"": 31, ""5"": 22, ""6"": 12, ""7"": 29, ""8"": 14, ""9"": 19, ""10"": 45, ""11"": 40, ""12"": 10, ""13"": 44, ""14"": 34, ""15"": 25, ""16"": 17, ""17"": 19, ""18"": 19, ""19"": 12, ""20"": 20, ""21"": 23, ""22"": 17, ""23"": 14, ""24"": 33, ""25"": 31}",data/results/direct_siclsp_final/siclsp/siclsp_T25_inst1_run1.json
main,SICLSP,Direct,25,siclsp_T25_inst1,10,True,,False,10168,,7542.0,,,,,,"{""1"": 38, ""2"": 24, ""3"": 13, ""4"": 31, ""5"": 22, ""6"": 12, ""7"": 29, ""8"": 14, ""9"": 19, ""10"": 45, ""11"": 40, ""12"": 10, ""13"": 44, ""14"": 34, ""15"": 25, ""16"": 17, ""17"": 19, ""18"": 19, ""19"": 12, ""20"": 20, ""21"": 23, ""22"": 17, ""23"": 14, ""24"": 33, ""25"": 31}",data/results/direct_siclsp_final/siclsp/siclsp_T25_inst1_run10.json
main,SICLSP,Direct,25,siclsp_T25_inst1,2,True,,False,10000,,7542.0,,,,,,"{""1"": 38, ""2"": 24, ""3"": 13, ""4"": 31, ""5"": 22, ""6"": 12, ""7"": 29, ""8"": 14, ""9"": 19, ""10"": 45, ""11"": 40, ""12"": 10, ""13"": 44, ""14"": 34, ""15"": 25, ""16"": 17, ""17"": 19, ""18"": 19, ""19"": 12, ""20"": 20, ""21"": 23, ""22"": 17, ""23"": 14, ""24"": 33, ""25"": 31}",data/results/direct_siclsp_final/siclsp/siclsp_T25_inst1_run2.json
main,SICLSP,Direct,25,siclsp_T25_inst1,3,True,,False,10168,,7542.0,,,,,,"{""1"": 38, ""2"": 24, ""3"": 13, ""4"": 31, ""5"": 22, ""6"": 12, ""7"": 29, ""8"": 14, ""9"": 19, ""10"": 45, ""11"": 40, ""12"": 10, ""13"": 44, ""14"": 34, ""15"": 25, ""16"": 17, ""17"": 19, ""18"": 19, ""19"": 12, ""20"": 20, ""21"": 23, ""22"": 17, ""23"": 14, ""24"": 33, ""25"": 31}",data/results/direct_siclsp_final/siclsp/siclsp_T25_inst1_run3.json
main,SICLSP,Direct,25,siclsp_T25_inst1,4,True,,False,10168,,7542.0,,,,,,"{""1"": 38, ""2"": 24, ""3"": 13, ""4"": 31, ""5"": 22, ""6"": 12, ""7"": 29, ""8"": 14, ""9"": 19, ""10"": 45, ""11"": 40, ""12"": 10, ""13"": 44, ""14"": 34, ""15"": 25, ""16"": 17, ""17"": 19, ""18"": 19, ""19"": 12, ""20"": 20, ""21"": 23, ""22"": 17, ""23"": 14, ""24"": 33, ""25"": 31}",data/results/direct_siclsp_final/siclsp/siclsp_T25_inst1_run4.json
main,SICLSP,Direct,25,siclsp_T25_inst1,5,True,,False,10112,,7542.0,,,,,,"{""1"": 38, ""2"": 24, ""3"": 13, ""4"": 31, ""5"": 22, ""6"": 12, ""7"": 29, ""8"": 14, ""9"": 19, ""10"": 45, ""11"": 40, ""12"": 10, ""13"": 44, ""14"": 34, ""15"": 25, ""16"": 17, ""17"": 19, ""18"": 19, ""19"": 12, ""20"": 20, ""21"": 23, ""22"": 17, ""23"": 14, ""24"": 33, ""25"": 31}",data/results/direct_siclsp_final/siclsp/siclsp_T25_inst1_run5.json
main,SICLSP,Direct,25,siclsp_T25_inst1,6,True,,False,10168,,7542.0,,,,,,"{""1"": 38, ""2"": 24, ""3"": 13, ""4"": 31, ""5"": 22, ""6"": 12, ""7"": 29, ""8"": 14, ""9"": 19, ""10"": 45, ""11"": 40, ""12"": 10, ""13"": 44, ""14"": 34, ""15"": 25, ""16"": 17, ""17"": 19, ""18"": 19, ""19"": 12, ""20"": 20, ""21"": 23, ""22"": 17, ""23"": 14, ""24"": 33, ""25"": 31}",data/results/direct_siclsp_final/siclsp/siclsp_T25_inst1_run6.json
main,SICLSP,Direct,25,siclsp_T25_inst1,7,True,,False,10147,,7542.0,,,,,,"{""1"": 38, ""2"": 24, ""3"": 13, ""4"": 31, ""5"": 22, ""6"": 12, ""7"": 29, ""8"": 14, ""9"": 19, ""10"": 45, ""11"": 40, ""12"": 10, ""13"": 44, ""14"": 34, ""15"": 25, ""16"": 17, ""17"": 19, ""18"": 19, ""19"": 12, ""20"": 20, ""21"": 23, ""22"": 17, ""23"": 14, ""24"": 33, ""25"": 31}",data/results/direct_siclsp_final/siclsp/siclsp_T25_inst1_run7.json
main,SICLSP,Direct,25,siclsp_T25_inst1,8,True,,False,10178,,7542.0,,,,,,"{""1"": 38, ""2"": 24, ""3"": 13, ""4"": 31, ""5"": 22, ""6"": 12, ""7"": 29, ""8"": 14, ""9"": 19, ""10"": 45, ""11"": 40, ""12"": 10, ""13"": 44, ""14"": 34, ""15"": 25, ""16"": 17, ""17"": 19, ""18"": 19, ""19"": 12, ""20"": 20, ""21"": 23, ""22"": 17, ""23"": 14, ""24"": 33, ""25"": 31}",data/results/direct_siclsp_final/siclsp/siclsp_T25_inst1_run8.json
main,SICLSP,Direct,25,siclsp_T25_inst1,9,True,,False,10168,,7542.0,,,,,,"{""1"": 38, ""2"": 24, ""3"": 13, ""4"": 31, ""5"": 22, ""6"": 12, ""7"": 29, ""8"": 14, ""9"": 19, ""10"": 45, ""11"": 40, ""12"": 10, ""13"": 44, ""14"": 34, ""15"": 25, ""16"": 17, ""17"": 19, ""18"": 19, ""19"": 12, ""20"": 20, ""21"": 23, ""22"": 17, ""23"": 14, ""24"": 33, ""25"": 31}",data/results/direct_siclsp_final/siclsp/siclsp_T25_inst1_run9.json
main,SICLSP,Direct,25,siclsp_T25_inst2,1,True,,False,0,,6459.0,,,,,,"{""1"": 46, ""2"": 29, ""3"": 36, ""4"": 21, ""5"": 39, ""6"": 13, ""7"": 42, ""8"": 49, ""9"": 28, ""10"": 19, ""11"": 40, ""12"": 32, ""13"": 24, ""14"": 36, ""15"": 37, ""16"": 12, ""17"": 44, ""18"": 24, ""19"": 48, ""20"": 14, ""21"": 21, ""22"": 25, ""23"": 11, ""24"": 48, ""25"": 28}",data/results/direct_siclsp_final/siclsp/siclsp_T25_inst2_run1.json
main,SICLSP,Direct,25,siclsp_T25_inst2,10,True,,False,7370,,6459.0,,,,,,"{""1"": 46, ""2"": 31, ""3"": 33, ""4"": 23, ""5"": 37, ""6"": 20, ""7"": 42, ""8"": 48, ""9"": 36, ""10"": 22, ""11"": 42, ""12"": 38, ""13"": 32, ""14"": 32, ""15"": 53, ""16"": 12, ""17"": 44, ""18"": 23, ""19"": 58, ""20"": 13, ""21"": 15, ""22"": 34, ""23"": 13, ""24"": 39, ""25"": 32}",data/results/direct_siclsp_final/siclsp/siclsp_T25_inst2_run10.json
main,SICLSP,Direct,25,siclsp_T25_inst2,2,True,,False,6760,,6459.0,,,,,,"{""1"": 46, ""2"": 31, ""3"": 36, ""4"": 21, ""5"": 39, ""6"": 20, ""7"": 42, ""8"": 48, ""9"": 28, ""10"": 19, ""11"": 40, ""12"": 32, ""13"": 24, ""14"": 36, ""15"": 37, ""16"": 12, ""17"": 44, ""18"": 23, ""19"": 48, ""20"": 14, ""21"": 21, ""22"": 25, ""23"": 11, ""24"": 48, ""25"": 28}",data/results/direct_siclsp_final/siclsp/siclsp_T25_inst2_run2.json
main,SICLSP,Direct,25,siclsp_T25_inst2,3,True,,False,7370,,6459.0,,,,,,"{""1"": 46, ""2"": 31, ""3"": 36, ""4"": 21, ""5"": 39, ""6"": 13, ""7"": 42, ""8"": 48, ""9"": 28, ""10"": 19, ""11"": 40, ""12"": 32, ""13"": 24, ""14"": 36, ""15"": 37, ""16"": 12, ""17"": 44, ""18"": 24, ""19"": 48, ""20"": 14, ""21"": 21, ""22"": 25, ""23"": 11, ""24"": 48, ""25"": 28}",data/results/direct_siclsp_final/siclsp/siclsp_T25_inst2_run3.json
main,SICLSP,Direct,25,siclsp_T25_inst2,4,True,,False,0,,6459.0,,,,,,"{""1"": 46, ""2"": 29, ""3"": 36, ""4"": 21, ""5"": 39, ""6"": 13, ""7"": 42, ""8"": 49, ""9"": 28, ""10"": 19, ""11"": 40, ""12"": 32, ""13"": 24, ""14"": 36, ""15"": 37, ""16"": 12, ""17"": 44, ""18"": 24, ""19"": 48, ""20"": 14, ""21"": 21, ""22"": 25, ""23"": 11, ""24"": 48, ""25"": 28}",data/results/direct_siclsp_final/siclsp/siclsp_T25_inst2_run4.json
main,SICLSP,Direct,25,siclsp_T25_inst2,5,True,,False,7370,,6459.0,,,,,,"{""1"": 46, ""2"": 31, ""3"": 36, ""4"": 21, ""5"": 39, ""6"": 13, ""7"": 42, ""8"": 48, ""9"": 28, ""10"": 19, ""11"": 40, ""12"": 32, ""13"": 24, ""14"": 36, ""15"": 37, ""16"": 12, ""17"": 44, ""18"": 24, ""19"": 48, ""20"": 14, ""21"": 21, ""22"": 25, ""23"": 11, ""24"": 48, ""25"": 28}",data/results/direct_siclsp_final/siclsp/siclsp_T25_inst2_run5.json
main,SICLSP,Direct,25,siclsp_T25_inst2,6,True,,False,6760,,6459.0,,,,,,"{""1"": 46, ""2"": 29, ""3"": 36, ""4"": 21, ""5"": 39, ""6"": 13, ""7"": 42, ""8"": 49, ""9"": 28, ""10"": 19, ""11"": 40, ""12"": 32, ""13"": 24, ""14"": 36, ""15"": 37, ""16"": 12, ""17"": 44, ""18"": 24, ""19"": 48, ""20"": 14, ""21"": 21, ""22"": 25, ""23"": 11, ""24"": 48, ""25"": 28}",data/results/direct_siclsp_final/siclsp/siclsp_T25_inst2_run6.json
main,SICLSP,Direct,25,siclsp_T25_inst2,7,True,,False,7370,,6459.0,,,,,,"{""1"": 46, ""2"": 29, ""3"": 36, ""4"": 21, ""5"": 39, ""6"": 13, ""7"": 42, ""8"": 49, ""9"": 28, ""10"": 19, ""11"": 40, ""12"": 32, ""13"": 24, ""14"": 36, ""15"": 37, ""16"": 12, ""17"": 44, ""18"": 24, ""19"": 48, ""20"": 14, ""21"": 21, ""22"": 25, ""23"": 11, ""24"": 48, ""25"": 28}",data/results/direct_siclsp_final/siclsp/siclsp_T25_inst2_run7.json
main,SICLSP,Direct,25,siclsp_T25_inst2,8,True,,False,6760,,6459.0,,,,,,"{""1"": 46, ""2"": 31, ""3"": 33, ""4"": 23, ""5"": 37, ""6"": 20, ""7"": 42, ""8"": 48, ""9"": 36, ""10"": 22, ""11"": 42, ""12"": 38, ""13"": 32, ""14"": 32, ""15"": 53, ""16"": 12, ""17"": 44, ""18"": 23, ""19"": 58, ""20"": 13, ""21"": 15, ""22"": 34, ""23"": 13, ""24"": 39, ""25"": 28}",data/results/direct_siclsp_final/siclsp/siclsp_T25_inst2_run8.json
main,SICLSP,Direct,25,siclsp_T25_inst2,9,True,,False,6760,,6459.0,,,,,,"{""1"": 46, ""2"": 31, ""3"": 33, ""4"": 23, ""5"": 37, ""6"": 20, ""7"": 42, ""8"": 48, ""9"": 28, ""10"": 22, ""11"": 42, ""12"": 38, ""13"": 32, ""14"": 32, ""15"": 37, ""16"": 12, ""17"": 44, ""18"": 23, ""19"": 48, ""20"": 13, ""21"": 21, ""22"": 25, ""23"": 13, ""24"": 39, ""25"": 28}",data/results/direct_siclsp_final/siclsp/siclsp_T25_inst2_run9.json
main,SICLSP,Direct,25,siclsp_T25_inst3,1,True,,False,8123,,8015.0,,,,,,"{""1"": 50, ""2"": 38, ""3"": 25, ""4"": 31, ""5"": 15, ""6"": 43, ""7"": 17, ""8"": 15, ""9"": 31, ""10"": 14, ""11"": 19, ""12"": 49, ""13"": 15, ""14"": 43, ""15"": 29, ""16"": 45, ""17"": 31, ""18"": 36, ""19"": 13, ""20"": 16, ""21"": 14, ""22"": 22, ""23"": 11, ""24"": 15, ""25"": 35}",data/results/direct_siclsp_final/siclsp/siclsp_T25_inst3_run1.json
main,SICLSP,Direct,25,siclsp_T25_inst3,10,True,,False,8080,,8015.0,,,,,,"{""1"": 50, ""2"": 38, ""3"": 25, ""4"": 31, ""5"": 16, ""6"": 43, ""7"": 17, ""8"": 15, ""9"": 31, ""10"": 14, ""11"": 19, ""12"": 49, ""13"": 15, ""14"": 43, ""15"": 29, ""16"": 45, ""17"": 31, ""18"": 36, ""19"": 13, ""20"": 16, ""21"": 14, ""22"": 22, ""23"": 11, ""24"": 15, ""25"": 35}",data/results/direct_siclsp_final/siclsp/siclsp_T25_inst3_run10.json
main,SICLSP,Direct,25,siclsp_T25_inst3,2,True,,False,7993,,8015.0,,,,,,"{""1"": 50, ""2"": 38, ""3"": 25, ""4"": 31, ""5"": 15, ""6"": 43, ""7"": 17, ""8"": 15, ""9"": 31, ""10"": 14, ""11"": 19, ""12"": 49, ""13"": 15, ""14"": 43, ""15"": 29, ""16"": 45, ""17"": 31, ""18"": 36, ""19"": 13, ""20"": 16, ""21"": 14, ""22"": 22, ""23"": 11, ""24"": 15, ""25"": 35}",data/results/direct_siclsp_final/siclsp/siclsp_T25_inst3_run2.json
main,SICLSP,Direct,25,siclsp_T25_inst3,3,True,,False,8080,,8015.0,,,,,,"{""1"": 50, ""2"": 38, ""3"": 25, ""4"": 31, ""5"": 15, ""6"": 43, ""7"": 17, ""8"": 15, ""9"": 31, ""10"": 14, ""11"": 19, ""12"": 49, ""13"": 15, ""14"": 43, ""15"": 29, ""16"": 45, ""17"": 31, ""18"": 36, ""19"": 13, ""20"": 16, ""21"": 14, ""22"": 22, ""23"": 11, ""24"": 15, ""25"": 35}",data/results/direct_siclsp_final/siclsp/siclsp_T25_inst3_run3.json
main,SICLSP,Direct,25,siclsp_T25_inst3,4,True,,False,8120,,8015.0,,,,,,"{""1"": 50, ""2"": 38, ""3"": 25, ""4"": 31, ""5"": 16, ""6"": 43, ""7"": 17, ""8"": 15, ""9"": 31, ""10"": 14, ""11"": 19, ""12"": 49, ""13"": 15, ""14"": 43, ""15"": 29, ""16"": 45, ""17"": 31, ""18"": 36, ""19"": 13, ""20"": 16, ""21"": 14, ""22"": 22, ""23"": 11, ""24"": 15, ""25"": 35}",data/results/direct_siclsp_final/siclsp/siclsp_T25_inst3_run4.json
main,SICLSP,Direct,25,siclsp_T25_inst3,5,True,,False,8121,,8015.0,,,,,,"{""1"": 50, ""2"": 38, ""3"": 25, ""4"": 31, ""5"": 16, ""6"": 43, ""7"": 17, ""8"": 15, ""9"": 31, ""10"": 14, ""11"": 19, ""12"": 49, ""13"": 15, ""14"": 43, ""15"": 29, ""16"": 45, ""17"": 31, ""18"": 36, ""19"": 13, ""20"": 16, ""21"": 14, ""22"": 22, ""23"": 11, ""24"": 15, ""25"": 35}",data/results/direct_siclsp_final/siclsp/siclsp_T25_inst3_run5.json
main,SICLSP,Direct,25,siclsp_T25_inst3,6,True,,False,7991,,8015.0,,,,,,"{""1"": 50, ""2"": 38, ""3"": 25, ""4"": 31, ""5"": 15, ""6"": 43, ""7"": 17, ""8"": 15, ""9"": 31, ""10"": 14, ""11"": 19, ""12"": 49, ""13"": 15, ""14"": 43, ""15"": 29, ""16"": 45, ""17"": 31, ""18"": 36, ""19"": 13, ""20"": 16, ""21"": 14, ""22"": 22, ""23"": 11, ""24"": 15, ""25"": 35}",data/results/direct_siclsp_final/siclsp/siclsp_T25_inst3_run6.json
main,SICLSP,Direct,25,siclsp_T25_inst3,7,True,,False,8081,,8015.0,,,,,,"{""1"": 50, ""2"": 38, ""3"": 25, ""4"": 31, ""5"": 16, ""6"": 43, ""7"": 17, ""8"": 15, ""9"": 31, ""10"": 14, ""11"": 19, ""12"": 49, ""13"": 15, ""14"": 43, ""15"": 29, ""16"": 45, ""17"": 31, ""18"": 36, ""19"": 13, ""20"": 16, ""21"": 14, ""22"": 22, ""23"": 11, ""24"": 15, ""25"": 35}",data/results/direct_siclsp_final/siclsp/siclsp_T25_inst3_run7.json
main,SICLSP,Direct,25,siclsp_T25_inst3,8,True,,False,7983,,8015.0,,,,,,"{""1"": 50, ""2"": 38, ""3"": 25, ""4"": 31, ""5"": 16, ""6"": 43, ""7"": 17, ""8"": 15, ""9"": 31, ""10"": 14, ""11"": 19, ""12"": 49, ""13"": 15, ""14"": 43, ""15"": 29, ""16"": 45, ""17"": 31, ""18"": 36, ""19"": 13, ""20"": 16, ""21"": 14, ""22"": 22, ""23"": 11, ""24"": 15, ""25"": 35}",data/results/direct_siclsp_final/siclsp/siclsp_T25_inst3_run8.json
main,SICLSP,Direct,25,siclsp_T25_inst3,9,True,,False,8081,,8015.0,,,,,,"{""1"": 50, ""2"": 38, ""3"": 25, ""4"": 31, ""5"": 16, ""6"": 43, ""7"": 17, ""8"": 15, ""9"": 31, ""10"": 14, ""11"": 19, ""12"": 49, ""13"": 15, ""14"": 43, ""15"": 29, ""16"": 45, ""17"": 31, ""18"": 36, ""19"": 13, ""20"": 16, ""21"": 14, ""22"": 22, ""23"": 11, ""24"": 15, ""25"": 35}",data/results/direct_siclsp_final/siclsp/siclsp_T25_inst3_run9.json
main,SICLSP,Direct,25,siclsp_T25_inst4,1,True,,False,10112,,7044.0,,,,,,"{""1"": 47, ""2"": 12, ""3"": 9, ""4"": 50, ""5"": 46, ""6"": 17, ""7"": 26, ""8"": 26, ""9"": 42, ""10"": 37, ""11"": 44, ""12"": 27, ""13"": 45, ""14"": 37, ""15"": 28, ""16"": 45, ""17"": 13, ""18"": 28, ""19"": 28, ""20"": 49, ""21"": 14, ""22"": 40, ""23"": 14, ""24"": 26, ""25"": 17}",data/results/direct_siclsp_final/siclsp/siclsp_T25_inst4_run1.json
main,SICLSP,Direct,25,siclsp_T25_inst4,10,True,,True,10123,9922.0,7044.0,40.85746734809767,,,,,"{""1"": 47, ""2"": 22, ""3"": 9, ""4"": 50, ""5"": 46, ""6"": 27, ""7"": 32, ""8"": 33, ""9"": 42, ""10"": 44, ""11"": 44, ""12"": 32, ""13"": 45, ""14"": 26, ""15"": 21, ""16"": 45, ""17"": 10, ""18"": 42, ""19"": 25, ""20"": 49, ""21"": 14, ""22"": 30, ""23"": 21, ""24"": 32, ""25"": 17}",data/results/direct_siclsp_final/siclsp/siclsp_T25_inst4_run10.json
main,SICLSP,Direct,25,siclsp_T25_inst4,2,True,,False,10112,,7044.0,,,,,,"{""1"": 47, ""2"": 0, ""3"": 0, ""4"": 50, ""5"": 46, ""6"": 0, ""7"": 0, ""8"": 0, ""9"": 42, ""10"": 37, ""11"": 44, ""12"": 0, ""13"": 45, ""14"": 0, ""15"": 0, ""16"": 45, ""17"": 0, ""18"": 0, ""19"": 0, ""20"": 49, ""21"": 14, ""22"": 40, ""23"": 0, ""24"": 26, ""25"": 17}",data/results/direct_siclsp_final/siclsp/siclsp_T25_inst4_run2.json
main,SICLSP,Direct,25,siclsp_T25_inst4,3,True,,False,10492,,7044.0,,,,,,"{""1"": 47, ""2"": 0, ""3"": 0, ""4"": 50, ""5"": 46, ""6"": 0, ""7"": 32, ""8"": 0, ""9"": 42, ""10"": 39, ""11"": 44, ""12"": 0, ""13"": 45, ""14"": 0, ""15"": 0, ""16"": 45, ""17"": 0, ""18"": 28, ""19"": 0, ""20"": 49, ""21"": 14, ""22"": 40, ""23"": 0, ""24"": 26, ""25"": 17}",data/results/direct_siclsp_final/siclsp/siclsp_T25_inst4_run3.json
main,SICLSP,Direct,25,siclsp_T25_inst4,4,True,,False,10478,,7044.0,,,,,,"{""1"": 47, ""2"": 0, ""3"": 0, ""4"": 50, ""5"": 46, ""6"": 0, ""7"": 0, ""8"": 0, ""9"": 42, ""10"": 37, ""11"": 44, ""12"": 0, ""13"": 45, ""14"": 0, ""15"": 0, ""16"": 45, ""17"": 0, ""18"": 28, ""19"": 0, ""20"": 49, ""21"": 14, ""22"": 40, ""23"": 0, ""24"": 26, ""25"": 17}",data/results/direct_siclsp_final/siclsp/siclsp_T25_inst4_run4.json
main,SICLSP,Direct,25,siclsp_T25_inst4,5,True,,False,10192,,7044.0,,,,,,"{""1"": 47, ""2"": 12, ""3"": 0, ""4"": 50, ""5"": 46, ""6"": 17, ""7"": 26, ""8"": 26, ""9"": 42, ""10"": 37, ""11"": 44, ""12"": 27, ""13"": 45, ""14"": 37, ""15"": 28, ""16"": 45, ""17"": 13, ""18"": 28, ""19"": 28, ""20"": 49, ""21"": 14, ""22"": 40, ""23"": 14, ""24"": 26, ""25"": 17}",data/results/direct_siclsp_final/siclsp/siclsp_T25_inst4_run5.json
main,SICLSP,Direct,25,siclsp_T25_inst4,6,True,,True,10123,9922.0,7044.0,40.85746734809767,,,,,"{""1"": 47, ""2"": 22, ""3"": 9, ""4"": 50, ""5"": 46, ""6"": 27, ""7"": 32, ""8"": 33, ""9"": 42, ""10"": 44, ""11"": 44, ""12"": 32, ""13"": 45, ""14"": 26, ""15"": 21, ""16"": 45, ""17"": 10, ""18"": 42, ""19"": 25, ""20"": 49, ""21"": 14, ""22"": 30, ""23"": 21, ""24"": 32, ""25"": 17}",data/results/direct_siclsp_final/siclsp/siclsp_T25_inst4_run6.json
main,SICLSP,Direct,25,siclsp_T25_inst4,7,True,,False,7981,,7044.0,,,,,,"{""1"": 47, ""2"": 0, ""3"": 0, ""4"": 50, ""5"": 46, ""6"": 17, ""7"": 26, ""8"": 26, ""9"": 42, ""10"": 37, ""11"": 44, ""12"": 27, ""13"": 45, ""14"": 37, ""15"": 28, ""16"": 45, ""17"": 13, ""18"": 28, ""19"": 28, ""20"": 49, ""21"": 14, ""22"": 40, ""23"": 14, ""24"": 26, ""25"": 17}",data/results/direct_siclsp_final/siclsp/siclsp_T25_inst4_run7.json
main,SICLSP,Direct,25,siclsp_T25_inst4,8,True,,True,10123,9922.0,7044.0,40.85746734809767,,,,,"{""1"": 47, ""2"": 22, ""3"": 9, ""4"": 50, ""5"": 46, ""6"": 27, ""7"": 32, ""8"": 33, ""9"": 42, ""10"": 44, ""11"": 44, ""12"": 32, ""13"": 45, ""14"": 26, ""15"": 21, ""16"": 45, ""17"": 10, ""18"": 42, ""19"": 25, ""20"": 49, ""21"": 14, ""22"": 30, ""23"": 21, ""24"": 32, ""25"": 17}",data/results/direct_siclsp_final/siclsp/siclsp_T25_inst4_run8.json
main,SICLSP,Direct,25,siclsp_T25_inst4,9,True,,False,10123,,7044.0,,,,,,"{""1"": 47, ""2"": 22, ""3"": 13, ""4"": 50, ""5"": 46, ""6"": 17, ""7"": 26, ""8"": 26, ""9"": 42, ""10"": 37, ""11"": 44, ""12"": 27, ""13"": 45, ""14"": 37, ""15"": 28, ""16"": 45, ""17"": 13, ""18"": 28, ""19"": 28, ""20"": 49, ""21"": 14, ""22"": 40, ""23"": 14, ""24"": 26, ""25"": 17}",data/results/direct_siclsp_final/siclsp/siclsp_T25_inst4_run9.json
main,SICLSP,Direct,5,siclsp_T5_inst0,1,True,,False,1176,,743.0,,,,,,"{""1"": 31, ""2"": 35, ""3"": 12, ""4"": 18, ""5"": 16}",data/results/direct_siclsp_final/siclsp/siclsp_T5_inst0_run1.json
main,SICLSP,Direct,5,siclsp_T5_inst0,10,True,,False,1176,,743.0,,,,,,"{""1"": 31, ""2"": 43, ""3"": 12, ""4"": 18, ""5"": 16}",data/results/direct_siclsp_final/siclsp/siclsp_T5_inst0_run10.json
main,SICLSP,Direct,5,siclsp_T5_inst0,2,True,,False,1184,,743.0,,,,,,"{""1"": 31, ""2"": 43, ""3"": 12, ""4"": 18, ""5"": 16}",data/results/direct_siclsp_final/siclsp/siclsp_T5_inst0_run2.json
main,SICLSP,Direct,5,siclsp_T5_inst0,3,True,,False,960,,743.0,,,,,,"{""1"": 31, ""2"": 43, ""3"": 12, ""4"": 18, ""5"": 16}",data/results/direct_siclsp_final/siclsp/siclsp_T5_inst0_run3.json
main,SICLSP,Direct,5,siclsp_T5_inst0,4,True,,False,960,,743.0,,,,,,"{""1"": 31, ""2"": 35, ""3"": 12, ""4"": 18, ""5"": 16}",data/results/direct_siclsp_final/siclsp/siclsp_T5_inst0_run4.json
main,SICLSP,Direct,5,siclsp_T5_inst0,5,True,,False,960,,743.0,,,,,,"{""1"": 31, ""2"": 43, ""3"": 12, ""4"": 18, ""5"": 16}",data/results/direct_siclsp_final/siclsp/siclsp_T5_inst0_run5.json
main,SICLSP,Direct,5,siclsp_T5_inst0,6,True,,False,1176,,743.0,,,,,,"{""1"": 31, ""2"": 43, ""3"": 12, ""4"": 18, ""5"": 16}",data/results/direct_siclsp_final/siclsp/siclsp_T5_inst0_run6.json
main,SICLSP,Direct,5,siclsp_T5_inst0,7,True,,False,960,,743.0,,,,,,"{""1"": 31, ""2"": 35, ""3"": 12, ""4"": 18, ""5"": 16}",data/results/direct_siclsp_final/siclsp/siclsp_T5_inst0_run7.json
main,SICLSP,Direct,5,siclsp_T5_inst0,8,True,,False,1184,,743.0,,,,,,"{""1"": 31, ""2"": 43, ""3"": 12, ""4"": 18, ""5"": 16}",data/results/direct_siclsp_final/siclsp/siclsp_T5_inst0_run8.json
main,SICLSP,Direct,5,siclsp_T5_inst0,9,True,,False,1176,,743.0,,,,,,"{""1"": 31, ""2"": 43, ""3"": 12, ""4"": 18, ""5"": 16}",data/results/direct_siclsp_final/siclsp/siclsp_T5_inst0_run9.json
main,SICLSP,Direct,5,siclsp_T5_inst1,1,True,,False,1865,,1640.0,,,,,,"{""1"": 32, ""2"": 39, ""3"": 46, ""4"": 10, ""5"": 23}",data/results/direct_siclsp_final/siclsp/siclsp_T5_inst1_run1.json
main,SICLSP,Direct,5,siclsp_T5_inst1,10,True,,False,1865,,1640.0,,,,,,"{""1"": 32, ""2"": 39, ""3"": 46, ""4"": 10, ""5"": 23}",data/results/direct_siclsp_final/siclsp/siclsp_T5_inst1_run10.json
main,SICLSP,Direct,5,siclsp_T5_inst1,2,True,,False,1865,,1640.0,,,,,,"{""1"": 32, ""2"": 39, ""3"": 46, ""4"": 10, ""5"": 23}",data/results/direct_siclsp_final/siclsp/siclsp_T5_inst1_run2.json
main,SICLSP,Direct,5,siclsp_T5_inst1,3,True,,False,1865,,1640.0,,,,,,"{""1"": 32, ""2"": 39, ""3"": 46, ""4"": 10, ""5"": 23}",data/results/direct_siclsp_final/siclsp/siclsp_T5_inst1_run3.json
main,SICLSP,Direct,5,siclsp_T5_inst1,4,True,,False,1865,,1640.0,,,,,,"{""1"": 32, ""2"": 39, ""3"": 46, ""4"": 10, ""5"": 23}",data/results/direct_siclsp_final/siclsp/siclsp_T5_inst1_run4.json
main,SICLSP,Direct,5,siclsp_T5_inst1,5,True,,False,1865,,1640.0,,,,,,"{""1"": 32, ""2"": 39, ""3"": 46, ""4"": 10, ""5"": 23}",data/results/direct_siclsp_final/siclsp/siclsp_T5_inst1_run5.json
main,SICLSP,Direct,5,siclsp_T5_inst1,6,True,,False,1865,,1640.0,,,,,,"{""1"": 32, ""2"": 39, ""3"": 46, ""4"": 10, ""5"": 23}",data/results/direct_siclsp_final/siclsp/siclsp_T5_inst1_run6.json
main,SICLSP,Direct,5,siclsp_T5_inst1,7,True,,False,1865,,1640.0,,,,,,"{""1"": 32, ""2"": 39, ""3"": 46, ""4"": 10, ""5"": 23}",data/results/direct_siclsp_final/siclsp/siclsp_T5_inst1_run7.json
main,SICLSP,Direct,5,siclsp_T5_inst1,8,True,,False,1865,,1640.0,,,,,,"{""1"": 32, ""2"": 39, ""3"": 46, ""4"": 10, ""5"": 23}",data/results/direct_siclsp_final/siclsp/siclsp_T5_inst1_run8.json
main,SICLSP,Direct,5,siclsp_T5_inst1,9,True,,False,1865,,1640.0,,,,,,"{""1"": 32, ""2"": 39, ""3"": 46, ""4"": 10, ""5"": 23}",data/results/direct_siclsp_final/siclsp/siclsp_T5_inst1_run9.json
main,SICLSP,Direct,5,siclsp_T5_inst2,1,False,unparseable_response,False,,,1267.0,,,,,,,data/results/direct_siclsp_final/siclsp/siclsp_T5_inst2_run1.json
main,SICLSP,Direct,5,siclsp_T5_inst2,10,True,,False,1318,,1267.0,,,,,,"{""1"": 35, ""2"": 26, ""3"": 30, ""4"": 23, ""5"": 44}",data/results/direct_siclsp_final/siclsp/siclsp_T5_inst2_run10.json
main,SICLSP,Direct,5,siclsp_T5_inst2,2,True,,False,1318,,1267.0,,,,,,"{""1"": 35, ""2"": 36, ""3"": 30, ""4"": 23, ""5"": 44}",data/results/direct_siclsp_final/siclsp/siclsp_T5_inst2_run2.json
main,SICLSP,Direct,5,siclsp_T5_inst2,3,True,,False,1318,,1267.0,,,,,,"{""1"": 35, ""2"": 36, ""3"": 30, ""4"": 23, ""5"": 44}",data/results/direct_siclsp_final/siclsp/siclsp_T5_inst2_run3.json
main,SICLSP,Direct,5,siclsp_T5_inst2,4,True,,False,998,,1267.0,,,,,,"{""1"": 35, ""2"": 26, ""3"": 30, ""4"": 23, ""5"": 44}",data/results/direct_siclsp_final/siclsp/siclsp_T5_inst2_run4.json
main,SICLSP,Direct,5,siclsp_T5_inst2,5,True,,False,998,,1267.0,,,,,,"{""1"": 35, ""2"": 26, ""3"": 30, ""4"": 23, ""5"": 44}",data/results/direct_siclsp_final/siclsp/siclsp_T5_inst2_run5.json
main,SICLSP,Direct,5,siclsp_T5_inst2,6,True,,False,1298,,1267.0,,,,,,"{""1"": 35, ""2"": 36, ""3"": 30, ""4"": 23, ""5"": 44}",data/results/direct_siclsp_final/siclsp/siclsp_T5_inst2_run6.json
main,SICLSP,Direct,5,siclsp_T5_inst2,7,True,,False,1318,,1267.0,,,,,,"{""1"": 35, ""2"": 26, ""3"": 30, ""4"": 23, ""5"": 44}",data/results/direct_siclsp_final/siclsp/siclsp_T5_inst2_run7.json
main,SICLSP,Direct,5,siclsp_T5_inst2,8,True,,False,1318,,1267.0,,,,,,"{""1"": 35, ""2"": 26, ""3"": 30, ""4"": 23, ""5"": 44}",data/results/direct_siclsp_final/siclsp/siclsp_T5_inst2_run8.json
main,SICLSP,Direct,5,siclsp_T5_inst2,9,True,,False,1318,,1267.0,,,,,,"{""1"": 35, ""2"": 36, ""3"": 30, ""4"": 23, ""5"": 44}",data/results/direct_siclsp_final/siclsp/siclsp_T5_inst2_run9.json
main,SICLSP,Direct,5,siclsp_T5_inst3,1,True,,True,1841,1841.0,1668.0,10.371702637889687,,,,,"{""1"": 24, ""2"": 10, ""3"": 18, ""4"": 38, ""5"": 17}",data/results/direct_siclsp_final/siclsp/siclsp_T5_inst3_run1.json
main,SICLSP,Direct,5,siclsp_T5_inst3,10,True,,True,1668,1668.0,1668.0,0.0,,,,,"{""1"": 24, ""2"": 10, ""3"": 18, ""4"": 55, ""5"": 0}",data/results/direct_siclsp_final/siclsp/siclsp_T5_inst3_run10.json
main,SICLSP,Direct,5,siclsp_T5_inst3,2,True,,True,1841,1841.0,1668.0,10.371702637889687,,,,,"{""1"": 24, ""2"": 10, ""3"": 18, ""4"": 38, ""5"": 17}",data/results/direct_siclsp_final/siclsp/siclsp_T5_inst3_run2.json
main,SICLSP,Direct,5,siclsp_T5_inst3,3,True,,True,1636,1676.0,1668.0,0.4796163069544364,,,,,"{""1"": 24, ""2"": 10, ""3"": 18, ""4"": 57, ""5"": 0}",data/results/direct_siclsp_final/siclsp/siclsp_T5_inst3_run3.json
main,SICLSP,Direct,5,siclsp_T5_inst3,4,True,,True,1841,1841.0,1668.0,10.371702637889687,,,,,"{""1"": 24, ""2"": 10, ""3"": 18, ""4"": 38, ""5"": 17}",data/results/direct_siclsp_final/siclsp/siclsp_T5_inst3_run4.json
main,SICLSP,Direct,5,siclsp_T5_inst3,5,True,,True,1841,1841.0,1668.0,10.371702637889687,,,,,"{""1"": 24, ""2"": 10, ""3"": 18, ""4"": 38, ""5"": 17}",data/results/direct_siclsp_final/siclsp/siclsp_T5_inst3_run5.json
main,SICLSP,Direct,5,siclsp_T5_inst3,6,True,,True,1841,1841.0,1668.0,10.371702637889687,,,,,"{""1"": 24, ""2"": 10, ""3"": 18, ""4"": 38, ""5"": 17}",data/results/direct_siclsp_final/siclsp/siclsp_T5_inst3_run6.json
main,SICLSP,Direct,5,siclsp_T5_inst3,7,True,,True,1634,1668.0,1668.0,0.0,,,,,"{""1"": 24, ""2"": 10, ""3"": 18, ""4"": 55, ""5"": 0}",data/results/direct_siclsp_final/siclsp/siclsp_T5_inst3_run7.json
main,SICLSP,Direct,5,siclsp_T5_inst3,8,True,,True,1841,1841.0,1668.0,10.371702637889687,,,,,"{""1"": 24, ""2"": 10, ""3"": 18, ""4"": 38, ""5"": 17}",data/results/direct_siclsp_final/siclsp/siclsp_T5_inst3_run8.json
main,SICLSP,Direct,5,siclsp_T5_inst3,9,True,,True,1841,1841.0,1668.0,10.371702637889687,,,,,"{""1"": 24, ""2"": 10, ""3"": 18, ""4"": 38, ""5"": 17}",data/results/direct_siclsp_final/siclsp/siclsp_T5_inst3_run9.json
main,SICLSP,Direct,5,siclsp_T5_inst4,1,True,,True,1458,1458.0,1197.0,21.804511278195488,,,,,"{""1"": 12, ""2"": 22, ""3"": 34, ""4"": 24, ""5"": 34}",data/results/direct_siclsp_final/siclsp/siclsp_T5_inst4_run1.json
main,SICLSP,Direct,5,siclsp_T5_inst4,10,True,,True,1458,1458.0,1197.0,21.804511278195488,,,,,"{""1"": 12, ""2"": 22, ""3"": 34, ""4"": 24, ""5"": 34}",data/results/direct_siclsp_final/siclsp/siclsp_T5_inst4_run10.json
main,SICLSP,Direct,5,siclsp_T5_inst4,2,True,,True,1012,1462.0,1197.0,22.138680033416875,,,,,"{""1"": 13, ""2"": 21, ""3"": 34, ""4"": 24, ""5"": 34}",data/results/direct_siclsp_final/siclsp/siclsp_T5_inst4_run2.json
main,SICLSP,Direct,5,siclsp_T5_inst4,3,True,,True,1462,1462.0,1197.0,22.138680033416875,,,,,"{""1"": 13, ""2"": 21, ""3"": 34, ""4"": 24, ""5"": 34}",data/results/direct_siclsp_final/siclsp/siclsp_T5_inst4_run3.json
main,SICLSP,Direct,5,siclsp_T5_inst4,4,True,,True,1012,1462.0,1197.0,22.138680033416875,,,,,"{""1"": 13, ""2"": 21, ""3"": 34, ""4"": 24, ""5"": 34}",data/results/direct_siclsp_final/siclsp/siclsp_T5_inst4_run4.json
main,SICLSP,Direct,5,siclsp_T5_inst4,5,True,,True,1476,1601.0,1197.0,33.751044277360066,,,,,"{""1"": 13, ""2"": 22, ""3"": 48, ""4"": 24, ""5"": 34}",data/results/direct_siclsp_final/siclsp/siclsp_T5_inst4_run5.json
main,SICLSP,Direct,5,siclsp_T5_inst4,6,True,,True,1462,1462.0,1197.0,22.138680033416875,,,,,"{""1"": 13, ""2"": 21, ""3"": 34, ""4"": 24, ""5"": 34}",data/results/direct_siclsp_final/siclsp/siclsp_T5_inst4_run6.json
main,SICLSP,Direct,5,siclsp_T5_inst4,7,True,,True,1012,1462.0,1197.0,22.138680033416875,,,,,"{""1"": 13, ""2"": 21, ""3"": 34, ""4"": 24, ""5"": 34}",data/results/direct_siclsp_final/siclsp/siclsp_T5_inst4_run7.json
main,SICLSP,Direct,5,siclsp_T5_inst4,8,True,,True,1458,1458.0,1197.0,21.804511278195488,,,,,"{""1"": 12, ""2"": 22, ""3"": 34, ""4"": 24, ""5"": 34}",data/results/direct_siclsp_final/siclsp/siclsp_T5_inst4_run8.json
main,SICLSP,Direct,5,siclsp_T5_inst4,9,True,,True,1462,1462.0,1197.0,22.138680033416875,,,,,"{""1"": 13, ""2"": 21, ""3"": 34, ""4"": 24, ""5"": 34}",data/results/direct_siclsp_final/siclsp/siclsp_T5_inst4_run9.json
main,SICLSP,Code-Based,10,siclsp_T10_inst0,1,True,,True,2745.0,2745.0,2745.0,0.0,,,,1.0,"{""1"": 35.0, ""2"": 77.0, ""3"": 41.0, ""4"": 22.0, ""5"": 0.0, ""6"": 44.0, ""7"": 68.0, ""8"": 27.0, ""9"": 0.0, ""10"": 42.0}",data/results/code_based_debug5_siclsp_final/siclsp/siclsp_T10_inst0_run1.json
main,SICLSP,Code-Based,10,siclsp_T10_inst0,10,True,,True,2745.0,2745.0,2745.0,0.0,,,,1.0,"{""1"": 35, ""2"": 77, ""3"": 41, ""4"": 22, ""5"": 0, ""6"": 44, ""7"": 68, ""8"": 27, ""9"": 0, ""10"": 42}",data/results/code_based_debug5_siclsp_final/siclsp/siclsp_T10_inst0_run10.json
main,SICLSP,Code-Based,10,siclsp_T10_inst0,2,True,,True,2745.0,2745.0,2745.0,0.0,,,,1.0,"{""1"": 35, ""2"": 77, ""3"": 41, ""4"": 22, ""5"": 0, ""6"": 44, ""7"": 68, ""8"": 27, ""9"": 0, ""10"": 42}",data/results/code_based_debug5_siclsp_final/siclsp/siclsp_T10_inst0_run2.json
main,SICLSP,Code-Based,10,siclsp_T10_inst0,3,True,,True,2745.0,2745.0,2745.0,0.0,,,,1.0,"{""1"": 35, ""2"": 77, ""3"": 41, ""4"": 22, ""5"": 0, ""6"": 44, ""7"": 68, ""8"": 27, ""9"": 0, ""10"": 42}",data/results/code_based_debug5_siclsp_final/siclsp/siclsp_T10_inst0_run3.json
main,SICLSP,Code-Based,10,siclsp_T10_inst0,4,True,,True,2745.0,2745.0,2745.0,0.0,,,,1.0,"{""1"": 35, ""2"": 77, ""3"": 41, ""4"": 22, ""5"": 0, ""6"": 44, ""7"": 68, ""8"": 27, ""9"": 0, ""10"": 42}",data/results/code_based_debug5_siclsp_final/siclsp/siclsp_T10_inst0_run4.json
main,SICLSP,Code-Based,10,siclsp_T10_inst0,5,True,,True,2745.0,2745.0,2745.0,0.0,,,,1.0,"{""1"": 35, ""2"": 77, ""3"": 41, ""4"": 22, ""5"": 0, ""6"": 44, ""7"": 68, ""8"": 27, ""9"": 0, ""10"": 42}",data/results/code_based_debug5_siclsp_final/siclsp/siclsp_T10_inst0_run5.json
main,SICLSP,Code-Based,10,siclsp_T10_inst0,6,True,,True,2745.0,2745.0,2745.0,0.0,,,,1.0,"{""1"": 35, ""2"": 77, ""3"": 41, ""4"": 22, ""5"": 0, ""6"": 44, ""7"": 68, ""8"": 27, ""9"": 0, ""10"": 42}",data/results/code_based_debug5_siclsp_final/siclsp/siclsp_T10_inst0_run6.json
main,SICLSP,Code-Based,10,siclsp_T10_inst0,7,True,,True,2745.0,2745.0,2745.0,0.0,,,,1.0,"{""1"": 35, ""2"": 77, ""3"": 41, ""4"": 22, ""5"": 0, ""6"": 44, ""7"": 68, ""8"": 27, ""9"": 0, ""10"": 42}",data/results/code_based_debug5_siclsp_final/siclsp/siclsp_T10_inst0_run7.json
main,SICLSP,Code-Based,10,siclsp_T10_inst0,8,True,,True,2745.0,2745.0,2745.0,0.0,,,,1.0,"{""1"": 35, ""2"": 77, ""3"": 41, ""4"": 22, ""5"": 0, ""6"": 44, ""7"": 68, ""8"": 27, ""9"": 0, ""10"": 42}",data/results/code_based_debug5_siclsp_final/siclsp/siclsp_T10_inst0_run8.json
main,SICLSP,Code-Based,10,siclsp_T10_inst0,9,True,,True,2745.0,2745.0,2745.0,0.0,,,,1.0,"{""1"": 35, ""2"": 77, ""3"": 41, ""4"": 22, ""5"": 0, ""6"": 44, ""7"": 68, ""8"": 27, ""9"": 0, ""10"": 42}",data/results/code_based_debug5_siclsp_final/siclsp/siclsp_T10_inst0_run9.json
main,SICLSP,Code-Based,10,siclsp_T10_inst1,1,True,,True,2756.0,2756.0,2756.0,0.0,,,,1.0,"{""1"": 23, ""2"": 29, ""3"": 25, ""4"": 32, ""5"": 26, ""6"": 22, ""7"": 47, ""8"": 42, ""9"": 40, ""10"": 36}",data/results/code_based_debug5_siclsp_final/siclsp/siclsp_T10_inst1_run1.json
main,SICLSP,Code-Based,10,siclsp_T10_inst1,10,True,,True,2756.0,2756.0,2756.0,0.0,,,,0.0,"{""1"": 23, ""2"": 29, ""3"": 25, ""4"": 32, ""5"": 26, ""6"": 22, ""7"": 47, ""8"": 42, ""9"": 40, ""10"": 36}",data/results/code_based_debug5_siclsp_final/siclsp/siclsp_T10_inst1_run10.json
main,SICLSP,Code-Based,10,siclsp_T10_inst1,2,True,,True,2756.0,2756.0,2756.0,0.0,,,,0.0,"{""1"": 23, ""2"": 29, ""3"": 25, ""4"": 32, ""5"": 26, ""6"": 22, ""7"": 47, ""8"": 42, ""9"": 40, ""10"": 36}",data/results/code_based_debug5_siclsp_final/siclsp/siclsp_T10_inst1_run2.json
main,SICLSP,Code-Based,10,siclsp_T10_inst1,3,True,,True,2756.0,2756.0,2756.0,0.0,,,,0.0,"{""1"": 23, ""2"": 29, ""3"": 25, ""4"": 32, ""5"": 26, ""6"": 22, ""7"": 47, ""8"": 42, ""9"": 40, ""10"": 36}",data/results/code_based_debug5_siclsp_final/siclsp/siclsp_T10_inst1_run3.json
main,SICLSP,Code-Based,10,siclsp_T10_inst1,4,True,,True,2756.0,2756.0,2756.0,0.0,,,,0.0,"{""1"": 23, ""2"": 29, ""3"": 25, ""4"": 32, ""5"": 26, ""6"": 22, ""7"": 47, ""8"": 42, ""9"": 40, ""10"": 36}",data/results/code_based_debug5_siclsp_final/siclsp/siclsp_T10_inst1_run4.json
main,SICLSP,Code-Based,10,siclsp_T10_inst1,5,True,,True,2756.0,2756.0,2756.0,0.0,,,,0.0,"{""1"": 23, ""2"": 29, ""3"": 25, ""4"": 32, ""5"": 26, ""6"": 22, ""7"": 47, ""8"": 42, ""9"": 40, ""10"": 36}",data/results/code_based_debug5_siclsp_final/siclsp/siclsp_T10_inst1_run5.json
main,SICLSP,Code-Based,10,siclsp_T10_inst1,6,True,,True,2756.0,2756.0,2756.0,0.0,,,,0.0,"{""1"": 23, ""2"": 29, ""3"": 25, ""4"": 32, ""5"": 26, ""6"": 22, ""7"": 47, ""8"": 42, ""9"": 40, ""10"": 36}",data/results/code_based_debug5_siclsp_final/siclsp/siclsp_T10_inst1_run6.json
main,SICLSP,Code-Based,10,siclsp_T10_inst1,7,True,,True,2756.0,2756.0,2756.0,0.0,,,,0.0,"{""1"": 23, ""2"": 29, ""3"": 25, ""4"": 32, ""5"": 26, ""6"": 22, ""7"": 47, ""8"": 42, ""9"": 40, ""10"": 36}",data/results/code_based_debug5_siclsp_final/siclsp/siclsp_T10_inst1_run7.json
main,SICLSP,Code-Based,10,siclsp_T10_inst1,8,True,,True,2756.0,2756.0,2756.0,0.0,,,,0.0,"{""1"": 23, ""2"": 29, ""3"": 25, ""4"": 32, ""5"": 26, ""6"": 22, ""7"": 47, ""8"": 42, ""9"": 40, ""10"": 36}",data/results/code_based_debug5_siclsp_final/siclsp/siclsp_T10_inst1_run8.json
main,SICLSP,Code-Based,10,siclsp_T10_inst1,9,True,,True,2756.0,2756.0,2756.0,0.0,,,,0.0,"{""1"": 23, ""2"": 29, ""3"": 25, ""4"": 32, ""5"": 26, ""6"": 22, ""7"": 47, ""8"": 42, ""9"": 40, ""10"": 36}",data/results/code_based_debug5_siclsp_final/siclsp/siclsp_T10_inst1_run9.json
main,SICLSP,Code-Based,10,siclsp_T10_inst2,1,True,,True,2555.0,2555.0,2555.0,0.0,,,,0.0,"{""1"": 22.0, ""2"": 37.0, ""3"": 56.0, ""4"": 0.0, ""5"": 45.0, ""6"": 13.0, ""7"": 0.0, ""8"": 17.0, ""9"": 50.0, ""10"": 44.0}",data/results/code_based_debug5_siclsp_final/siclsp/siclsp_T10_inst2_run1.json
main,SICLSP,Code-Based,10,siclsp_T10_inst2,10,True,,True,2555.0,2555.0,2555.0,0.0,,,,0.0,"{""1"": 22.0, ""2"": 37.0, ""3"": 56.0, ""4"": 0.0, ""5"": 45.0, ""6"": 13.0, ""7"": 0.0, ""8"": 17.0, ""9"": 50.0, ""10"": 44.0}",data/results/code_based_debug5_siclsp_final/siclsp/siclsp_T10_inst2_run10.json
main,SICLSP,Code-Based,10,siclsp_T10_inst2,2,True,,True,2555.0,2555.0,2555.0,0.0,,,,1.0,"{""1"": 22, ""2"": 37, ""3"": 56, ""4"": 0, ""5"": 45, ""6"": 13, ""7"": 0, ""8"": 17, ""9"": 50, ""10"": 44}",data/results/code_based_debug5_siclsp_final/siclsp/siclsp_T10_inst2_run2.json
main,SICLSP,Code-Based,10,siclsp_T10_inst2,3,True,,True,2555.0,2555.0,2555.0,0.0,,,,1.0,"{""1"": 22, ""2"": 37, ""3"": 56, ""4"": 0, ""5"": 45, ""6"": 13, ""7"": 0, ""8"": 17, ""9"": 50, ""10"": 44}",data/results/code_based_debug5_siclsp_final/siclsp/siclsp_T10_inst2_run3.json
main,SICLSP,Code-Based,10,siclsp_T10_inst2,4,True,,True,2555.0,2555.0,2555.0,0.0,,,,0.0,"{""1"": 22.0, ""2"": 37.0, ""3"": 56.0, ""4"": 0.0, ""5"": 45.0, ""6"": 13.0, ""7"": 0.0, ""8"": 17.0, ""9"": 50.0, ""10"": 44.0}",data/results/code_based_debug5_siclsp_final/siclsp/siclsp_T10_inst2_run4.json
main,SICLSP,Code-Based,10,siclsp_T10_inst2,5,True,,True,2555.0,2555.0,2555.0,0.0,,,,1.0,"{""1"": 22, ""2"": 37, ""3"": 56, ""4"": 0, ""5"": 45, ""6"": 13, ""7"": 0, ""8"": 17, ""9"": 50, ""10"": 44}",data/results/code_based_debug5_siclsp_final/siclsp/siclsp_T10_inst2_run5.json
main,SICLSP,Code-Based,10,siclsp_T10_inst2,6,True,,True,2555.0,2555.0,2555.0,0.0,,,,0.0,"{""1"": 22, ""2"": 37, ""3"": 56, ""4"": 0, ""5"": 45, ""6"": 13, ""7"": 0, ""8"": 17, ""9"": 50, ""10"": 44}",data/results/code_based_debug5_siclsp_final/siclsp/siclsp_T10_inst2_run6.json
main,SICLSP,Code-Based,10,siclsp_T10_inst2,7,True,,True,2555.0,2555.0,2555.0,0.0,,,,0.0,"{""1"": 22.0, ""2"": 37.0, ""3"": 56.0, ""4"": 0.0, ""5"": 45.0, ""6"": 13.0, ""7"": 0.0, ""8"": 17.0, ""9"": 50.0, ""10"": 44.0}",data/results/code_based_debug5_siclsp_final/siclsp/siclsp_T10_inst2_run7.json
main,SICLSP,Code-Based,10,siclsp_T10_inst2,8,True,,True,2555.0,2555.0,2555.0,0.0,,,,0.0,"{""1"": 22.0, ""2"": 37.0, ""3"": 56.0, ""4"": 0.0, ""5"": 45.0, ""6"": 13.0, ""7"": 0.0, ""8"": 17.0, ""9"": 50.0, ""10"": 44.0}",data/results/code_based_debug5_siclsp_final/siclsp/siclsp_T10_inst2_run8.json
main,SICLSP,Code-Based,10,siclsp_T10_inst2,9,True,,True,2555.0,2555.0,2555.0,0.0,,,,0.0,"{""1"": 22.0, ""2"": 37.0, ""3"": 56.0, ""4"": 0.0, ""5"": 45.0, ""6"": 13.0, ""7"": 0.0, ""8"": 17.0, ""9"": 50.0, ""10"": 44.0}",data/results/code_based_debug5_siclsp_final/siclsp/siclsp_T10_inst2_run9.json
main,SICLSP,Code-Based,10,siclsp_T10_inst3,1,True,,True,3161.0,3161.0,3161.0,0.0,,,,0.0,"{""1"": 29, ""2"": 66, ""3"": 0, ""4"": 34, ""5"": 26, ""6"": 26, ""7"": 37, ""8"": 0, ""9"": 38, ""10"": 38}",data/results/code_based_debug5_siclsp_final/siclsp/siclsp_T10_inst3_run1.json
main,SICLSP,Code-Based,10,siclsp_T10_inst3,10,True,,True,3161.0,3161.0,3161.0,0.0,,,,0.0,"{""1"": 29, ""2"": 66, ""3"": 0, ""4"": 34, ""5"": 26, ""6"": 26, ""7"": 37, ""8"": 0, ""9"": 38, ""10"": 38}",data/results/code_based_debug5_siclsp_final/siclsp/siclsp_T10_inst3_run10.json
main,SICLSP,Code-Based,10,siclsp_T10_inst3,2,True,,True,3161.0,3161.0,3161.0,0.0,,,,0.0,"{""1"": 29, ""2"": 66, ""3"": 0, ""4"": 34, ""5"": 26, ""6"": 26, ""7"": 37, ""8"": 0, ""9"": 38, ""10"": 38}",data/results/code_based_debug5_siclsp_final/siclsp/siclsp_T10_inst3_run2.json
main,SICLSP,Code-Based,10,siclsp_T10_inst3,3,True,,True,3161.0,3161.0,3161.0,0.0,,,,0.0,"{""1"": 29, ""2"": 66, ""3"": 0, ""4"": 34, ""5"": 26, ""6"": 26, ""7"": 37, ""8"": 0, ""9"": 38, ""10"": 38}",data/results/code_based_debug5_siclsp_final/siclsp/siclsp_T10_inst3_run3.json
main,SICLSP,Code-Based,10,siclsp_T10_inst3,4,True,,True,3161.0,3161.0,3161.0,0.0,,,,0.0,"{""1"": 29, ""2"": 66, ""3"": 0, ""4"": 34, ""5"": 26, ""6"": 26, ""7"": 37, ""8"": 0, ""9"": 38, ""10"": 38}",data/results/code_based_debug5_siclsp_final/siclsp/siclsp_T10_inst3_run4.json
main,SICLSP,Code-Based,10,siclsp_T10_inst3,5,True,,True,3161.0,3161.0,3161.0,0.0,,,,0.0,"{""1"": 29, ""2"": 66, ""3"": 0, ""4"": 34, ""5"": 26, ""6"": 26, ""7"": 37, ""8"": 0, ""9"": 38, ""10"": 38}",data/results/code_based_debug5_siclsp_final/siclsp/siclsp_T10_inst3_run5.json
main,SICLSP,Code-Based,10,siclsp_T10_inst3,6,True,,True,3161.0,3161.0,3161.0,0.0,,,,0.0,"{""1"": 29, ""2"": 66, ""3"": 0, ""4"": 34, ""5"": 26, ""6"": 26, ""7"": 37, ""8"": 0, ""9"": 38, ""10"": 38}",data/results/code_based_debug5_siclsp_final/siclsp/siclsp_T10_inst3_run6.json
main,SICLSP,Code-Based,10,siclsp_T10_inst3,7,True,,True,3161.0,3161.0,3161.0,0.0,,,,0.0,"{""1"": 29.0, ""2"": 66.0, ""3"": 0.0, ""4"": 34.0, ""5"": 26.0, ""6"": 26.0, ""7"": 37.0, ""8"": 0.0, ""9"": 38.0, ""10"": 38.0}",data/results/code_based_debug5_siclsp_final/siclsp/siclsp_T10_inst3_run7.json
main,SICLSP,Code-Based,10,siclsp_T10_inst3,8,True,,True,3161.0,3161.0,3161.0,0.0,,,,0.0,"{""1"": 29.0, ""2"": 66.0, ""3"": 0.0, ""4"": 34.0, ""5"": 26.0, ""6"": 26.0, ""7"": 37.0, ""8"": 0.0, ""9"": 38.0, ""10"": 38.0}",data/results/code_based_debug5_siclsp_final/siclsp/siclsp_T10_inst3_run8.json
main,SICLSP,Code-Based,10,siclsp_T10_inst3,9,True,,True,3161.0,3161.0,3161.0,0.0,,,,0.0,"{""1"": 29, ""2"": 66, ""3"": 0, ""4"": 34, ""5"": 26, ""6"": 26, ""7"": 37, ""8"": 0, ""9"": 38, ""10"": 38}",data/results/code_based_debug5_siclsp_final/siclsp/siclsp_T10_inst3_run9.json
main,SICLSP,Code-Based,10,siclsp_T10_inst4,1,True,,True,2818.0,2818.0,2818.0,0.0,,,,1.0,"{""1"": 37, ""2"": 56, ""3"": 27, ""4"": 48, ""5"": 24, ""6"": 28, ""7"": 0, ""8"": 24, ""9"": 62, ""10"": 0}",data/results/code_based_debug5_siclsp_final/siclsp/siclsp_T10_inst4_run1.json
main,SICLSP,Code-Based,10,siclsp_T10_inst4,10,True,,True,2818.0,2818.0,2818.0,0.0,,,,0.0,"{""1"": 37.0, ""2"": 56.0, ""3"": 27.0, ""4"": 48.0, ""5"": 24.0, ""6"": 28.0, ""7"": 0.0, ""8"": 24.0, ""9"": 62.0, ""10"": 0.0}",data/results/code_based_debug5_siclsp_final/siclsp/siclsp_T10_inst4_run10.json
main,SICLSP,Code-Based,10,siclsp_T10_inst4,2,True,,True,2818.0,2818.0,2818.0,0.0,,,,0.0,"{""1"": 37, ""2"": 56, ""3"": 27, ""4"": 48, ""5"": 24, ""6"": 28, ""7"": 0, ""8"": 24, ""9"": 62, ""10"": 0}",data/results/code_based_debug5_siclsp_final/siclsp/siclsp_T10_inst4_run2.json
main,SICLSP,Code-Based,10,siclsp_T10_inst4,3,True,,True,2818.0,2818.0,2818.0,0.0,,,,1.0,"{""1"": 37, ""2"": 56, ""3"": 27, ""4"": 48, ""5"": 24, ""6"": 28, ""7"": 0, ""8"": 24, ""9"": 62, ""10"": 0}",data/results/code_based_debug5_siclsp_final/siclsp/siclsp_T10_inst4_run3.json
main,SICLSP,Code-Based,10,siclsp_T10_inst4,4,True,,True,2818.0,2818.0,2818.0,0.0,,,,0.0,"{""1"": 37, ""2"": 56, ""3"": 27, ""4"": 48, ""5"": 24, ""6"": 28, ""7"": 0, ""8"": 24, ""9"": 62, ""10"": 0}",data/results/code_based_debug5_siclsp_final/siclsp/siclsp_T10_inst4_run4.json
main,SICLSP,Code-Based,10,siclsp_T10_inst4,5,True,,True,2818.0,2818.0,2818.0,0.0,,,,0.0,"{""1"": 37, ""2"": 56, ""3"": 27, ""4"": 48, ""5"": 24, ""6"": 28, ""7"": 0, ""8"": 24, ""9"": 62, ""10"": 0}",data/results/code_based_debug5_siclsp_final/siclsp/siclsp_T10_inst4_run5.json
main,SICLSP,Code-Based,10,siclsp_T10_inst4,6,True,,True,2818.0,2818.0,2818.0,0.0,,,,0.0,"{""1"": 37.0, ""2"": 56.0, ""3"": 27.0, ""4"": 48.0, ""5"": 24.0, ""6"": 28.0, ""7"": 0.0, ""8"": 24.0, ""9"": 62.0, ""10"": 0.0}",data/results/code_based_debug5_siclsp_final/siclsp/siclsp_T10_inst4_run6.json
main,SICLSP,Code-Based,10,siclsp_T10_inst4,7,True,,True,2818.0,2818.0,2818.0,0.0,,,,1.0,"{""1"": 37, ""2"": 56, ""3"": 27, ""4"": 48, ""5"": 24, ""6"": 28, ""7"": 0, ""8"": 24, ""9"": 62, ""10"": 0}",data/results/code_based_debug5_siclsp_final/siclsp/siclsp_T10_inst4_run7.json
main,SICLSP,Code-Based,10,siclsp_T10_inst4,8,True,,True,2818.0,2818.0,2818.0,0.0,,,,0.0,"{""1"": 37, ""2"": 56, ""3"": 27, ""4"": 48, ""5"": 24, ""6"": 28, ""7"": 0, ""8"": 24, ""9"": 62, ""10"": 0}",data/results/code_based_debug5_siclsp_final/siclsp/siclsp_T10_inst4_run8.json
main,SICLSP,Code-Based,10,siclsp_T10_inst4,9,True,,True,2818.0,2818.0,2818.0,0.0,,,,0.0,"{""1"": 37, ""2"": 56, ""3"": 27, ""4"": 48, ""5"": 24, ""6"": 28, ""7"": 0, ""8"": 24, ""9"": 62, ""10"": 0}",data/results/code_based_debug5_siclsp_final/siclsp/siclsp_T10_inst4_run9.json
main,SICLSP,Code-Based,15,siclsp_T15_inst0,1,True,,True,4680.0,4680.0,4680.0,0.0,,,,0.0,"{""1"": 44, ""2"": 0, ""3"": 49, ""4"": 50, ""5"": 0, ""6"": 42, ""7"": 50, ""8"": 46, ""9"": 31, ""10"": 55, ""11"": 0, ""12"": 25, ""13"": 36, ""14"": 21, ""15"": 31}",data/results/code_based_debug5_siclsp_final/siclsp/siclsp_T15_inst0_run1.json
main,SICLSP,Code-Based,15,siclsp_T15_inst0,10,True,,True,4680.0,4680.0,4680.0,0.0,,,,0.0,"{""1"": 44, ""2"": 0, ""3"": 49, ""4"": 50, ""5"": 0, ""6"": 42, ""7"": 50, ""8"": 46, ""9"": 31, ""10"": 55, ""11"": 0, ""12"": 25, ""13"": 36, ""14"": 21, ""15"": 31}",data/results/code_based_debug5_siclsp_final/siclsp/siclsp_T15_inst0_run10.json
main,SICLSP,Code-Based,15,siclsp_T15_inst0,2,True,,True,4680.0,4680.0,4680.0,0.0,,,,1.0,"{""1"": 44, ""2"": 0, ""3"": 49, ""4"": 50, ""5"": 0, ""6"": 42, ""7"": 50, ""8"": 46, ""9"": 31, ""10"": 55, ""11"": 0, ""12"": 25, ""13"": 36, ""14"": 21, ""15"": 31}",data/results/code_based_debug5_siclsp_final/siclsp/siclsp_T15_inst0_run2.json
main,SICLSP,Code-Based,15,siclsp_T15_inst0,3,True,,True,4680.0,4680.0,4680.0,0.0,,,,0.0,"{""1"": 44, ""2"": 0, ""3"": 49, ""4"": 50, ""5"": 0, ""6"": 42, ""7"": 50, ""8"": 46, ""9"": 31, ""10"": 55, ""11"": 0, ""12"": 25, ""13"": 36, ""14"": 21, ""15"": 31}",data/results/code_based_debug5_siclsp_final/siclsp/siclsp_T15_inst0_run3.json
main,SICLSP,Code-Based,15,siclsp_T15_inst0,4,True,,True,4680.0,4680.0,4680.0,0.0,,,,0.0,"{""1"": 44, ""2"": 0, ""3"": 49, ""4"": 50, ""5"": 0, ""6"": 42, ""7"": 50, ""8"": 46, ""9"": 31, ""10"": 55, ""11"": 0, ""12"": 25, ""13"": 36, ""14"": 21, ""15"": 31}",data/results/code_based_debug5_siclsp_final/siclsp/siclsp_T15_inst0_run4.json
main,SICLSP,Code-Based,15,siclsp_T15_inst0,5,True,,True,4680.0,4680.0,4680.0,0.0,,,,0.0,"{""1"": 44, ""2"": 0, ""3"": 49, ""4"": 50, ""5"": 0, ""6"": 42, ""7"": 50, ""8"": 46, ""9"": 31, ""10"": 55, ""11"": 0, ""12"": 25, ""13"": 36, ""14"": 21, ""15"": 31}",data/results/code_based_debug5_siclsp_final/siclsp/siclsp_T15_inst0_run5.json
main,SICLSP,Code-Based,15,siclsp_T15_inst0,6,True,,True,4680.0,4680.0,4680.0,0.0,,,,0.0,"{""1"": 44, ""2"": 0, ""3"": 49, ""4"": 50, ""5"": 0, ""6"": 42, ""7"": 50, ""8"": 46, ""9"": 31, ""10"": 55, ""11"": 0, ""12"": 25, ""13"": 36, ""14"": 21, ""15"": 31}",data/results/code_based_debug5_siclsp_final/siclsp/siclsp_T15_inst0_run6.json
main,SICLSP,Code-Based,15,siclsp_T15_inst0,7,True,,True,4855.0,4855.0,4680.0,3.7393162393162394,,,,0.0,"{""1"": 30, ""2"": 13, ""3"": 34, ""4"": 43, ""5"": 23, ""6"": 42, ""7"": 50, ""8"": 46, ""9"": 31, ""10"": 55, ""11"": 0, ""12"": 25, ""13"": 36, ""14"": 21, ""15"": 31}",data/results/code_based_debug5_siclsp_final/siclsp/siclsp_T15_inst0_run7.json
main,SICLSP,Code-Based,15,siclsp_T15_inst0,8,True,,True,4680.0,4680.0,4680.0,0.0,,,,0.0,"{""1"": 44, ""2"": 0, ""3"": 49, ""4"": 50, ""5"": 0, ""6"": 42, ""7"": 50, ""8"": 46, ""9"": 31, ""10"": 55, ""11"": 0, ""12"": 25, ""13"": 36, ""14"": 21, ""15"": 31}",data/results/code_based_debug5_siclsp_final/siclsp/siclsp_T15_inst0_run8.json
main,SICLSP,Code-Based,15,siclsp_T15_inst0,9,True,,True,4680.0,4680.0,4680.0,0.0,,,,0.0,"{""1"": 44, ""2"": 0, ""3"": 49, ""4"": 50, ""5"": 0, ""6"": 42, ""7"": 50, ""8"": 46, ""9"": 31, ""10"": 55, ""11"": 0, ""12"": 25, ""13"": 36, ""14"": 21, ""15"": 31}",data/results/code_based_debug5_siclsp_final/siclsp/siclsp_T15_inst0_run9.json
main,SICLSP,Code-Based,15,siclsp_T15_inst1,1,True,,True,5126.0,5126.0,5126.0,0.0,,,,0.0,"{""1"": 39, ""2"": 62, ""3"": 58, ""4"": 0, ""5"": 65, ""6"": 23, ""7"": 25, ""8"": 34, ""9"": 10, ""10"": 30, ""11"": 16, ""12"": 25, ""13"": 18, ""14"": 0, ""15"": 18}",data/results/code_based_debug5_siclsp_final/siclsp/siclsp_T15_inst1_run1.json
main,SICLSP,Code-Based,15,siclsp_T15_inst1,10,True,,True,5126.0,5126.0,5126.0,0.0,,,,0.0,"{""1"": 39, ""2"": 62, ""3"": 58, ""4"": 0, ""5"": 65, ""6"": 23, ""7"": 25, ""8"": 34, ""9"": 10, ""10"": 30, ""11"": 16, ""12"": 25, ""13"": 18, ""14"": 0, ""15"": 18}",data/results/code_based_debug5_siclsp_final/siclsp/siclsp_T15_inst1_run10.json
main,SICLSP,Code-Based,15,siclsp_T15_inst1,2,True,,True,5148.0,5148.0,5126.0,0.4291845493562232,,,,0.0,"{""1"": 35, ""2"": 57, ""3"": 58, ""4"": 40, ""5"": 65, ""6"": 0, ""7"": 25, ""8"": 34, ""9"": 10, ""10"": 38, ""11"": 0, ""12"": 25, ""13"": 18, ""14"": 0, ""15"": 18}",data/results/code_based_debug5_siclsp_final/siclsp/siclsp_T15_inst1_run2.json
main,SICLSP,Code-Based,15,siclsp_T15_inst1,3,True,,True,5126.0,5126.0,5126.0,0.0,,,,0.0,"{""1"": 39, ""2"": 62, ""3"": 58, ""4"": 0, ""5"": 65, ""6"": 23, ""7"": 25, ""8"": 34, ""9"": 10, ""10"": 30, ""11"": 16, ""12"": 25, ""13"": 18, ""14"": 0, ""15"": 18}",data/results/code_based_debug5_siclsp_final/siclsp/siclsp_T15_inst1_run3.json
main,SICLSP,Code-Based,15,siclsp_T15_inst1,4,True,,True,5126.0,5126.0,5126.0,0.0,,,,0.0,"{""1"": 39, ""2"": 62, ""3"": 58, ""4"": 0, ""5"": 65, ""6"": 23, ""7"": 25, ""8"": 34, ""9"": 10, ""10"": 30, ""11"": 16, ""12"": 25, ""13"": 18, ""14"": 0, ""15"": 18}",data/results/code_based_debug5_siclsp_final/siclsp/siclsp_T15_inst1_run4.json
main,SICLSP,Code-Based,15,siclsp_T15_inst1,5,True,,True,5126.0,5126.0,5126.0,0.0,,,,0.0,"{""1"": 39, ""2"": 62, ""3"": 58, ""4"": 0, ""5"": 65, ""6"": 23, ""7"": 25, ""8"": 34, ""9"": 10, ""10"": 30, ""11"": 16, ""12"": 25, ""13"": 18, ""14"": 0, ""15"": 18}",data/results/code_based_debug5_siclsp_final/siclsp/siclsp_T15_inst1_run5.json
main,SICLSP,Code-Based,15,siclsp_T15_inst1,6,True,,True,5126.0,5126.0,5126.0,0.0,,,,0.0,"{""1"": 39, ""2"": 62, ""3"": 58, ""4"": 0, ""5"": 65, ""6"": 23, ""7"": 25, ""8"": 34, ""9"": 10, ""10"": 30, ""11"": 16, ""12"": 25, ""13"": 18, ""14"": 0, ""15"": 18}",data/results/code_based_debug5_siclsp_final/siclsp/siclsp_T15_inst1_run6.json
main,SICLSP,Code-Based,15,siclsp_T15_inst1,7,True,,True,5126.0,5126.0,5126.0,0.0,,,,0.0,"{""1"": 39, ""2"": 62, ""3"": 58, ""4"": 0, ""5"": 65, ""6"": 23, ""7"": 25, ""8"": 34, ""9"": 10, ""10"": 30, ""11"": 16, ""12"": 25, ""13"": 18, ""14"": 0, ""15"": 18}",data/results/code_based_debug5_siclsp_final/siclsp/siclsp_T15_inst1_run7.json
main,SICLSP,Code-Based,15,siclsp_T15_inst1,8,True,,True,5126.0,5126.0,5126.0,0.0,,,,0.0,"{""1"": 39, ""2"": 62, ""3"": 58, ""4"": 0, ""5"": 65, ""6"": 23, ""7"": 25, ""8"": 34, ""9"": 10, ""10"": 30, ""11"": 16, ""12"": 25, ""13"": 18, ""14"": 0, ""15"": 18}",data/results/code_based_debug5_siclsp_final/siclsp/siclsp_T15_inst1_run8.json
main,SICLSP,Code-Based,15,siclsp_T15_inst1,9,True,,True,5126.0,5126.0,5126.0,0.0,,,,0.0,"{""1"": 39, ""2"": 62, ""3"": 58, ""4"": 0, ""5"": 65, ""6"": 23, ""7"": 25, ""8"": 34, ""9"": 10, ""10"": 30, ""11"": 16, ""12"": 25, ""13"": 18, ""14"": 0, ""15"": 18}",data/results/code_based_debug5_siclsp_final/siclsp/siclsp_T15_inst1_run9.json
main,SICLSP,Code-Based,15,siclsp_T15_inst2,1,True,,True,4484.0,4484.0,4484.0,0.0,,,,0.0,"{""1"": 56, ""2"": 32, ""3"": 46, ""4"": 33, ""5"": 46, ""6"": 36, ""7"": 33, ""8"": 47, ""9"": 47, ""10"": 12, ""11"": 30, ""12"": 63, ""13"": 0, ""14"": 17, ""15"": 34}",data/results/code_based_debug5_siclsp_final/siclsp/siclsp_T15_inst2_run1.json
main,SICLSP,Code-Based,15,siclsp_T15_inst2,10,True,,True,4484.0,4484.0,4484.0,0.0,,,,0.0,"{""1"": 56, ""2"": 32, ""3"": 46, ""4"": 33, ""5"": 46, ""6"": 36, ""7"": 33, ""8"": 47, ""9"": 47, ""10"": 12, ""11"": 30, ""12"": 63, ""13"": 0, ""14"": 17, ""15"": 34}",data/results/code_based_debug5_siclsp_final/siclsp/siclsp_T15_inst2_run10.json
main,SICLSP,Code-Based,15,siclsp_T15_inst2,2,True,,True,4484.0,4484.0,4484.0,0.0,,,,0.0,"{""1"": 56, ""2"": 32, ""3"": 46, ""4"": 33, ""5"": 46, ""6"": 36, ""7"": 33, ""8"": 47, ""9"": 47, ""10"": 12, ""11"": 30, ""12"": 63, ""13"": 0, ""14"": 17, ""15"": 34}",data/results/code_based_debug5_siclsp_final/siclsp/siclsp_T15_inst2_run2.json
main,SICLSP,Code-Based,15,siclsp_T15_inst2,3,True,,True,4484.0,4484.0,4484.0,0.0,,,,0.0,"{""1"": 56, ""2"": 32, ""3"": 46, ""4"": 33, ""5"": 46, ""6"": 36, ""7"": 33, ""8"": 47, ""9"": 47, ""10"": 12, ""11"": 30, ""12"": 63, ""13"": 0, ""14"": 17, ""15"": 34}",data/results/code_based_debug5_siclsp_final/siclsp/siclsp_T15_inst2_run3.json
main,SICLSP,Code-Based,15,siclsp_T15_inst2,4,True,,True,4484.0,4484.0,4484.0,0.0,,,,0.0,"{""1"": 56, ""2"": 32, ""3"": 46, ""4"": 33, ""5"": 46, ""6"": 36, ""7"": 33, ""8"": 47, ""9"": 47, ""10"": 12, ""11"": 30, ""12"": 63, ""13"": 0, ""14"": 17, ""15"": 34}",data/results/code_based_debug5_siclsp_final/siclsp/siclsp_T15_inst2_run4.json
main,SICLSP,Code-Based,15,siclsp_T15_inst2,5,True,,True,4484.0,4484.0,4484.0,0.0,,,,0.0,"{""1"": 56, ""2"": 32, ""3"": 46, ""4"": 33, ""5"": 46, ""6"": 36, ""7"": 33, ""8"": 47, ""9"": 47, ""10"": 12, ""11"": 30, ""12"": 63, ""13"": 0, ""14"": 17, ""15"": 34}",data/results/code_based_debug5_siclsp_final/siclsp/siclsp_T15_inst2_run5.json
main,SICLSP,Code-Based,15,siclsp_T15_inst2,6,True,,True,4484.0,4484.0,4484.0,0.0,,,,0.0,"{""1"": 56, ""2"": 32, ""3"": 46, ""4"": 33, ""5"": 46, ""6"": 36, ""7"": 33, ""8"": 47, ""9"": 47, ""10"": 12, ""11"": 30, ""12"": 63, ""13"": 0, ""14"": 17, ""15"": 34}",data/results/code_based_debug5_siclsp_final/siclsp/siclsp_T15_inst2_run6.json
main,SICLSP,Code-Based,15,siclsp_T15_inst2,7,True,,True,4484.0,4484.0,4484.0,0.0,,,,0.0,"{""1"": 56, ""2"": 32, ""3"": 46, ""4"": 33, ""5"": 46, ""6"": 36, ""7"": 33, ""8"": 47, ""9"": 47, ""10"": 12, ""11"": 30, ""12"": 63, ""13"": 0, ""14"": 17, ""15"": 34}",data/results/code_based_debug5_siclsp_final/siclsp/siclsp_T15_inst2_run7.json
main,SICLSP,Code-Based,15,siclsp_T15_inst2,8,True,,True,4484.0,4484.0,4484.0,0.0,,,,0.0,"{""1"": 56, ""2"": 32, ""3"": 46, ""4"": 33, ""5"": 46, ""6"": 36, ""7"": 33, ""8"": 47, ""9"": 47, ""10"": 12, ""11"": 30, ""12"": 63, ""13"": 0, ""14"": 17, ""15"": 34}",data/results/code_based_debug5_siclsp_final/siclsp/siclsp_T15_inst2_run8.json
main,SICLSP,Code-Based,15,siclsp_T15_inst2,9,True,,True,4484.0,4484.0,4484.0,0.0,,,,0.0,"{""1"": 56, ""2"": 32, ""3"": 46, ""4"": 33, ""5"": 46, ""6"": 36, ""7"": 33, ""8"": 47, ""9"": 47, ""10"": 12, ""11"": 30, ""12"": 63, ""13"": 0, ""14"": 17, ""15"": 34}",data/results/code_based_debug5_siclsp_final/siclsp/siclsp_T15_inst2_run9.json
main,SICLSP,Code-Based,15,siclsp_T15_inst3,1,True,,True,4651.0,4651.0,4651.0,0.0,,,,1.0,"{""1"": 34, ""2"": 32, ""3"": 0, ""4"": 50, ""5"": 22, ""6"": 45, ""7"": 13, ""8"": 42, ""9"": 20, ""10"": 48, ""11"": 24, ""12"": 22, ""13"": 35, ""14"": 49, ""15"": 33}",data/results/code_based_debug5_siclsp_final/siclsp/siclsp_T15_inst3_run1.json
main,SICLSP,Code-Based,15,siclsp_T15_inst3,10,True,,True,4651.0,4651.0,4651.0,0.0,,,,0.0,"{""1"": 34, ""2"": 32, ""3"": 0, ""4"": 50, ""5"": 22, ""6"": 45, ""7"": 13, ""8"": 42, ""9"": 20, ""10"": 48, ""11"": 24, ""12"": 22, ""13"": 35, ""14"": 49, ""15"": 33}",data/results/code_based_debug5_siclsp_final/siclsp/siclsp_T15_inst3_run10.json
main,SICLSP,Code-Based,15,siclsp_T15_inst3,2,True,,True,4651.0,4651.0,4651.0,0.0,,,,0.0,"{""1"": 34, ""2"": 32, ""3"": 0, ""4"": 50, ""5"": 22, ""6"": 45, ""7"": 13, ""8"": 42, ""9"": 20, ""10"": 48, ""11"": 24, ""12"": 22, ""13"": 35, ""14"": 49, ""15"": 33}",data/results/code_based_debug5_siclsp_final/siclsp/siclsp_T15_inst3_run2.json
main,SICLSP,Code-Based,15,siclsp_T15_inst3,3,True,,True,4651.0,4651.0,4651.0,0.0,,,,1.0,"{""1"": 34, ""2"": 32, ""3"": 0, ""4"": 50, ""5"": 22, ""6"": 45, ""7"": 13, ""8"": 42, ""9"": 20, ""10"": 48, ""11"": 24, ""12"": 22, ""13"": 35, ""14"": 49, ""15"": 33}",data/results/code_based_debug5_siclsp_final/siclsp/siclsp_T15_inst3_run3.json
main,SICLSP,Code-Based,15,siclsp_T15_inst3,4,True,,True,4651.0,4651.0,4651.0,0.0,,,,0.0,"{""1"": 34, ""2"": 32, ""3"": 0, ""4"": 50, ""5"": 22, ""6"": 45, ""7"": 13, ""8"": 42, ""9"": 20, ""10"": 48, ""11"": 24, ""12"": 22, ""13"": 35, ""14"": 49, ""15"": 33}",data/results/code_based_debug5_siclsp_final/siclsp/siclsp_T15_inst3_run4.json
main,SICLSP,Code-Based,15,siclsp_T15_inst3,5,True,,True,4651.0,4651.0,4651.0,0.0,,,,0.0,"{""1"": 34, ""2"": 32, ""3"": 0, ""4"": 50, ""5"": 22, ""6"": 45, ""7"": 13, ""8"": 42, ""9"": 20, ""10"": 48, ""11"": 24, ""12"": 22, ""13"": 35, ""14"": 49, ""15"": 33}",data/results/code_based_debug5_siclsp_final/siclsp/siclsp_T15_inst3_run5.json
main,SICLSP,Code-Based,15,siclsp_T15_inst3,6,True,,True,4651.0,4651.0,4651.0,0.0,,,,1.0,"{""1"": 34, ""2"": 32, ""3"": 0, ""4"": 50, ""5"": 22, ""6"": 45, ""7"": 13, ""8"": 42, ""9"": 20, ""10"": 48, ""11"": 24, ""12"": 22, ""13"": 35, ""14"": 49, ""15"": 33}",data/results/code_based_debug5_siclsp_final/siclsp/siclsp_T15_inst3_run6.json
main,SICLSP,Code-Based,15,siclsp_T15_inst3,7,True,,True,4651.0,4651.0,4651.0,0.0,,,,0.0,"{""1"": 34, ""2"": 32, ""3"": 0, ""4"": 50, ""5"": 22, ""6"": 45, ""7"": 13, ""8"": 42, ""9"": 20, ""10"": 48, ""11"": 24, ""12"": 22, ""13"": 35, ""14"": 49, ""15"": 33}",data/results/code_based_debug5_siclsp_final/siclsp/siclsp_T15_inst3_run7.json
main,SICLSP,Code-Based,15,siclsp_T15_inst3,8,True,,True,4651.0,4651.0,4651.0,0.0,,,,0.0,"{""1"": 34, ""2"": 32, ""3"": 0, ""4"": 50, ""5"": 22, ""6"": 45, ""7"": 13, ""8"": 42, ""9"": 20, ""10"": 48, ""11"": 24, ""12"": 22, ""13"": 35, ""14"": 49, ""15"": 33}",data/results/code_based_debug5_siclsp_final/siclsp/siclsp_T15_inst3_run8.json
main,SICLSP,Code-Based,15,siclsp_T15_inst3,9,True,,True,4651.0,4651.0,4651.0,0.0,,,,0.0,"{""1"": 34, ""2"": 32, ""3"": 0, ""4"": 50, ""5"": 22, ""6"": 45, ""7"": 13, ""8"": 42, ""9"": 20, ""10"": 48, ""11"": 24, ""12"": 22, ""13"": 35, ""14"": 49, ""15"": 33}",data/results/code_based_debug5_siclsp_final/siclsp/siclsp_T15_inst3_run9.json
main,SICLSP,Code-Based,15,siclsp_T15_inst4,1,True,,True,4340.0,4340.0,4340.0,0.0,,,,0.0,"{""1"": 39, ""2"": 17, ""3"": 49, ""4"": 59, ""5"": 0, ""6"": 25, ""7"": 39, ""8"": 15, ""9"": 51, ""10"": 36, ""11"": 30, ""12"": 33, ""13"": 30, ""14"": 33, ""15"": 35}",data/results/code_based_debug5_siclsp_final/siclsp/siclsp_T15_inst4_run1.json
main,SICLSP,Code-Based,15,siclsp_T15_inst4,10,True,,True,4340.0,4340.0,4340.0,0.0,,,,0.0,"{""1"": 39, ""2"": 17, ""3"": 49, ""4"": 59, ""5"": 0, ""6"": 25, ""7"": 39, ""8"": 15, ""9"": 51, ""10"": 36, ""11"": 30, ""12"": 33, ""13"": 30, ""14"": 33, ""15"": 35}",data/results/code_based_debug5_siclsp_final/siclsp/siclsp_T15_inst4_run10.json
main,SICLSP,Code-Based,15,siclsp_T15_inst4,2,True,,True,4340.0,4340.0,4340.0,0.0,,,,0.0,"{""1"": 39, ""2"": 17, ""3"": 49, ""4"": 59, ""5"": 0, ""6"": 25, ""7"": 39, ""8"": 15, ""9"": 51, ""10"": 36, ""11"": 30, ""12"": 33, ""13"": 30, ""14"": 33, ""15"": 35}",data/results/code_based_debug5_siclsp_final/siclsp/siclsp_T15_inst4_run2.json
main,SICLSP,Code-Based,15,siclsp_T15_inst4,3,True,,True,4340.0,4340.0,4340.0,0.0,,,,0.0,"{""1"": 39, ""2"": 17, ""3"": 49, ""4"": 59, ""5"": 0, ""6"": 25, ""7"": 39, ""8"": 15, ""9"": 51, ""10"": 36, ""11"": 30, ""12"": 33, ""13"": 30, ""14"": 33, ""15"": 35}",data/results/code_based_debug5_siclsp_final/siclsp/siclsp_T15_inst4_run3.json
main,SICLSP,Code-Based,15,siclsp_T15_inst4,4,True,,True,4340.0,4340.0,4340.0,0.0,,,,0.0,"{""1"": 39, ""2"": 17, ""3"": 49, ""4"": 59, ""5"": 0, ""6"": 25, ""7"": 39, ""8"": 15, ""9"": 51, ""10"": 36, ""11"": 30, ""12"": 33, ""13"": 30, ""14"": 33, ""15"": 35}",data/results/code_based_debug5_siclsp_final/siclsp/siclsp_T15_inst4_run4.json
main,SICLSP,Code-Based,15,siclsp_T15_inst4,5,True,,True,4340.0,4340.0,4340.0,0.0,,,,0.0,"{""1"": 39, ""2"": 17, ""3"": 49, ""4"": 59, ""5"": 0, ""6"": 25, ""7"": 39, ""8"": 15, ""9"": 51, ""10"": 36, ""11"": 30, ""12"": 33, ""13"": 30, ""14"": 33, ""15"": 35}",data/results/code_based_debug5_siclsp_final/siclsp/siclsp_T15_inst4_run5.json
main,SICLSP,Code-Based,15,siclsp_T15_inst4,6,True,,True,4340.0,4340.0,4340.0,0.0,,,,0.0,"{""1"": 39, ""2"": 17, ""3"": 49, ""4"": 59, ""5"": 0, ""6"": 25, ""7"": 39, ""8"": 15, ""9"": 51, ""10"": 36, ""11"": 30, ""12"": 33, ""13"": 30, ""14"": 33, ""15"": 35}",data/results/code_based_debug5_siclsp_final/siclsp/siclsp_T15_inst4_run6.json
main,SICLSP,Code-Based,15,siclsp_T15_inst4,7,True,,True,4340.0,4340.0,4340.0,0.0,,,,0.0,"{""1"": 39, ""2"": 17, ""3"": 49, ""4"": 59, ""5"": 0, ""6"": 25, ""7"": 39, ""8"": 15, ""9"": 51, ""10"": 36, ""11"": 30, ""12"": 33, ""13"": 30, ""14"": 33, ""15"": 35}",data/results/code_based_debug5_siclsp_final/siclsp/siclsp_T15_inst4_run7.json
main,SICLSP,Code-Based,15,siclsp_T15_inst4,8,True,,True,4340.0,4340.0,4340.0,0.0,,,,0.0,"{""1"": 39.0, ""2"": 17.0, ""3"": 49.0, ""4"": 59.0, ""5"": 0.0, ""6"": 25.0, ""7"": 39.0, ""8"": 15.0, ""9"": 51.0, ""10"": 36.0, ""11"": 30.0, ""12"": 33.0, ""13"": 30.0, ""14"": 33.0, ""15"": 35.0}",data/results/code_based_debug5_siclsp_final/siclsp/siclsp_T15_inst4_run8.json
main,SICLSP,Code-Based,15,siclsp_T15_inst4,9,True,,True,4340.0,4340.0,4340.0,0.0,,,,0.0,"{""1"": 39, ""2"": 17, ""3"": 49, ""4"": 59, ""5"": 0, ""6"": 25, ""7"": 39, ""8"": 15, ""9"": 51, ""10"": 36, ""11"": 30, ""12"": 33, ""13"": 30, ""14"": 33, ""15"": 35}",data/results/code_based_debug5_siclsp_final/siclsp/siclsp_T15_inst4_run9.json
main,SICLSP,Code-Based,20,siclsp_T20_inst0,1,True,,True,5053.0,5053.0,5053.0,0.0,,,,1.0,"{""1"": 10, ""2"": 37, ""3"": 34, ""4"": 10, ""5"": 38, ""6"": 52, ""7"": 13, ""8"": 0, ""9"": 33, ""10"": 53, ""11"": 37, ""12"": 38, ""13"": 28, ""14"": 45, ""15"": 0, ""16"": 21, ""17"": 45, ""18"": 56, ""19"": 42, ""20"": 0}",data/results/code_based_debug5_siclsp_final/siclsp/siclsp_T20_inst0_run1.json
main,SICLSP,Code-Based,20,siclsp_T20_inst0,10,True,,True,5053.0,5053.0,5053.0,0.0,,,,0.0,"{""1"": 10.0, ""2"": 37.0, ""3"": 34.0, ""4"": 10.0, ""5"": 38.0, ""6"": 52.0, ""7"": 13.0, ""8"": -0.0, ""9"": 33.0, ""10"": 53.0, ""11"": 37.0, ""12"": 38.0, ""13"": 28.0, ""14"": 45.0, ""15"": -0.0, ""16"": 21.0, ""17"": 45.0, ""18"": 56.0, ""19"": 42.0, ""20"": -0.0}",data/results/code_based_debug5_siclsp_final/siclsp/siclsp_T20_inst0_run10.json
main,SICLSP,Code-Based,20,siclsp_T20_inst0,2,True,,True,5053.0,5053.0,5053.0,0.0,,,,1.0,"{""1"": 10, ""2"": 37, ""3"": 34, ""4"": 10, ""5"": 38, ""6"": 52, ""7"": 13, ""8"": 0, ""9"": 33, ""10"": 53, ""11"": 37, ""12"": 38, ""13"": 28, ""14"": 45, ""15"": 0, ""16"": 21, ""17"": 45, ""18"": 56, ""19"": 42, ""20"": 0}",data/results/code_based_debug5_siclsp_final/siclsp/siclsp_T20_inst0_run2.json
main,SICLSP,Code-Based,20,siclsp_T20_inst0,3,True,,True,5053.0,5053.0,5053.0,0.0,,,,0.0,"{""1"": 10, ""2"": 37, ""3"": 34, ""4"": 10, ""5"": 38, ""6"": 52, ""7"": 13, ""8"": 0, ""9"": 33, ""10"": 53, ""11"": 37, ""12"": 38, ""13"": 28, ""14"": 45, ""15"": 0, ""16"": 21, ""17"": 45, ""18"": 56, ""19"": 42, ""20"": 0}",data/results/code_based_debug5_siclsp_final/siclsp/siclsp_T20_inst0_run3.json
main,SICLSP,Code-Based,20,siclsp_T20_inst0,4,True,,True,5053.0,5053.0,5053.0,0.0,,,,1.0,"{""1"": 10, ""2"": 37, ""3"": 34, ""4"": 10, ""5"": 38, ""6"": 52, ""7"": 13, ""8"": 0, ""9"": 33, ""10"": 53, ""11"": 37, ""12"": 38, ""13"": 28, ""14"": 45, ""15"": 0, ""16"": 21, ""17"": 45, ""18"": 56, ""19"": 42, ""20"": 0}",data/results/code_based_debug5_siclsp_final/siclsp/siclsp_T20_inst0_run4.json
main,SICLSP,Code-Based,20,siclsp_T20_inst0,5,True,,True,5053.0,5053.0,5053.0,0.0,,,,1.0,"{""1"": 10, ""2"": 37, ""3"": 34, ""4"": 10, ""5"": 38, ""6"": 52, ""7"": 13, ""8"": 0, ""9"": 33, ""10"": 53, ""11"": 37, ""12"": 38, ""13"": 28, ""14"": 45, ""15"": 0, ""16"": 21, ""17"": 45, ""18"": 56, ""19"": 42, ""20"": 0}",data/results/code_based_debug5_siclsp_final/siclsp/siclsp_T20_inst0_run5.json
main,SICLSP,Code-Based,20,siclsp_T20_inst0,6,True,,True,5053.0,5053.0,5053.0,0.0,,,,1.0,"{""1"": 10, ""2"": 37, ""3"": 34, ""4"": 10, ""5"": 38, ""6"": 52, ""7"": 13, ""8"": 0, ""9"": 33, ""10"": 53, ""11"": 37, ""12"": 38, ""13"": 28, ""14"": 45, ""15"": 0, ""16"": 21, ""17"": 45, ""18"": 56, ""19"": 42, ""20"": 0}",data/results/code_based_debug5_siclsp_final/siclsp/siclsp_T20_inst0_run6.json
main,SICLSP,Code-Based,20,siclsp_T20_inst0,7,True,,True,5053.0,5053.0,5053.0,0.0,,,,1.0,"{""1"": 10, ""2"": 37, ""3"": 34, ""4"": 10, ""5"": 38, ""6"": 52, ""7"": 13, ""8"": 0, ""9"": 33, ""10"": 53, ""11"": 37, ""12"": 38, ""13"": 28, ""14"": 45, ""15"": 0, ""16"": 21, ""17"": 45, ""18"": 56, ""19"": 42, ""20"": 0}",data/results/code_based_debug5_siclsp_final/siclsp/siclsp_T20_inst0_run7.json
main,SICLSP,Code-Based,20,siclsp_T20_inst0,8,True,,True,5053.0,5053.0,5053.0,0.0,,,,0.0,"{""1"": 10, ""2"": 37, ""3"": 34, ""4"": 10, ""5"": 38, ""6"": 52, ""7"": 13, ""8"": 0, ""9"": 33, ""10"": 53, ""11"": 37, ""12"": 38, ""13"": 28, ""14"": 45, ""15"": 0, ""16"": 21, ""17"": 45, ""18"": 56, ""19"": 42, ""20"": 0}",data/results/code_based_debug5_siclsp_final/siclsp/siclsp_T20_inst0_run8.json
main,SICLSP,Code-Based,20,siclsp_T20_inst0,9,True,,True,5053.0,5053.0,5053.0,0.0,,,,1.0,"{""1"": 10, ""2"": 37, ""3"": 34, ""4"": 10, ""5"": 38, ""6"": 52, ""7"": 13, ""8"": 0, ""9"": 33, ""10"": 53, ""11"": 37, ""12"": 38, ""13"": 28, ""14"": 45, ""15"": 0, ""16"": 21, ""17"": 45, ""18"": 56, ""19"": 42, ""20"": 0}",data/results/code_based_debug5_siclsp_final/siclsp/siclsp_T20_inst0_run9.json
main,SICLSP,Code-Based,20,siclsp_T20_inst1,1,True,,True,5713.0,5713.0,5713.0,0.0,,,,1.0,"{""1"": 13, ""2"": 20, ""3"": 44, ""4"": 79, ""5"": 0, ""6"": 52, ""7"": 53, ""8"": 43, ""9"": 28, ""10"": 23, ""11"": 33, ""12"": 30, ""13"": 40, ""14"": 55, ""15"": 65, ""16"": 37, ""17"": 38, ""18"": 69, ""19"": 0, ""20"": 34}",data/results/code_based_debug5_siclsp_final/siclsp/siclsp_T20_inst1_run1.json
main,SICLSP,Code-Based,20,siclsp_T20_inst1,10,True,,True,5713.0,5713.0,5713.0,0.0,,,,0.0,"{""1"": 13, ""2"": 20, ""3"": 44, ""4"": 79, ""5"": 0, ""6"": 52, ""7"": 53, ""8"": 43, ""9"": 28, ""10"": 23, ""11"": 33, ""12"": 30, ""13"": 40, ""14"": 55, ""15"": 65, ""16"": 37, ""17"": 38, ""18"": 69, ""19"": 0, ""20"": 34}",data/results/code_based_debug5_siclsp_final/siclsp/siclsp_T20_inst1_run10.json
main,SICLSP,Code-Based,20,siclsp_T20_inst1,2,True,,True,5713.0,5713.0,5713.0,0.0,,,,1.0,"{""1"": 13, ""2"": 20, ""3"": 44, ""4"": 79, ""5"": 0, ""6"": 52, ""7"": 53, ""8"": 43, ""9"": 28, ""10"": 23, ""11"": 33, ""12"": 30, ""13"": 40, ""14"": 55, ""15"": 65, ""16"": 37, ""17"": 38, ""18"": 69, ""19"": 0, ""20"": 34}",data/results/code_based_debug5_siclsp_final/siclsp/siclsp_T20_inst1_run2.json
main,SICLSP,Code-Based,20,siclsp_T20_inst1,3,True,,True,5713.0,5713.0,5713.0,0.0,,,,0.0,"{""1"": 13, ""2"": 20, ""3"": 44, ""4"": 79, ""5"": 0, ""6"": 52, ""7"": 53, ""8"": 43, ""9"": 28, ""10"": 23, ""11"": 33, ""12"": 30, ""13"": 40, ""14"": 55, ""15"": 65, ""16"": 37, ""17"": 38, ""18"": 69, ""19"": 0, ""20"": 34}",data/results/code_based_debug5_siclsp_final/siclsp/siclsp_T20_inst1_run3.json
main,SICLSP,Code-Based,20,siclsp_T20_inst1,4,True,,True,5713.0,5713.0,5713.0,0.0,,,,0.0,"{""1"": 13, ""2"": 20, ""3"": 44, ""4"": 79, ""5"": 0, ""6"": 52, ""7"": 53, ""8"": 43, ""9"": 28, ""10"": 23, ""11"": 33, ""12"": 30, ""13"": 40, ""14"": 55, ""15"": 65, ""16"": 37, ""17"": 38, ""18"": 69, ""19"": 0, ""20"": 34}",data/results/code_based_debug5_siclsp_final/siclsp/siclsp_T20_inst1_run4.json
main,SICLSP,Code-Based,20,siclsp_T20_inst1,5,True,,True,5713.0,5713.0,5713.0,0.0,,,,0.0,"{""1"": 13, ""2"": 20, ""3"": 44, ""4"": 79, ""5"": 0, ""6"": 52, ""7"": 53, ""8"": 43, ""9"": 28, ""10"": 23, ""11"": 33, ""12"": 30, ""13"": 40, ""14"": 55, ""15"": 65, ""16"": 37, ""17"": 38, ""18"": 69, ""19"": 0, ""20"": 34}",data/results/code_based_debug5_siclsp_final/siclsp/siclsp_T20_inst1_run5.json
main,SICLSP,Code-Based,20,siclsp_T20_inst1,6,True,,True,5713.0,5713.0,5713.0,0.0,,,,0.0,"{""1"": 13, ""2"": 20, ""3"": 44, ""4"": 79, ""5"": 0, ""6"": 52, ""7"": 53, ""8"": 43, ""9"": 28, ""10"": 23, ""11"": 33, ""12"": 30, ""13"": 40, ""14"": 55, ""15"": 65, ""16"": 37, ""17"": 38, ""18"": 69, ""19"": 0, ""20"": 34}",data/results/code_based_debug5_siclsp_final/siclsp/siclsp_T20_inst1_run6.json
main,SICLSP,Code-Based,20,siclsp_T20_inst1,7,True,,True,5713.0,5713.0,5713.0,0.0,,,,0.0,"{""1"": 13, ""2"": 20, ""3"": 44, ""4"": 79, ""5"": 0, ""6"": 52, ""7"": 53, ""8"": 43, ""9"": 28, ""10"": 23, ""11"": 33, ""12"": 30, ""13"": 40, ""14"": 55, ""15"": 65, ""16"": 37, ""17"": 38, ""18"": 69, ""19"": 0, ""20"": 34}",data/results/code_based_debug5_siclsp_final/siclsp/siclsp_T20_inst1_run7.json
main,SICLSP,Code-Based,20,siclsp_T20_inst1,8,True,,True,5713.0,5713.0,5713.0,0.0,,,,0.0,"{""1"": 13, ""2"": 20, ""3"": 44, ""4"": 79, ""5"": 0, ""6"": 52, ""7"": 53, ""8"": 43, ""9"": 28, ""10"": 23, ""11"": 33, ""12"": 30, ""13"": 40, ""14"": 55, ""15"": 65, ""16"": 37, ""17"": 38, ""18"": 69, ""19"": 0, ""20"": 34}",data/results/code_based_debug5_siclsp_final/siclsp/siclsp_T20_inst1_run8.json
main,SICLSP,Code-Based,20,siclsp_T20_inst1,9,True,,True,5713.0,5713.0,5713.0,0.0,,,,0.0,"{""1"": 13.0, ""2"": 20.0, ""3"": 44.0, ""4"": 79.0, ""5"": 0.0, ""6"": 52.0, ""7"": 53.0, ""8"": 43.0, ""9"": 28.0, ""10"": 23.0, ""11"": 33.0, ""12"": 30.0, ""13"": 40.0, ""14"": 55.0, ""15"": 65.0, ""16"": 37.0, ""17"": 38.0, ""18"": 69.0, ""19"": 0.0, ""20"": 34.0}",data/results/code_based_debug5_siclsp_final/siclsp/siclsp_T20_inst1_run9.json
main,SICLSP,Code-Based,20,siclsp_T20_inst2,1,True,,True,5135.0,5135.0,5135.0,0.0,,,,0.0,"{""1"": 17, ""2"": 21, ""3"": 29, ""4"": 37, ""5"": 28, ""6"": 26, ""7"": 42, ""8"": 58, ""9"": 0, ""10"": 37, ""11"": 27, ""12"": 42, ""13"": 45, ""14"": 32, ""15"": 0, ""16"": 0, ""17"": 20, ""18"": 47, ""19"": 39, ""20"": 27}",data/results/code_based_debug5_siclsp_final/siclsp/siclsp_T20_inst2_run1.json
main,SICLSP,Code-Based,20,siclsp_T20_inst2,10,True,,True,5135.0,5135.0,5135.0,0.0,,,,0.0,"{""1"": 17, ""2"": 21, ""3"": 29, ""4"": 37, ""5"": 28, ""6"": 26, ""7"": 42, ""8"": 58, ""9"": 0, ""10"": 37, ""11"": 27, ""12"": 42, ""13"": 45, ""14"": 32, ""15"": 0, ""16"": 0, ""17"": 20, ""18"": 47, ""19"": 39, ""20"": 27}",data/results/code_based_debug5_siclsp_final/siclsp/siclsp_T20_inst2_run10.json
main,SICLSP,Code-Based,20,siclsp_T20_inst2,2,True,,True,5135.0,5135.0,5135.0,0.0,,,,1.0,"{""1"": 17, ""2"": 21, ""3"": 29, ""4"": 37, ""5"": 28, ""6"": 26, ""7"": 42, ""8"": 58, ""9"": 0, ""10"": 37, ""11"": 27, ""12"": 42, ""13"": 45, ""14"": 32, ""15"": 0, ""16"": 0, ""17"": 20, ""18"": 47, ""19"": 39, ""20"": 27}",data/results/code_based_debug5_siclsp_final/siclsp/siclsp_T20_inst2_run2.json
main,SICLSP,Code-Based,20,siclsp_T20_inst2,3,True,,True,5135.0,5135.0,5135.0,0.0,,,,1.0,"{""1"": 17, ""2"": 21, ""3"": 29, ""4"": 37, ""5"": 28, ""6"": 26, ""7"": 42, ""8"": 58, ""9"": 0, ""10"": 37, ""11"": 27, ""12"": 42, ""13"": 45, ""14"": 32, ""15"": 0, ""16"": 0, ""17"": 20, ""18"": 47, ""19"": 39, ""20"": 27}",data/results/code_based_debug5_siclsp_final/siclsp/siclsp_T20_inst2_run3.json
main,SICLSP,Code-Based,20,siclsp_T20_inst2,4,True,,True,5135.0,5135.0,5135.0,0.0,,,,0.0,"{""1"": 17, ""2"": 21, ""3"": 29, ""4"": 37, ""5"": 28, ""6"": 26, ""7"": 42, ""8"": 58, ""9"": 0, ""10"": 37, ""11"": 27, ""12"": 42, ""13"": 45, ""14"": 32, ""15"": 0, ""16"": 0, ""17"": 20, ""18"": 47, ""19"": 39, ""20"": 27}",data/results/code_based_debug5_siclsp_final/siclsp/siclsp_T20_inst2_run4.json
main,SICLSP,Code-Based,20,siclsp_T20_inst2,5,True,,True,5135.0,5135.0,5135.0,0.0,,,,1.0,"{""1"": 17, ""2"": 21, ""3"": 29, ""4"": 37, ""5"": 28, ""6"": 26, ""7"": 42, ""8"": 58, ""9"": 0, ""10"": 37, ""11"": 27, ""12"": 42, ""13"": 45, ""14"": 32, ""15"": 0, ""16"": 0, ""17"": 20, ""18"": 47, ""19"": 39, ""20"": 27}",data/results/code_based_debug5_siclsp_final/siclsp/siclsp_T20_inst2_run5.json
main,SICLSP,Code-Based,20,siclsp_T20_inst2,6,True,,True,5135.0,5135.0,5135.0,0.0,,,,1.0,"{""1"": 17, ""2"": 21, ""3"": 29, ""4"": 37, ""5"": 28, ""6"": 26, ""7"": 42, ""8"": 58, ""9"": 0, ""10"": 37, ""11"": 27, ""12"": 42, ""13"": 45, ""14"": 32, ""15"": 0, ""16"": 0, ""17"": 20, ""18"": 47, ""19"": 39, ""20"": 27}",data/results/code_based_debug5_siclsp_final/siclsp/siclsp_T20_inst2_run6.json
main,SICLSP,Code-Based,20,siclsp_T20_inst2,7,True,,True,5135.0,5135.0,5135.0,0.0,,,,1.0,"{""1"": 17, ""2"": 21, ""3"": 29, ""4"": 37, ""5"": 28, ""6"": 26, ""7"": 42, ""8"": 58, ""9"": 0, ""10"": 37, ""11"": 27, ""12"": 42, ""13"": 45, ""14"": 32, ""15"": 0, ""16"": 0, ""17"": 20, ""18"": 47, ""19"": 39, ""20"": 27}",data/results/code_based_debug5_siclsp_final/siclsp/siclsp_T20_inst2_run7.json
main,SICLSP,Code-Based,20,siclsp_T20_inst2,8,True,,True,5135.0,5135.0,5135.0,0.0,,,,0.0,"{""1"": 17, ""2"": 21, ""3"": 29, ""4"": 37, ""5"": 28, ""6"": 26, ""7"": 42, ""8"": 58, ""9"": 0, ""10"": 37, ""11"": 27, ""12"": 42, ""13"": 45, ""14"": 32, ""15"": 0, ""16"": 0, ""17"": 20, ""18"": 47, ""19"": 39, ""20"": 27}",data/results/code_based_debug5_siclsp_final/siclsp/siclsp_T20_inst2_run8.json
main,SICLSP,Code-Based,20,siclsp_T20_inst2,9,True,,True,5135.0,5135.0,5135.0,0.0,,,,1.0,"{""1"": 17, ""2"": 21, ""3"": 29, ""4"": 37, ""5"": 28, ""6"": 26, ""7"": 42, ""8"": 58, ""9"": 0, ""10"": 37, ""11"": 27, ""12"": 42, ""13"": 45, ""14"": 32, ""15"": 0, ""16"": 0, ""17"": 20, ""18"": 47, ""19"": 39, ""20"": 27}",data/results/code_based_debug5_siclsp_final/siclsp/siclsp_T20_inst2_run9.json
main,SICLSP,Code-Based,20,siclsp_T20_inst3,1,True,,True,6105.0,6105.0,6105.0,0.0,,,,1.0,"{""1"": 13, ""2"": 20, ""3"": 59, ""4"": 25, ""5"": 40, ""6"": 57, ""7"": 0, ""8"": 26, ""9"": 22, ""10"": 22, ""11"": 22, ""12"": 36, ""13"": 38, ""14"": 0, ""15"": 41, ""16"": 23, ""17"": 41, ""18"": 43, ""19"": 68, ""20"": 0}",data/results/code_based_debug5_siclsp_final/siclsp/siclsp_T20_inst3_run1.json
main,SICLSP,Code-Based,20,siclsp_T20_inst3,10,True,,True,6105.0,6105.0,6105.0,0.0,,,,1.0,"{""1"": 13, ""2"": 20, ""3"": 59, ""4"": 25, ""5"": 40, ""6"": 57, ""7"": 0, ""8"": 26, ""9"": 22, ""10"": 22, ""11"": 22, ""12"": 36, ""13"": 38, ""14"": 0, ""15"": 41, ""16"": 23, ""17"": 41, ""18"": 43, ""19"": 68, ""20"": 0}",data/results/code_based_debug5_siclsp_final/siclsp/siclsp_T20_inst3_run10.json
main,SICLSP,Code-Based,20,siclsp_T20_inst3,2,True,,True,6105.0,6105.0,6105.0,0.0,,,,1.0,"{""1"": 13, ""2"": 20, ""3"": 59, ""4"": 25, ""5"": 40, ""6"": 57, ""7"": 0, ""8"": 26, ""9"": 22, ""10"": 22, ""11"": 22, ""12"": 36, ""13"": 38, ""14"": 0, ""15"": 41, ""16"": 23, ""17"": 41, ""18"": 43, ""19"": 68, ""20"": 0}",data/results/code_based_debug5_siclsp_final/siclsp/siclsp_T20_inst3_run2.json
main,SICLSP,Code-Based,20,siclsp_T20_inst3,3,True,,True,6105.0,6105.0,6105.0,0.0,,,,1.0,"{""1"": 13, ""2"": 20, ""3"": 59, ""4"": 25, ""5"": 40, ""6"": 57, ""7"": 0, ""8"": 26, ""9"": 22, ""10"": 22, ""11"": 22, ""12"": 36, ""13"": 38, ""14"": 0, ""15"": 41, ""16"": 23, ""17"": 41, ""18"": 43, ""19"": 68, ""20"": 0}",data/results/code_based_debug5_siclsp_final/siclsp/siclsp_T20_inst3_run3.json
main,SICLSP,Code-Based,20,siclsp_T20_inst3,4,True,,True,6105.0,6105.0,6105.0,0.0,,,,1.0,"{""1"": 13, ""2"": 20, ""3"": 59, ""4"": 25, ""5"": 40, ""6"": 57, ""7"": 0, ""8"": 26, ""9"": 22, ""10"": 22, ""11"": 22, ""12"": 36, ""13"": 38, ""14"": 0, ""15"": 41, ""16"": 23, ""17"": 41, ""18"": 43, ""19"": 68, ""20"": 0}",data/results/code_based_debug5_siclsp_final/siclsp/siclsp_T20_inst3_run4.json
main,SICLSP,Code-Based,20,siclsp_T20_inst3,5,True,,True,6105.0,6105.0,6105.0,0.0,,,,1.0,"{""1"": 13, ""2"": 20, ""3"": 59, ""4"": 25, ""5"": 40, ""6"": 57, ""7"": 0, ""8"": 26, ""9"": 22, ""10"": 22, ""11"": 22, ""12"": 36, ""13"": 38, ""14"": 0, ""15"": 41, ""16"": 23, ""17"": 41, ""18"": 43, ""19"": 68, ""20"": 0}",data/results/code_based_debug5_siclsp_final/siclsp/siclsp_T20_inst3_run5.json
main,SICLSP,Code-Based,20,siclsp_T20_inst3,6,True,,True,6105.0,6105.0,6105.0,0.0,,,,0.0,"{""1"": 13, ""2"": 20, ""3"": 59, ""4"": 25, ""5"": 40, ""6"": 57, ""7"": 0, ""8"": 26, ""9"": 22, ""10"": 22, ""11"": 22, ""12"": 36, ""13"": 38, ""14"": 0, ""15"": 41, ""16"": 23, ""17"": 41, ""18"": 43, ""19"": 68, ""20"": 0}",data/results/code_based_debug5_siclsp_final/siclsp/siclsp_T20_inst3_run6.json
main,SICLSP,Code-Based,20,siclsp_T20_inst3,7,True,,True,6105.0,6105.0,6105.0,0.0,,,,0.0,"{""1"": 13, ""2"": 20, ""3"": 59, ""4"": 25, ""5"": 40, ""6"": 57, ""7"": 0, ""8"": 26, ""9"": 22, ""10"": 22, ""11"": 22, ""12"": 36, ""13"": 38, ""14"": 0, ""15"": 41, ""16"": 23, ""17"": 41, ""18"": 43, ""19"": 68, ""20"": 0}",data/results/code_based_debug5_siclsp_final/siclsp/siclsp_T20_inst3_run7.json
main,SICLSP,Code-Based,20,siclsp_T20_inst3,8,True,,True,6105.0,6105.0,6105.0,0.0,,,,1.0,"{""1"": 13, ""2"": 20, ""3"": 59, ""4"": 25, ""5"": 40, ""6"": 57, ""7"": 0, ""8"": 26, ""9"": 22, ""10"": 22, ""11"": 22, ""12"": 36, ""13"": 38, ""14"": 0, ""15"": 41, ""16"": 23, ""17"": 41, ""18"": 43, ""19"": 68, ""20"": 0}",data/results/code_based_debug5_siclsp_final/siclsp/siclsp_T20_inst3_run8.json
main,SICLSP,Code-Based,20,siclsp_T20_inst3,9,True,,True,6105.0,6105.0,6105.0,0.0,,,,1.0,"{""1"": 13, ""2"": 20, ""3"": 59, ""4"": 25, ""5"": 40, ""6"": 57, ""7"": 0, ""8"": 26, ""9"": 22, ""10"": 22, ""11"": 22, ""12"": 36, ""13"": 38, ""14"": 0, ""15"": 41, ""16"": 23, ""17"": 41, ""18"": 43, ""19"": 68, ""20"": 0}",data/results/code_based_debug5_siclsp_final/siclsp/siclsp_T20_inst3_run9.json
main,SICLSP,Code-Based,20,siclsp_T20_inst4,1,True,,True,6074.0,6074.0,6074.0,0.0,,,,0.0,"{""1"": 11, ""2"": 14, ""3"": 26, ""4"": 10, ""5"": 46, ""6"": 64, ""7"": 36, ""8"": 27, ""9"": 29, ""10"": 0, ""11"": 47, ""12"": 54, ""13"": 0, ""14"": 54, ""15"": 34, ""16"": 0, ""17"": 33, ""18"": 33, ""19"": 30, ""20"": 46}",data/results/code_based_debug5_siclsp_final/siclsp/siclsp_T20_inst4_run1.json
main,SICLSP,Code-Based,20,siclsp_T20_inst4,10,True,,True,6074.0,6074.0,6074.0,0.0,,,,0.0,"{""1"": 11, ""2"": 14, ""3"": 26, ""4"": 10, ""5"": 46, ""6"": 64, ""7"": 36, ""8"": 27, ""9"": 29, ""10"": 0, ""11"": 47, ""12"": 54, ""13"": 0, ""14"": 54, ""15"": 34, ""16"": 0, ""17"": 33, ""18"": 33, ""19"": 30, ""20"": 46}",data/results/code_based_debug5_siclsp_final/siclsp/siclsp_T20_inst4_run10.json
main,SICLSP,Code-Based,20,siclsp_T20_inst4,2,True,,True,6074.0,6074.0,6074.0,0.0,,,,0.0,"{""1"": 11.0, ""2"": 14.0, ""3"": 26.0, ""4"": 10.0, ""5"": 46.0, ""6"": 64.0, ""7"": 36.0, ""8"": 27.0, ""9"": 29.0, ""10"": -0.0, ""11"": 47.0, ""12"": 54.0, ""13"": -0.0, ""14"": 54.0, ""15"": 34.0, ""16"": 0.0, ""17"": 33.0, ""18"": 33.0, ""19"": 30.0, ""20"": 46.0}",data/results/code_based_debug5_siclsp_final/siclsp/siclsp_T20_inst4_run2.json
main,SICLSP,Code-Based,20,siclsp_T20_inst4,3,True,,True,6074.0,6074.0,6074.0,0.0,,,,0.0,"{""1"": 11.0, ""2"": 14.0, ""3"": 26.0, ""4"": 10.0, ""5"": 46.0, ""6"": 64.0, ""7"": 36.0, ""8"": 27.0, ""9"": 29.0, ""10"": -0.0, ""11"": 47.0, ""12"": 54.0, ""13"": -0.0, ""14"": 54.0, ""15"": 34.0, ""16"": 0.0, ""17"": 33.0, ""18"": 33.0, ""19"": 30.0, ""20"": 46.0}",data/results/code_based_debug5_siclsp_final/siclsp/siclsp_T20_inst4_run3.json
main,SICLSP,Code-Based,20,siclsp_T20_inst4,4,True,,True,6074.0,6074.0,6074.0,0.0,,,,1.0,"{""1"": 11, ""2"": 14, ""3"": 26, ""4"": 10, ""5"": 46, ""6"": 64, ""7"": 36, ""8"": 27, ""9"": 29, ""10"": 0, ""11"": 47, ""12"": 54, ""13"": 0, ""14"": 54, ""15"": 34, ""16"": 0, ""17"": 33, ""18"": 33, ""19"": 30, ""20"": 46}",data/results/code_based_debug5_siclsp_final/siclsp/siclsp_T20_inst4_run4.json
main,SICLSP,Code-Based,20,siclsp_T20_inst4,5,True,,True,6074.0,6074.0,6074.0,0.0,,,,0.0,"{""1"": 11, ""2"": 14, ""3"": 26, ""4"": 10, ""5"": 46, ""6"": 64, ""7"": 36, ""8"": 27, ""9"": 29, ""10"": 0, ""11"": 47, ""12"": 54, ""13"": 0, ""14"": 54, ""15"": 34, ""16"": 0, ""17"": 33, ""18"": 33, ""19"": 30, ""20"": 46}",data/results/code_based_debug5_siclsp_final/siclsp/siclsp_T20_inst4_run5.json
main,SICLSP,Code-Based,20,siclsp_T20_inst4,6,True,,True,6074.0,6074.0,6074.0,0.0,,,,1.0,"{""1"": 11.0, ""2"": 14.0, ""3"": 26.0, ""4"": 10.0, ""5"": 46.0, ""6"": 64.0, ""7"": 36.0, ""8"": 27.0, ""9"": 29.0, ""10"": -0.0, ""11"": 47.0, ""12"": 54.0, ""13"": 0.0, ""14"": 54.0, ""15"": 34.0, ""16"": 0.0, ""17"": 33.0, ""18"": 33.0, ""19"": 30.0, ""20"": 46.0}",data/results/code_based_debug5_siclsp_final/siclsp/siclsp_T20_inst4_run6.json
main,SICLSP,Code-Based,20,siclsp_T20_inst4,7,True,,True,6074.0,6074.0,6074.0,0.0,,,,0.0,"{""1"": 11.0, ""2"": 14.0, ""3"": 26.0, ""4"": 10.0, ""5"": 46.0, ""6"": 64.0, ""7"": 36.0, ""8"": 27.0, ""9"": 29.0, ""10"": -0.0, ""11"": 47.0, ""12"": 54.0, ""13"": -0.0, ""14"": 54.0, ""15"": 34.0, ""16"": 0.0, ""17"": 33.0, ""18"": 33.0, ""19"": 30.0, ""20"": 46.0}",data/results/code_based_debug5_siclsp_final/siclsp/siclsp_T20_inst4_run7.json
main,SICLSP,Code-Based,20,siclsp_T20_inst4,8,True,,True,6074.0,6074.0,6074.0,0.0,,,,0.0,"{""1"": 11, ""2"": 14, ""3"": 26, ""4"": 10, ""5"": 46, ""6"": 64, ""7"": 36, ""8"": 27, ""9"": 29, ""10"": 0, ""11"": 47, ""12"": 54, ""13"": 0, ""14"": 54, ""15"": 34, ""16"": 0, ""17"": 33, ""18"": 33, ""19"": 30, ""20"": 46}",data/results/code_based_debug5_siclsp_final/siclsp/siclsp_T20_inst4_run8.json
main,SICLSP,Code-Based,20,siclsp_T20_inst4,9,True,,True,6074.0,6074.0,6074.0,0.0,,,,0.0,"{""1"": 11, ""2"": 14, ""3"": 26, ""4"": 10, ""5"": 46, ""6"": 64, ""7"": 36, ""8"": 27, ""9"": 29, ""10"": 0, ""11"": 47, ""12"": 54, ""13"": 0, ""14"": 54, ""15"": 34, ""16"": 0, ""17"": 33, ""18"": 33, ""19"": 30, ""20"": 46}",data/results/code_based_debug5_siclsp_final/siclsp/siclsp_T20_inst4_run9.json
main,SICLSP,Code-Based,25,siclsp_T25_inst0,1,True,,True,6797.0,6797.0,6797.0,0.0,,,,1.0,"{""1"": 52, ""2"": 23, ""3"": 29, ""4"": 52, ""5"": 49, ""6"": 0, ""7"": 43, ""8"": 33, ""9"": 0, ""10"": 38, ""11"": 41, ""12"": 49, ""13"": 12, ""14"": 33, ""15"": 0, ""16"": 26, ""17"": 25, ""18"": 33, ""19"": 37, ""20"": 21, ""21"": 37, ""22"": 27, ""23"": 20, ""24"": 0, ""25"": 45}",data/results/code_based_debug5_siclsp_final/siclsp/siclsp_T25_inst0_run1.json
main,SICLSP,Code-Based,25,siclsp_T25_inst0,10,True,,True,6797.0,6797.0,6797.0,0.0,,,,1.0,"{""1"": 52, ""2"": 23, ""3"": 29, ""4"": 52, ""5"": 49, ""6"": 0, ""7"": 43, ""8"": 33, ""9"": 0, ""10"": 38, ""11"": 41, ""12"": 49, ""13"": 12, ""14"": 33, ""15"": 0, ""16"": 26, ""17"": 25, ""18"": 33, ""19"": 37, ""20"": 21, ""21"": 37, ""22"": 27, ""23"": 20, ""24"": 0, ""25"": 45}",data/results/code_based_debug5_siclsp_final/siclsp/siclsp_T25_inst0_run10.json
main,SICLSP,Code-Based,25,siclsp_T25_inst0,2,True,,True,6797.0,6797.0,6797.0,0.0,,,,1.0,"{""1"": 52, ""2"": 23, ""3"": 29, ""4"": 52, ""5"": 49, ""6"": 0, ""7"": 43, ""8"": 33, ""9"": 0, ""10"": 38, ""11"": 41, ""12"": 49, ""13"": 12, ""14"": 33, ""15"": 0, ""16"": 26, ""17"": 25, ""18"": 33, ""19"": 37, ""20"": 21, ""21"": 37, ""22"": 27, ""23"": 20, ""24"": 0, ""25"": 45}",data/results/code_based_debug5_siclsp_final/siclsp/siclsp_T25_inst0_run2.json
main,SICLSP,Code-Based,25,siclsp_T25_inst0,3,False,execution_error,False,,,6797.0,,,,,5.0,,data/results/code_based_debug5_siclsp_final/siclsp/siclsp_T25_inst0_run3.json
main,SICLSP,Code-Based,25,siclsp_T25_inst0,4,True,,True,6797.0,6797.0,6797.0,0.0,,,,1.0,"{""1"": 52, ""2"": 23, ""3"": 29, ""4"": 52, ""5"": 49, ""6"": 0, ""7"": 43, ""8"": 33, ""9"": 0, ""10"": 38, ""11"": 41, ""12"": 49, ""13"": 12, ""14"": 33, ""15"": 0, ""16"": 26, ""17"": 25, ""18"": 33, ""19"": 37, ""20"": 21, ""21"": 37, ""22"": 27, ""23"": 20, ""24"": 0, ""25"": 45}",data/results/code_based_debug5_siclsp_final/siclsp/siclsp_T25_inst0_run4.json
main,SICLSP,Code-Based,25,siclsp_T25_inst0,5,True,,True,6797.0,6797.0,6797.0,0.0,,,,0.0,"{""1"": 52.0, ""2"": 23.0, ""3"": 29.0, ""4"": 52.0, ""5"": 49.0, ""6"": 0.0, ""7"": 43.0, ""8"": 33.0, ""9"": 0.0, ""10"": 38.0, ""11"": 41.0, ""12"": 49.0, ""13"": 12.0, ""14"": 33.0, ""15"": 0.0, ""16"": 26.0, ""17"": 25.0, ""18"": 33.0, ""19"": 37.0, ""20"": 21.0, ""21"": 37.0, ""22"": 27.0, ""23"": 20.0, ""24"": 0.0, ""25"": 45.0}",data/results/code_based_debug5_siclsp_final/siclsp/siclsp_T25_inst0_run5.json
main,SICLSP,Code-Based,25,siclsp_T25_inst0,6,True,,True,6797.0,6797.0,6797.0,0.0,,,,1.0,"{""1"": 52, ""2"": 23, ""3"": 29, ""4"": 52, ""5"": 49, ""6"": 0, ""7"": 43, ""8"": 33, ""9"": 0, ""10"": 38, ""11"": 41, ""12"": 49, ""13"": 12, ""14"": 33, ""15"": 0, ""16"": 26, ""17"": 25, ""18"": 33, ""19"": 37, ""20"": 21, ""21"": 37, ""22"": 27, ""23"": 20, ""24"": 0, ""25"": 45}",data/results/code_based_debug5_siclsp_final/siclsp/siclsp_T25_inst0_run6.json
main,SICLSP,Code-Based,25,siclsp_T25_inst0,7,False,execution_error,False,,,6797.0,,,,,5.0,,data/results/code_based_debug5_siclsp_final/siclsp/siclsp_T25_inst0_run7.json
main,SICLSP,Code-Based,25,siclsp_T25_inst0,8,True,,True,6797.0,6797.0,6797.0,0.0,,,,0.0,"{""1"": 52, ""2"": 23, ""3"": 29, ""4"": 52, ""5"": 49, ""6"": 0, ""7"": 43, ""8"": 33, ""9"": 0, ""10"": 38, ""11"": 41, ""12"": 49, ""13"": 12, ""14"": 33, ""15"": 0, ""16"": 26, ""17"": 25, ""18"": 33, ""19"": 37, ""20"": 21, ""21"": 37, ""22"": 27, ""23"": 20, ""24"": 0, ""25"": 45}",data/results/code_based_debug5_siclsp_final/siclsp/siclsp_T25_inst0_run8.json
main,SICLSP,Code-Based,25,siclsp_T25_inst0,9,True,,True,6797.0,6797.0,6797.0,0.0,,,,0.0,"{""1"": 52.0, ""2"": 23.0, ""3"": 29.0, ""4"": 52.0, ""5"": 49.0, ""6"": 0.0, ""7"": 43.0, ""8"": 33.0, ""9"": 0.0, ""10"": 38.0, ""11"": 41.0, ""12"": 49.0, ""13"": 12.0, ""14"": 33.0, ""15"": 0.0, ""16"": 26.0, ""17"": 25.0, ""18"": 33.0, ""19"": 37.0, ""20"": 21.0, ""21"": 37.0, ""22"": 27.0, ""23"": 20.0, ""24"": 0.0, ""25"": 45.0}",data/results/code_based_debug5_siclsp_final/siclsp/siclsp_T25_inst0_run9.json
main,SICLSP,Code-Based,25,siclsp_T25_inst1,1,True,,True,7542.0,7542.0,7542.0,0.0,,,,0.0,"{""1"": 38, ""2"": 26, ""3"": 13, ""4"": 31, ""5"": 34, ""6"": 0, ""7"": 34, ""8"": 14, ""9"": 19, ""10"": 45, ""11"": 40, ""12"": 11, ""13"": 53, ""14"": 46, ""15"": 30, ""16"": 17, ""17"": 19, ""18"": 19, ""19"": 12, ""20"": 20, ""21"": 24, ""22"": 23, ""23"": 14, ""24"": 36, ""25"": 31}",data/results/code_based_debug5_siclsp_final/siclsp/siclsp_T25_inst1_run1.json
main,SICLSP,Code-Based,25,siclsp_T25_inst1,10,True,,True,7542.0,7542.0,7542.0,0.0,,,,0.0,"{""1"": 38, ""2"": 26, ""3"": 13, ""4"": 31, ""5"": 34, ""6"": 0, ""7"": 34, ""8"": 14, ""9"": 19, ""10"": 45, ""11"": 40, ""12"": 11, ""13"": 53, ""14"": 46, ""15"": 30, ""16"": 17, ""17"": 19, ""18"": 19, ""19"": 12, ""20"": 20, ""21"": 24, ""22"": 23, ""23"": 14, ""24"": 36, ""25"": 31}",data/results/code_based_debug5_siclsp_final/siclsp/siclsp_T25_inst1_run10.json
main,SICLSP,Code-Based,25,siclsp_T25_inst1,2,True,,True,7542.0,7542.0,7542.0,0.0,,,,1.0,"{""1"": 38, ""2"": 26, ""3"": 13, ""4"": 31, ""5"": 34, ""6"": 0, ""7"": 34, ""8"": 14, ""9"": 19, ""10"": 45, ""11"": 40, ""12"": 11, ""13"": 53, ""14"": 46, ""15"": 30, ""16"": 17, ""17"": 19, ""18"": 19, ""19"": 12, ""20"": 20, ""21"": 24, ""22"": 23, ""23"": 14, ""24"": 36, ""25"": 31}",data/results/code_based_debug5_siclsp_final/siclsp/siclsp_T25_inst1_run2.json
main,SICLSP,Code-Based,25,siclsp_T25_inst1,3,True,,True,7542.0,7542.0,7542.0,0.0,,,,1.0,"{""1"": 38, ""2"": 26, ""3"": 13, ""4"": 31, ""5"": 34, ""6"": 0, ""7"": 34, ""8"": 14, ""9"": 19, ""10"": 45, ""11"": 40, ""12"": 11, ""13"": 53, ""14"": 46, ""15"": 30, ""16"": 17, ""17"": 19, ""18"": 19, ""19"": 12, ""20"": 20, ""21"": 24, ""22"": 23, ""23"": 14, ""24"": 36, ""25"": 31}",data/results/code_based_debug5_siclsp_final/siclsp/siclsp_T25_inst1_run3.json
main,SICLSP,Code-Based,25,siclsp_T25_inst1,4,True,,True,7542.0,7542.0,7542.0,0.0,,,,1.0,"{""1"": 38, ""2"": 26, ""3"": 13, ""4"": 31, ""5"": 34, ""6"": 0, ""7"": 34, ""8"": 14, ""9"": 19, ""10"": 45, ""11"": 40, ""12"": 11, ""13"": 53, ""14"": 46, ""15"": 30, ""16"": 17, ""17"": 19, ""18"": 19, ""19"": 12, ""20"": 20, ""21"": 24, ""22"": 23, ""23"": 14, ""24"": 36, ""25"": 31}",data/results/code_based_debug5_siclsp_final/siclsp/siclsp_T25_inst1_run4.json
main,SICLSP,Code-Based,25,siclsp_T25_inst1,5,True,,True,7542.0,7542.0,7542.0,0.0,,,,0.0,"{""1"": 38, ""2"": 26, ""3"": 13, ""4"": 31, ""5"": 34, ""6"": 0, ""7"": 34, ""8"": 14, ""9"": 19, ""10"": 45, ""11"": 40, ""12"": 11, ""13"": 53, ""14"": 46, ""15"": 30, ""16"": 17, ""17"": 19, ""18"": 19, ""19"": 12, ""20"": 20, ""21"": 24, ""22"": 23, ""23"": 14, ""24"": 36, ""25"": 31}",data/results/code_based_debug5_siclsp_final/siclsp/siclsp_T25_inst1_run5.json
main,SICLSP,Code-Based,25,siclsp_T25_inst1,6,True,,True,7542.0,7542.0,7542.0,0.0,,,,0.0,"{""1"": 38.0, ""2"": 26.0, ""3"": 13.0, ""4"": 31.0, ""5"": 34.0, ""6"": 0.0, ""7"": 34.0, ""8"": 14.0, ""9"": 19.0, ""10"": 45.0, ""11"": 40.0, ""12"": 11.0, ""13"": 53.0, ""14"": 46.0, ""15"": 30.0, ""16"": 17.0, ""17"": 19.0, ""18"": 19.0, ""19"": 12.0, ""20"": 20.0, ""21"": 24.0, ""22"": 23.0, ""23"": 14.0, ""24"": 36.0, ""25"": 31.0}",data/results/code_based_debug5_siclsp_final/siclsp/siclsp_T25_inst1_run6.json
main,SICLSP,Code-Based,25,siclsp_T25_inst1,7,True,,True,7542.0,7542.0,7542.0,0.0,,,,0.0,"{""1"": 38, ""2"": 26, ""3"": 13, ""4"": 31, ""5"": 34, ""6"": 0, ""7"": 34, ""8"": 14, ""9"": 19, ""10"": 45, ""11"": 40, ""12"": 11, ""13"": 53, ""14"": 46, ""15"": 30, ""16"": 17, ""17"": 19, ""18"": 19, ""19"": 12, ""20"": 20, ""21"": 24, ""22"": 23, ""23"": 14, ""24"": 36, ""25"": 31}",data/results/code_based_debug5_siclsp_final/siclsp/siclsp_T25_inst1_run7.json
main,SICLSP,Code-Based,25,siclsp_T25_inst1,8,True,,True,7542.0,7542.0,7542.0,0.0,,,,0.0,"{""1"": 38, ""2"": 26, ""3"": 13, ""4"": 31, ""5"": 34, ""6"": 0, ""7"": 34, ""8"": 14, ""9"": 19, ""10"": 45, ""11"": 40, ""12"": 11, ""13"": 53, ""14"": 46, ""15"": 30, ""16"": 17, ""17"": 19, ""18"": 19, ""19"": 12, ""20"": 20, ""21"": 24, ""22"": 23, ""23"": 14, ""24"": 36, ""25"": 31}",data/results/code_based_debug5_siclsp_final/siclsp/siclsp_T25_inst1_run8.json
main,SICLSP,Code-Based,25,siclsp_T25_inst1,9,True,,True,7542.0,7542.0,7542.0,0.0,,,,0.0,"{""1"": 38, ""2"": 26, ""3"": 13, ""4"": 31, ""5"": 34, ""6"": 0, ""7"": 34, ""8"": 14, ""9"": 19, ""10"": 45, ""11"": 40, ""12"": 11, ""13"": 53, ""14"": 46, ""15"": 30, ""16"": 17, ""17"": 19, ""18"": 19, ""19"": 12, ""20"": 20, ""21"": 24, ""22"": 23, ""23"": 14, ""24"": 36, ""25"": 31}",data/results/code_based_debug5_siclsp_final/siclsp/siclsp_T25_inst1_run9.json
main,SICLSP,Code-Based,25,siclsp_T25_inst2,1,True,,True,6459.0,6459.0,6459.0,0.0,,,,0.0,"{""1"": 47, ""2"": 31, ""3"": 33, ""4"": 23, ""5"": 37, ""6"": 16, ""7"": 51, ""8"": 48, ""9"": 36, ""10"": 22, ""11"": 42, ""12"": 38, ""13"": 0, ""14"": 32, ""15"": 53, ""16"": 0, ""17"": 64, ""18"": 23, ""19"": 58, ""20"": 0, ""21"": 0, ""22"": 32, ""23"": 13, ""24"": 39, ""25"": 28}",data/results/code_based_debug5_siclsp_final/siclsp/siclsp_T25_inst2_run1.json
main,SICLSP,Code-Based,25,siclsp_T25_inst2,10,True,,True,6459.0,6459.0,6459.0,0.0,,,,1.0,"{""1"": 47, ""2"": 31, ""3"": 33, ""4"": 23, ""5"": 37, ""6"": 16, ""7"": 51, ""8"": 48, ""9"": 36, ""10"": 22, ""11"": 42, ""12"": 38, ""13"": 0, ""14"": 32, ""15"": 53, ""16"": 0, ""17"": 64, ""18"": 23, ""19"": 58, ""20"": 0, ""21"": 0, ""22"": 32, ""23"": 13, ""24"": 39, ""25"": 28}",data/results/code_based_debug5_siclsp_final/siclsp/siclsp_T25_inst2_run10.json
main,SICLSP,Code-Based,25,siclsp_T25_inst2,2,True,,True,6459.0,6459.0,6459.0,0.0,,,,1.0,"{""1"": 47, ""2"": 31, ""3"": 33, ""4"": 23, ""5"": 37, ""6"": 16, ""7"": 51, ""8"": 48, ""9"": 36, ""10"": 22, ""11"": 42, ""12"": 38, ""13"": 0, ""14"": 32, ""15"": 53, ""16"": 0, ""17"": 64, ""18"": 23, ""19"": 58, ""20"": 0, ""21"": 0, ""22"": 32, ""23"": 13, ""24"": 39, ""25"": 28}",data/results/code_based_debug5_siclsp_final/siclsp/siclsp_T25_inst2_run2.json
main,SICLSP,Code-Based,25,siclsp_T25_inst2,3,True,,True,6459.0,6459.0,6459.0,0.0,,,,0.0,"{""1"": 47, ""2"": 31, ""3"": 33, ""4"": 23, ""5"": 37, ""6"": 16, ""7"": 51, ""8"": 48, ""9"": 36, ""10"": 22, ""11"": 42, ""12"": 38, ""13"": 0, ""14"": 32, ""15"": 53, ""16"": 0, ""17"": 64, ""18"": 23, ""19"": 58, ""20"": 0, ""21"": 0, ""22"": 32, ""23"": 13, ""24"": 39, ""25"": 28}",data/results/code_based_debug5_siclsp_final/siclsp/siclsp_T25_inst2_run3.json
main,SICLSP,Code-Based,25,siclsp_T25_inst2,4,True,,True,6459.0,6459.0,6459.0,0.0,,,,0.0,"{""1"": 47, ""2"": 31, ""3"": 33, ""4"": 23, ""5"": 37, ""6"": 16, ""7"": 51, ""8"": 48, ""9"": 36, ""10"": 22, ""11"": 42, ""12"": 38, ""13"": 0, ""14"": 32, ""15"": 53, ""16"": 0, ""17"": 64, ""18"": 23, ""19"": 58, ""20"": 0, ""21"": 0, ""22"": 32, ""23"": 13, ""24"": 39, ""25"": 28}",data/results/code_based_debug5_siclsp_final/siclsp/siclsp_T25_inst2_run4.json
main,SICLSP,Code-Based,25,siclsp_T25_inst2,5,True,,True,6459.0,6459.0,6459.0,0.0,,,,1.0,"{""1"": 47, ""2"": 31, ""3"": 33, ""4"": 23, ""5"": 37, ""6"": 16, ""7"": 51, ""8"": 48, ""9"": 36, ""10"": 22, ""11"": 42, ""12"": 38, ""13"": 0, ""14"": 32, ""15"": 53, ""16"": 0, ""17"": 64, ""18"": 23, ""19"": 58, ""20"": 0, ""21"": 0, ""22"": 32, ""23"": 13, ""24"": 39, ""25"": 28}",data/results/code_based_debug5_siclsp_final/siclsp/siclsp_T25_inst2_run5.json
main,SICLSP,Code-Based,25,siclsp_T25_inst2,6,True,,True,6459.0,6459.0,6459.0,0.0,,,,0.0,"{""1"": 47, ""2"": 31, ""3"": 33, ""4"": 23, ""5"": 37, ""6"": 16, ""7"": 51, ""8"": 48, ""9"": 36, ""10"": 22, ""11"": 42, ""12"": 38, ""13"": 0, ""14"": 32, ""15"": 53, ""16"": 0, ""17"": 64, ""18"": 23, ""19"": 58, ""20"": 0, ""21"": 0, ""22"": 32, ""23"": 13, ""24"": 39, ""25"": 28}",data/results/code_based_debug5_siclsp_final/siclsp/siclsp_T25_inst2_run6.json
main,SICLSP,Code-Based,25,siclsp_T25_inst2,7,True,,True,6459.0,6459.0,6459.0,0.0,,,,1.0,"{""1"": 47, ""2"": 31, ""3"": 33, ""4"": 23, ""5"": 37, ""6"": 16, ""7"": 51, ""8"": 48, ""9"": 36, ""10"": 22, ""11"": 42, ""12"": 38, ""13"": 0, ""14"": 32, ""15"": 53, ""16"": 0, ""17"": 64, ""18"": 23, ""19"": 58, ""20"": 0, ""21"": 0, ""22"": 32, ""23"": 13, ""24"": 39, ""25"": 28}",data/results/code_based_debug5_siclsp_final/siclsp/siclsp_T25_inst2_run7.json
main,SICLSP,Code-Based,25,siclsp_T25_inst2,8,True,,True,6459.0,6459.0,6459.0,0.0,,,,0.0,"{""1"": 47, ""2"": 31, ""3"": 33, ""4"": 23, ""5"": 37, ""6"": 16, ""7"": 51, ""8"": 48, ""9"": 36, ""10"": 22, ""11"": 42, ""12"": 38, ""13"": 0, ""14"": 32, ""15"": 53, ""16"": 0, ""17"": 64, ""18"": 23, ""19"": 58, ""20"": 0, ""21"": 0, ""22"": 32, ""23"": 13, ""24"": 39, ""25"": 28}",data/results/code_based_debug5_siclsp_final/siclsp/siclsp_T25_inst2_run8.json
main,SICLSP,Code-Based,25,siclsp_T25_inst2,9,True,,True,6459.0,6459.0,6459.0,0.0,,,,0.0,"{""1"": 47, ""2"": 31, ""3"": 33, ""4"": 23, ""5"": 37, ""6"": 16, ""7"": 51, ""8"": 48, ""9"": 36, ""10"": 22, ""11"": 42, ""12"": 38, ""13"": 0, ""14"": 32, ""15"": 53, ""16"": 0, ""17"": 64, ""18"": 23, ""19"": 58, ""20"": 0, ""21"": 0, ""22"": 32, ""23"": 13, ""24"": 39, ""25"": 28}",data/results/code_based_debug5_siclsp_final/siclsp/siclsp_T25_inst2_run9.json
main,SICLSP,Code-Based,25,siclsp_T25_inst3,1,True,,True,8015.0,8015.0,8015.0,0.0,,,,1.0,"{""1"": 50, ""2"": 38, ""3"": 36, ""4"": 39, ""5"": 15, ""6"": 38, ""7"": 13, ""8"": 20, ""9"": 25, ""10"": 15, ""11"": 21, ""12"": 42, ""13"": 18, ""14"": 45, ""15"": 25, ""16"": 58, ""17"": 25, ""18"": 40, ""19"": 0, ""20"": 21, ""21"": 11, ""22"": 21, ""23"": 10, ""24"": 12, ""25"": 35}",data/results/code_based_debug5_siclsp_final/siclsp/siclsp_T25_inst3_run1.json
main,SICLSP,Code-Based,25,siclsp_T25_inst3,10,True,,True,8015.0,8015.0,8015.0,0.0,,,,0.0,"{""1"": 50, ""2"": 38, ""3"": 36, ""4"": 39, ""5"": 15, ""6"": 38, ""7"": 13, ""8"": 20, ""9"": 25, ""10"": 15, ""11"": 21, ""12"": 42, ""13"": 18, ""14"": 45, ""15"": 25, ""16"": 58, ""17"": 25, ""18"": 40, ""19"": 0, ""20"": 21, ""21"": 11, ""22"": 21, ""23"": 10, ""24"": 12, ""25"": 35}",data/results/code_based_debug5_siclsp_final/siclsp/siclsp_T25_inst3_run10.json
main,SICLSP,Code-Based,25,siclsp_T25_inst3,2,True,,True,8015.0,8015.0,8015.0,0.0,,,,1.0,"{""1"": 50, ""2"": 38, ""3"": 36, ""4"": 39, ""5"": 15, ""6"": 38, ""7"": 13, ""8"": 20, ""9"": 25, ""10"": 15, ""11"": 21, ""12"": 42, ""13"": 18, ""14"": 45, ""15"": 25, ""16"": 58, ""17"": 25, ""18"": 40, ""19"": 0, ""20"": 21, ""21"": 11, ""22"": 21, ""23"": 10, ""24"": 12, ""25"": 35}",data/results/code_based_debug5_siclsp_final/siclsp/siclsp_T25_inst3_run2.json
main,SICLSP,Code-Based,25,siclsp_T25_inst3,3,True,,True,8015.0,8015.0,8015.0,0.0,,,,0.0,"{""1"": 50, ""2"": 38, ""3"": 36, ""4"": 39, ""5"": 15, ""6"": 38, ""7"": 13, ""8"": 20, ""9"": 25, ""10"": 15, ""11"": 21, ""12"": 42, ""13"": 18, ""14"": 45, ""15"": 25, ""16"": 58, ""17"": 25, ""18"": 40, ""19"": 0, ""20"": 21, ""21"": 11, ""22"": 21, ""23"": 10, ""24"": 12, ""25"": 35}",data/results/code_based_debug5_siclsp_final/siclsp/siclsp_T25_inst3_run3.json
main,SICLSP,Code-Based,25,siclsp_T25_inst3,4,True,,True,8015.0,8015.0,8015.0,0.0,,,,0.0,"{""1"": 50, ""2"": 38, ""3"": 36, ""4"": 39, ""5"": 15, ""6"": 38, ""7"": 13, ""8"": 20, ""9"": 25, ""10"": 15, ""11"": 21, ""12"": 42, ""13"": 18, ""14"": 45, ""15"": 25, ""16"": 58, ""17"": 25, ""18"": 40, ""19"": 0, ""20"": 21, ""21"": 11, ""22"": 21, ""23"": 10, ""24"": 12, ""25"": 35}",data/results/code_based_debug5_siclsp_final/siclsp/siclsp_T25_inst3_run4.json
main,SICLSP,Code-Based,25,siclsp_T25_inst3,5,True,,True,8015.0,8015.0,8015.0,0.0,,,,0.0,"{""1"": 50, ""2"": 38, ""3"": 36, ""4"": 39, ""5"": 15, ""6"": 38, ""7"": 13, ""8"": 20, ""9"": 25, ""10"": 15, ""11"": 21, ""12"": 42, ""13"": 18, ""14"": 45, ""15"": 25, ""16"": 58, ""17"": 25, ""18"": 40, ""19"": 0, ""20"": 21, ""21"": 11, ""22"": 21, ""23"": 10, ""24"": 12, ""25"": 35}",data/results/code_based_debug5_siclsp_final/siclsp/siclsp_T25_inst3_run5.json
main,SICLSP,Code-Based,25,siclsp_T25_inst3,6,True,,True,8015.0,8015.0,8015.0,0.0,,,,1.0,"{""1"": 50, ""2"": 38, ""3"": 36, ""4"": 39, ""5"": 15, ""6"": 38, ""7"": 13, ""8"": 20, ""9"": 25, ""10"": 15, ""11"": 21, ""12"": 42, ""13"": 18, ""14"": 45, ""15"": 25, ""16"": 58, ""17"": 25, ""18"": 40, ""19"": 0, ""20"": 21, ""21"": 11, ""22"": 21, ""23"": 10, ""24"": 12, ""25"": 35}",data/results/code_based_debug5_siclsp_final/siclsp/siclsp_T25_inst3_run6.json
main,SICLSP,Code-Based,25,siclsp_T25_inst3,7,True,,True,8015.0,8015.0,8015.0,0.0,,,,0.0,"{""1"": 50, ""2"": 38, ""3"": 36, ""4"": 39, ""5"": 15, ""6"": 38, ""7"": 13, ""8"": 20, ""9"": 25, ""10"": 15, ""11"": 21, ""12"": 42, ""13"": 18, ""14"": 45, ""15"": 25, ""16"": 58, ""17"": 25, ""18"": 40, ""19"": 0, ""20"": 21, ""21"": 11, ""22"": 21, ""23"": 10, ""24"": 12, ""25"": 35}",data/results/code_based_debug5_siclsp_final/siclsp/siclsp_T25_inst3_run7.json
main,SICLSP,Code-Based,25,siclsp_T25_inst3,8,True,,True,8015.0,8015.0,8015.0,0.0,,,,1.0,"{""1"": 50, ""2"": 38, ""3"": 36, ""4"": 39, ""5"": 15, ""6"": 38, ""7"": 13, ""8"": 20, ""9"": 25, ""10"": 15, ""11"": 21, ""12"": 42, ""13"": 18, ""14"": 45, ""15"": 25, ""16"": 58, ""17"": 25, ""18"": 40, ""19"": 0, ""20"": 21, ""21"": 11, ""22"": 21, ""23"": 10, ""24"": 12, ""25"": 35}",data/results/code_based_debug5_siclsp_final/siclsp/siclsp_T25_inst3_run8.json
main,SICLSP,Code-Based,25,siclsp_T25_inst3,9,True,,True,8015.0,8015.0,8015.0,0.0,,,,0.0,"{""1"": 50, ""2"": 38, ""3"": 36, ""4"": 39, ""5"": 15, ""6"": 38, ""7"": 13, ""8"": 20, ""9"": 25, ""10"": 15, ""11"": 21, ""12"": 42, ""13"": 18, ""14"": 45, ""15"": 25, ""16"": 58, ""17"": 25, ""18"": 40, ""19"": 0, ""20"": 21, ""21"": 11, ""22"": 21, ""23"": 10, ""24"": 12, ""25"": 35}",data/results/code_based_debug5_siclsp_final/siclsp/siclsp_T25_inst3_run9.json
main,SICLSP,Code-Based,25,siclsp_T25_inst4,1,True,,True,7044.0,7044.0,7044.0,0.0,,,,1.0,"{""1"": 42.0, ""2"": 22.0, ""3"": 9.0, ""4"": 55.0, ""5"": 58.0, ""6"": 0.0, ""7"": 32.0, ""8"": 33.0, ""9"": 66.0, ""10"": 0.0, ""11"": 70.0, ""12"": 0.0, ""13"": 63.0, ""14"": 26.0, ""15"": 21.0, ""16"": 58.0, ""17"": 0.0, ""18"": 38.0, ""19"": 25.0, ""20"": 56.0, ""21"": 14.0, ""22"": 30.0, ""23"": 21.0, ""24"": 32.0, ""25"": 0.0}",data/results/code_based_debug5_siclsp_final/siclsp/siclsp_T25_inst4_run1.json
main,SICLSP,Code-Based,25,siclsp_T25_inst4,10,True,,True,7044.0,7044.0,7044.0,0.0,,,,0.0,"{""1"": 42, ""2"": 22, ""3"": 9, ""4"": 55, ""5"": 58, ""6"": 0, ""7"": 32, ""8"": 33, ""9"": 66, ""10"": 0, ""11"": 70, ""12"": 0, ""13"": 63, ""14"": 26, ""15"": 21, ""16"": 58, ""17"": 0, ""18"": 38, ""19"": 25, ""20"": 56, ""21"": 14, ""22"": 30, ""23"": 21, ""24"": 32, ""25"": 0}",data/results/code_based_debug5_siclsp_final/siclsp/siclsp_T25_inst4_run10.json
main,SICLSP,Code-Based,25,siclsp_T25_inst4,2,True,,True,7044.0,7044.0,7044.0,0.0,,,,0.0,"{""1"": 42, ""2"": 22, ""3"": 9, ""4"": 55, ""5"": 58, ""6"": 0, ""7"": 32, ""8"": 33, ""9"": 66, ""10"": 0, ""11"": 70, ""12"": 0, ""13"": 63, ""14"": 26, ""15"": 21, ""16"": 58, ""17"": 0, ""18"": 38, ""19"": 25, ""20"": 56, ""21"": 14, ""22"": 30, ""23"": 21, ""24"": 32, ""25"": 0}",data/results/code_based_debug5_siclsp_final/siclsp/siclsp_T25_inst4_run2.json
main,SICLSP,Code-Based,25,siclsp_T25_inst4,3,True,,True,7044.0,7044.0,7044.0,0.0,,,,0.0,"{""1"": 42.0, ""2"": 22.0, ""3"": 9.0, ""4"": 55.0, ""5"": 58.0, ""6"": 0.0, ""7"": 32.0, ""8"": 33.0, ""9"": 66.0, ""10"": 0.0, ""11"": 70.0, ""12"": 0.0, ""13"": 63.0, ""14"": 26.0, ""15"": 21.0, ""16"": 58.0, ""17"": 0.0, ""18"": 38.0, ""19"": 25.0, ""20"": 56.0, ""21"": 14.0, ""22"": 30.0, ""23"": 21.0, ""24"": 32.0, ""25"": 0.0}",data/results/code_based_debug5_siclsp_final/siclsp/siclsp_T25_inst4_run3.json
main,SICLSP,Code-Based,25,siclsp_T25_inst4,4,True,,True,7044.0,7044.0,7044.0,0.0,,,,0.0,"{""1"": 42, ""2"": 22, ""3"": 9, ""4"": 55, ""5"": 58, ""6"": 0, ""7"": 32, ""8"": 33, ""9"": 66, ""10"": 0, ""11"": 70, ""12"": 0, ""13"": 63, ""14"": 26, ""15"": 21, ""16"": 58, ""17"": 0, ""18"": 38, ""19"": 25, ""20"": 56, ""21"": 14, ""22"": 30, ""23"": 21, ""24"": 32, ""25"": 0}",data/results/code_based_debug5_siclsp_final/siclsp/siclsp_T25_inst4_run4.json
main,SICLSP,Code-Based,25,siclsp_T25_inst4,5,True,,True,7044.0,7044.0,7044.0,0.0,,,,0.0,"{""1"": 42, ""2"": 22, ""3"": 9, ""4"": 55, ""5"": 58, ""6"": 0, ""7"": 32, ""8"": 33, ""9"": 66, ""10"": 0, ""11"": 70, ""12"": 0, ""13"": 63, ""14"": 26, ""15"": 21, ""16"": 58, ""17"": 0, ""18"": 38, ""19"": 25, ""20"": 56, ""21"": 14, ""22"": 30, ""23"": 21, ""24"": 32, ""25"": 0}",data/results/code_based_debug5_siclsp_final/siclsp/siclsp_T25_inst4_run5.json
main,SICLSP,Code-Based,25,siclsp_T25_inst4,6,False,execution_error,False,,,7044.0,,,,,5.0,,data/results/code_based_debug5_siclsp_final/siclsp/siclsp_T25_inst4_run6.json
main,SICLSP,Code-Based,25,siclsp_T25_inst4,7,True,,True,7044.0,7044.0,7044.0,0.0,,,,0.0,"{""1"": 42, ""2"": 22, ""3"": 9, ""4"": 55, ""5"": 58, ""6"": 0, ""7"": 32, ""8"": 33, ""9"": 66, ""10"": 0, ""11"": 70, ""12"": 0, ""13"": 63, ""14"": 26, ""15"": 21, ""16"": 58, ""17"": 0, ""18"": 38, ""19"": 25, ""20"": 56, ""21"": 14, ""22"": 30, ""23"": 21, ""24"": 32, ""25"": 0}",data/results/code_based_debug5_siclsp_final/siclsp/siclsp_T25_inst4_run7.json
main,SICLSP,Code-Based,25,siclsp_T25_inst4,8,True,,True,7044.0,7044.0,7044.0,0.0,,,,1.0,"{""1"": 42, ""2"": 22, ""3"": 9, ""4"": 55, ""5"": 58, ""6"": 0, ""7"": 32, ""8"": 33, ""9"": 66, ""10"": 0, ""11"": 70, ""12"": 0, ""13"": 63, ""14"": 26, ""15"": 21, ""16"": 58, ""17"": 0, ""18"": 38, ""19"": 25, ""20"": 56, ""21"": 14, ""22"": 30, ""23"": 21, ""24"": 32, ""25"": 0}",data/results/code_based_debug5_siclsp_final/siclsp/siclsp_T25_inst4_run8.json
main,SICLSP,Code-Based,25,siclsp_T25_inst4,9,True,,True,7095.0,7080.0,7044.0,0.5110732538330494,,,,0.0,"{""1"": 41, ""2"": 22, ""3"": 9, ""4"": 55, ""5"": 58, ""6"": 0, ""7"": 32, ""8"": 33, ""9"": 66, ""10"": 0, ""11"": 57, ""12"": 32, ""13"": 66, ""14"": 26, ""15"": 0, ""16"": 58, ""17"": 0, ""18"": 38, ""19"": 25, ""20"": 56, ""21"": 14, ""22"": 30, ""23"": 21, ""24"": 32, ""25"": 0}",data/results/code_based_debug5_siclsp_final/siclsp/siclsp_T25_inst4_run9.json
main,SICLSP,Code-Based,5,siclsp_T5_inst0,1,True,,True,743.0,743.0,743.0,0.0,,,,1.0,"{""1"": 31, ""2"": 65, ""3"": 0, ""4"": 0, ""5"": 16}",data/results/code_based_debug5_siclsp_final/siclsp/siclsp_T5_inst0_run1.json
main,SICLSP,Code-Based,5,siclsp_T5_inst0,10,True,,True,894.0,894.0,743.0,20.323014804845222,,,,1.0,"{""1"": 23, ""2"": 56, ""3"": 0, ""4"": 17, ""5"": 16}",data/results/code_based_debug5_siclsp_final/siclsp/siclsp_T5_inst0_run10.json
main,SICLSP,Code-Based,5,siclsp_T5_inst0,2,True,,True,894.0,894.0,743.0,20.323014804845222,,,,0.0,"{""1"": 23, ""2"": 56, ""3"": 0, ""4"": 17, ""5"": 16}",data/results/code_based_debug5_siclsp_final/siclsp/siclsp_T5_inst0_run2.json
main,SICLSP,Code-Based,5,siclsp_T5_inst0,3,True,,True,743.0,743.0,743.0,0.0,,,,1.0,"{""1"": 31, ""2"": 65, ""3"": 0, ""4"": 0, ""5"": 16}",data/results/code_based_debug5_siclsp_final/siclsp/siclsp_T5_inst0_run3.json
main,SICLSP,Code-Based,5,siclsp_T5_inst0,4,True,,True,743.0,743.0,743.0,0.0,,,,1.0,"{""1"": 31, ""2"": 65, ""3"": 0, ""4"": 0, ""5"": 16}",data/results/code_based_debug5_siclsp_final/siclsp/siclsp_T5_inst0_run4.json
main,SICLSP,Code-Based,5,siclsp_T5_inst0,5,True,,True,743.0,743.0,743.0,0.0,,,,1.0,"{""1"": 31.0, ""2"": 65.0, ""3"": 0.0, ""4"": 0.0, ""5"": 16.0}",data/results/code_based_debug5_siclsp_final/siclsp/siclsp_T5_inst0_run5.json
main,SICLSP,Code-Based,5,siclsp_T5_inst0,6,True,,True,743.0,743.0,743.0,0.0,,,,1.0,"{""1"": 31, ""2"": 65, ""3"": 0, ""4"": 0, ""5"": 16}",data/results/code_based_debug5_siclsp_final/siclsp/siclsp_T5_inst0_run6.json
main,SICLSP,Code-Based,5,siclsp_T5_inst0,7,True,,True,743.0,743.0,743.0,0.0,,,,1.0,"{""1"": 31, ""2"": 65, ""3"": 0, ""4"": 0, ""5"": 16}",data/results/code_based_debug5_siclsp_final/siclsp/siclsp_T5_inst0_run7.json
main,SICLSP,Code-Based,5,siclsp_T5_inst0,8,True,,True,894.0,894.0,743.0,20.323014804845222,,,,1.0,"{""1"": 23, ""2"": 56, ""3"": 0, ""4"": 17, ""5"": 16}",data/results/code_based_debug5_siclsp_final/siclsp/siclsp_T5_inst0_run8.json
main,SICLSP,Code-Based,5,siclsp_T5_inst0,9,True,,True,743.0,743.0,743.0,0.0,,,,1.0,"{""1"": 31, ""2"": 65, ""3"": 0, ""4"": 0, ""5"": 16}",data/results/code_based_debug5_siclsp_final/siclsp/siclsp_T5_inst0_run9.json
main,SICLSP,Code-Based,5,siclsp_T5_inst1,1,True,,True,1640.0,1640.0,1640.0,0.0,,,,1.0,"{""1"": 32, ""2"": 51, ""3"": 44, ""4"": 0, ""5"": 23}",data/results/code_based_debug5_siclsp_final/siclsp/siclsp_T5_inst1_run1.json
main,SICLSP,Code-Based,5,siclsp_T5_inst1,10,True,,True,1640.0,1640.0,1640.0,0.0,,,,1.0,"{""1"": 32, ""2"": 51, ""3"": 44, ""4"": 0, ""5"": 23}",data/results/code_based_debug5_siclsp_final/siclsp/siclsp_T5_inst1_run10.json
main,SICLSP,Code-Based,5,siclsp_T5_inst1,2,True,,True,1640.0,1640.0,1640.0,0.0,,,,0.0,"{""1"": 32, ""2"": 51, ""3"": 44, ""4"": 0, ""5"": 23}",data/results/code_based_debug5_siclsp_final/siclsp/siclsp_T5_inst1_run2.json
main,SICLSP,Code-Based,5,siclsp_T5_inst1,3,True,,True,1640.0,1640.0,1640.0,0.0,,,,1.0,"{""1"": 32, ""2"": 51, ""3"": 44, ""4"": 0, ""5"": 23}",data/results/code_based_debug5_siclsp_final/siclsp/siclsp_T5_inst1_run3.json
main,SICLSP,Code-Based,5,siclsp_T5_inst1,4,True,,True,1640.0,1640.0,1640.0,0.0,,,,1.0,"{""1"": 32, ""2"": 51, ""3"": 44, ""4"": 0, ""5"": 23}",data/results/code_based_debug5_siclsp_final/siclsp/siclsp_T5_inst1_run4.json
main,SICLSP,Code-Based,5,siclsp_T5_inst1,5,True,,True,1640.0,1640.0,1640.0,0.0,,,,1.0,"{""1"": 32, ""2"": 51, ""3"": 44, ""4"": 0, ""5"": 23}",data/results/code_based_debug5_siclsp_final/siclsp/siclsp_T5_inst1_run5.json
main,SICLSP,Code-Based,5,siclsp_T5_inst1,6,True,,True,1640.0,1640.0,1640.0,0.0,,,,1.0,"{""1"": 32, ""2"": 51, ""3"": 44, ""4"": 0, ""5"": 23}",data/results/code_based_debug5_siclsp_final/siclsp/siclsp_T5_inst1_run6.json
main,SICLSP,Code-Based,5,siclsp_T5_inst1,7,True,,True,1640.0,1640.0,1640.0,0.0,,,,0.0,"{""1"": 32, ""2"": 51, ""3"": 44, ""4"": 0, ""5"": 23}",data/results/code_based_debug5_siclsp_final/siclsp/siclsp_T5_inst1_run7.json
main,SICLSP,Code-Based,5,siclsp_T5_inst1,8,True,,True,1640.0,1640.0,1640.0,0.0,,,,1.0,"{""1"": 32, ""2"": 51, ""3"": 44, ""4"": 0, ""5"": 23}",data/results/code_based_debug5_siclsp_final/siclsp/siclsp_T5_inst1_run8.json
main,SICLSP,Code-Based,5,siclsp_T5_inst1,9,True,,True,1640.0,1640.0,1640.0,0.0,,,,1.0,"{""1"": 32, ""2"": 51, ""3"": 44, ""4"": 0, ""5"": 23}",data/results/code_based_debug5_siclsp_final/siclsp/siclsp_T5_inst1_run9.json
main,SICLSP,Code-Based,5,siclsp_T5_inst2,1,True,,True,1267.0,1267.0,1267.0,0.0,,,,1.0,"{""1"": 30.0, ""2"": 52.0, ""3"": 47.0, ""4"": 29.0, ""5"": 0.0}",data/results/code_based_debug5_siclsp_final/siclsp/siclsp_T5_inst2_run1.json
main,SICLSP,Code-Based,5,siclsp_T5_inst2,10,True,,True,1267.0,1267.0,1267.0,0.0,,,,1.0,"{""1"": 30, ""2"": 52, ""3"": 47, ""4"": 29, ""5"": 0}",data/results/code_based_debug5_siclsp_final/siclsp/siclsp_T5_inst2_run10.json
main,SICLSP,Code-Based,5,siclsp_T5_inst2,2,True,,True,1267.0,1267.0,1267.0,0.0,,,,1.0,"{""1"": 30, ""2"": 52, ""3"": 47, ""4"": 29, ""5"": 0}",data/results/code_based_debug5_siclsp_final/siclsp/siclsp_T5_inst2_run2.json
main,SICLSP,Code-Based,5,siclsp_T5_inst2,3,True,,True,1267.0,1267.0,1267.0,0.0,,,,1.0,"{""1"": 30, ""2"": 52, ""3"": 47, ""4"": 29, ""5"": 0}",data/results/code_based_debug5_siclsp_final/siclsp/siclsp_T5_inst2_run3.json
main,SICLSP,Code-Based,5,siclsp_T5_inst2,4,True,,True,1267.0,1267.0,1267.0,0.0,,,,1.0,"{""1"": 30, ""2"": 52, ""3"": 47, ""4"": 29, ""5"": 0}",data/results/code_based_debug5_siclsp_final/siclsp/siclsp_T5_inst2_run4.json
main,SICLSP,Code-Based,5,siclsp_T5_inst2,5,True,,True,1267.0,1267.0,1267.0,0.0,,,,1.0,"{""1"": 30, ""2"": 52, ""3"": 47, ""4"": 29, ""5"": 0}",data/results/code_based_debug5_siclsp_final/siclsp/siclsp_T5_inst2_run5.json
main,SICLSP,Code-Based,5,siclsp_T5_inst2,6,True,,True,1267.0,1267.0,1267.0,0.0,,,,1.0,"{""1"": 30, ""2"": 52, ""3"": 47, ""4"": 29, ""5"": 0}",data/results/code_based_debug5_siclsp_final/siclsp/siclsp_T5_inst2_run6.json
main,SICLSP,Code-Based,5,siclsp_T5_inst2,7,True,,True,1267.0,1267.0,1267.0,0.0,,,,1.0,"{""1"": 30, ""2"": 52, ""3"": 47, ""4"": 29, ""5"": 0}",data/results/code_based_debug5_siclsp_final/siclsp/siclsp_T5_inst2_run7.json
main,SICLSP,Code-Based,5,siclsp_T5_inst2,8,True,,True,1267.0,1267.0,1267.0,0.0,,,,1.0,"{""1"": 30, ""2"": 52, ""3"": 47, ""4"": 29, ""5"": 0}",data/results/code_based_debug5_siclsp_final/siclsp/siclsp_T5_inst2_run8.json
main,SICLSP,Code-Based,5,siclsp_T5_inst2,9,True,,True,1267.0,1267.0,1267.0,0.0,,,,1.0,"{""1"": 30, ""2"": 52, ""3"": 47, ""4"": 29, ""5"": 0}",data/results/code_based_debug5_siclsp_final/siclsp/siclsp_T5_inst2_run9.json
main,SICLSP,Code-Based,5,siclsp_T5_inst3,1,True,,True,1668.0,1668.0,1668.0,0.0,,,,1.0,"{""1"": 24, ""2"": 10, ""3"": 18, ""4"": 55, ""5"": 0}",data/results/code_based_debug5_siclsp_final/siclsp/siclsp_T5_inst3_run1.json
main,SICLSP,Code-Based,5,siclsp_T5_inst3,10,True,,True,1668.0,1668.0,1668.0,0.0,,,,1.0,"{""1"": 24, ""2"": 10, ""3"": 18, ""4"": 55, ""5"": 0}",data/results/code_based_debug5_siclsp_final/siclsp/siclsp_T5_inst3_run10.json
main,SICLSP,Code-Based,5,siclsp_T5_inst3,2,True,,True,1668.0,1668.0,1668.0,0.0,,,,1.0,"{""1"": 24, ""2"": 10, ""3"": 18, ""4"": 55, ""5"": 0}",data/results/code_based_debug5_siclsp_final/siclsp/siclsp_T5_inst3_run2.json
main,SICLSP,Code-Based,5,siclsp_T5_inst3,3,True,,True,1668.0,1668.0,1668.0,0.0,,,,1.0,"{""1"": 24, ""2"": 10, ""3"": 18, ""4"": 55, ""5"": 0}",data/results/code_based_debug5_siclsp_final/siclsp/siclsp_T5_inst3_run3.json
main,SICLSP,Code-Based,5,siclsp_T5_inst3,4,True,,True,1668.0,1668.0,1668.0,0.0,,,,1.0,"{""1"": 24, ""2"": 10, ""3"": 18, ""4"": 55, ""5"": 0}",data/results/code_based_debug5_siclsp_final/siclsp/siclsp_T5_inst3_run4.json
main,SICLSP,Code-Based,5,siclsp_T5_inst3,5,True,,True,1668.0,1668.0,1668.0,0.0,,,,1.0,"{""1"": 24, ""2"": 10, ""3"": 18, ""4"": 55, ""5"": 0}",data/results/code_based_debug5_siclsp_final/siclsp/siclsp_T5_inst3_run5.json
main,SICLSP,Code-Based,5,siclsp_T5_inst3,6,True,,True,1668.0,1668.0,1668.0,0.0,,,,1.0,"{""1"": 24, ""2"": 10, ""3"": 18, ""4"": 55, ""5"": 0}",data/results/code_based_debug5_siclsp_final/siclsp/siclsp_T5_inst3_run6.json
main,SICLSP,Code-Based,5,siclsp_T5_inst3,7,True,,True,1668.0,1668.0,1668.0,0.0,,,,1.0,"{""1"": 24, ""2"": 10, ""3"": 18, ""4"": 55, ""5"": 0}",data/results/code_based_debug5_siclsp_final/siclsp/siclsp_T5_inst3_run7.json
main,SICLSP,Code-Based,5,siclsp_T5_inst3,8,True,,True,1668.0,1668.0,1668.0,0.0,,,,1.0,"{""1"": 24, ""2"": 10, ""3"": 18, ""4"": 55, ""5"": 0}",data/results/code_based_debug5_siclsp_final/siclsp/siclsp_T5_inst3_run8.json
main,SICLSP,Code-Based,5,siclsp_T5_inst3,9,True,,True,1668.0,1668.0,1668.0,0.0,,,,1.0,"{""1"": 24, ""2"": 10, ""3"": 18, ""4"": 55, ""5"": 0}",data/results/code_based_debug5_siclsp_final/siclsp/siclsp_T5_inst3_run9.json
main,SICLSP,Code-Based,5,siclsp_T5_inst4,1,True,,True,1197.0,1197.0,1197.0,0.0,,,,1.0,"{""1"": 13, ""2"": 34, ""3"": 48, ""4"": 31, ""5"": 0}",data/results/code_based_debug5_siclsp_final/siclsp/siclsp_T5_inst4_run1.json
main,SICLSP,Code-Based,5,siclsp_T5_inst4,10,True,,True,1197.0,1197.0,1197.0,0.0,,,,1.0,"{""1"": 13, ""2"": 34, ""3"": 48, ""4"": 31, ""5"": 0}",data/results/code_based_debug5_siclsp_final/siclsp/siclsp_T5_inst4_run10.json
main,SICLSP,Code-Based,5,siclsp_T5_inst4,2,True,,True,1197.0,1197.0,1197.0,0.0,,,,1.0,"{""1"": 13, ""2"": 34, ""3"": 48, ""4"": 31, ""5"": 0}",data/results/code_based_debug5_siclsp_final/siclsp/siclsp_T5_inst4_run2.json
main,SICLSP,Code-Based,5,siclsp_T5_inst4,3,True,,True,1197.0,1197.0,1197.0,0.0,,,,1.0,"{""1"": 13, ""2"": 34, ""3"": 48, ""4"": 31, ""5"": 0}",data/results/code_based_debug5_siclsp_final/siclsp/siclsp_T5_inst4_run3.json
main,SICLSP,Code-Based,5,siclsp_T5_inst4,4,True,,True,1197.0,1197.0,1197.0,0.0,,,,1.0,"{""1"": 13, ""2"": 34, ""3"": 48, ""4"": 31, ""5"": 0}",data/results/code_based_debug5_siclsp_final/siclsp/siclsp_T5_inst4_run4.json
main,SICLSP,Code-Based,5,siclsp_T5_inst4,5,True,,True,1197.0,1197.0,1197.0,0.0,,,,1.0,"{""1"": 13, ""2"": 34, ""3"": 48, ""4"": 31, ""5"": 0}",data/results/code_based_debug5_siclsp_final/siclsp/siclsp_T5_inst4_run5.json
main,SICLSP,Code-Based,5,siclsp_T5_inst4,6,True,,True,1197.0,1197.0,1197.0,0.0,,,,1.0,"{""1"": 13, ""2"": 34, ""3"": 48, ""4"": 31, ""5"": 0}",data/results/code_based_debug5_siclsp_final/siclsp/siclsp_T5_inst4_run6.json
main,SICLSP,Code-Based,5,siclsp_T5_inst4,7,True,,True,1197.0,1197.0,1197.0,0.0,,,,1.0,"{""1"": 13, ""2"": 34, ""3"": 48, ""4"": 31, ""5"": 0}",data/results/code_based_debug5_siclsp_final/siclsp/siclsp_T5_inst4_run7.json
main,SICLSP,Code-Based,5,siclsp_T5_inst4,8,True,,True,1197.0,1197.0,1197.0,0.0,,,,1.0,"{""1"": 13, ""2"": 34, ""3"": 48, ""4"": 31, ""5"": 0}",data/results/code_based_debug5_siclsp_final/siclsp/siclsp_T5_inst4_run8.json
main,SICLSP,Code-Based,5,siclsp_T5_inst4,9,True,,True,1197.0,1197.0,1197.0,0.0,,,,1.0,"{""1"": 13, ""2"": 34, ""3"": 48, ""4"": 31, ""5"": 0}",data/results/code_based_debug5_siclsp_final/siclsp/siclsp_T5_inst4_run9.json
cot,SMTWTP,CoT,10,smtwtp_n10_inst0,1,True,,True,4245,4245.0,2895.0,46.63212435233161,,,,,"[7, 8, 4, 3, 5, 6, 0, 1, 2, 9]",data/results/direct_cot/smtwtp/smtwtp_n10_inst0_run1.json
cot,SMTWTP,CoT,10,smtwtp_n10_inst0,10,True,,True,4469,4469.0,2895.0,54.36960276338515,,,,,"[7, 8, 3, 4, 5, 6, 0, 1, 2, 9]",data/results/direct_cot/smtwtp/smtwtp_n10_inst0_run10.json
cot,SMTWTP,CoT,10,smtwtp_n10_inst0,2,True,,True,4290,4290.0,2895.0,48.18652849740933,,,,,"[7, 8, 4, 3, 6, 5, 1, 0, 2, 9]",data/results/direct_cot/smtwtp/smtwtp_n10_inst0_run2.json
cot,SMTWTP,CoT,10,smtwtp_n10_inst0,3,True,,True,1315,6397.0,2895.0,120.96718480138169,,,,,"[4, 6, 5, 9, 2, 0, 3, 1, 8, 7]",data/results/direct_cot/smtwtp/smtwtp_n10_inst0_run3.json
cot,SMTWTP,CoT,10,smtwtp_n10_inst0,4,True,,True,4469,4469.0,2895.0,54.36960276338515,,,,,"[7, 8, 3, 4, 5, 6, 0, 1, 2, 9]",data/results/direct_cot/smtwtp/smtwtp_n10_inst0_run4.json
cot,SMTWTP,CoT,10,smtwtp_n10_inst0,5,True,,True,4469,4469.0,2895.0,54.36960276338515,,,,,"[7, 8, 3, 4, 5, 6, 0, 1, 2, 9]",data/results/direct_cot/smtwtp/smtwtp_n10_inst0_run5.json
cot,SMTWTP,CoT,10,smtwtp_n10_inst0,6,True,,True,4469,4469.0,2895.0,54.36960276338515,,,,,"[7, 8, 3, 4, 5, 6, 0, 1, 2, 9]",data/results/direct_cot/smtwtp/smtwtp_n10_inst0_run6.json
cot,SMTWTP,CoT,10,smtwtp_n10_inst0,7,True,,True,4469,4469.0,2895.0,54.36960276338515,,,,,"[7, 8, 3, 4, 5, 6, 0, 1, 2, 9]",data/results/direct_cot/smtwtp/smtwtp_n10_inst0_run7.json
cot,SMTWTP,CoT,10,smtwtp_n10_inst0,8,True,,True,4469,4469.0,2895.0,54.36960276338515,,,,,"[7, 8, 3, 4, 5, 6, 0, 1, 2, 9]",data/results/direct_cot/smtwtp/smtwtp_n10_inst0_run8.json
cot,SMTWTP,CoT,10,smtwtp_n10_inst0,9,True,,True,4469,4469.0,2895.0,54.36960276338515,,,,,"[7, 8, 3, 4, 5, 6, 0, 1, 2, 9]",data/results/direct_cot/smtwtp/smtwtp_n10_inst0_run9.json
cot,SMTWTP,CoT,10,smtwtp_n10_inst1,1,True,,True,2918,2918.0,2273.0,28.37659480862297,,,,,"[4, 8, 2, 5, 6, 7, 3, 9, 1, 0]",data/results/direct_cot/smtwtp/smtwtp_n10_inst1_run1.json
cot,SMTWTP,CoT,10,smtwtp_n10_inst1,10,True,,True,1581,3012.0,2273.0,32.512098548174215,,,,,"[4, 8, 2, 5, 9, 0, 1, 6, 7, 3]",data/results/direct_cot/smtwtp/smtwtp_n10_inst1_run10.json
cot,SMTWTP,CoT,10,smtwtp_n10_inst1,2,True,,True,1581,3116.0,2273.0,37.08754949406071,,,,,"[4, 8, 2, 5, 9, 1, 3, 6, 7, 0]",data/results/direct_cot/smtwtp/smtwtp_n10_inst1_run2.json
cot,SMTWTP,CoT,10,smtwtp_n10_inst1,3,True,,True,1581,2649.0,2273.0,16.542014958205016,,,,,"[4, 8, 2, 6, 7, 3, 1, 0, 5, 9]",data/results/direct_cot/smtwtp/smtwtp_n10_inst1_run3.json
cot,SMTWTP,CoT,10,smtwtp_n10_inst1,4,True,,True,1071,2866.0,2273.0,26.08886933567972,,,,,"[4, 2, 8, 9, 5, 1, 3, 0, 7, 6]",data/results/direct_cot/smtwtp/smtwtp_n10_inst1_run4.json
cot,SMTWTP,CoT,10,smtwtp_n10_inst1,5,True,,True,1581,3073.0,2273.0,35.19577650681918,,,,,"[4, 8, 2, 5, 6, 7, 9, 3, 1, 0]",data/results/direct_cot/smtwtp/smtwtp_n10_inst1_run5.json
cot,SMTWTP,CoT,10,smtwtp_n10_inst1,6,True,,True,2573,3073.0,2273.0,35.19577650681918,,,,,"[4, 8, 2, 5, 6, 7, 9, 3, 1, 0]",data/results/direct_cot/smtwtp/smtwtp_n10_inst1_run6.json
cot,SMTWTP,CoT,10,smtwtp_n10_inst1,7,True,,True,1581,3073.0,2273.0,35.19577650681918,,,,,"[4, 8, 2, 5, 6, 7, 9, 3, 1, 0]",data/results/direct_cot/smtwtp/smtwtp_n10_inst1_run7.json
cot,SMTWTP,CoT,10,smtwtp_n10_inst1,8,True,,True,3313,3313.0,2273.0,45.75450945886493,,,,,"[4, 8, 2, 5, 9, 6, 7, 1, 3, 0]",data/results/direct_cot/smtwtp/smtwtp_n10_inst1_run8.json
cot,SMTWTP,CoT,10,smtwtp_n10_inst1,9,True,,True,1234,3190.0,2273.0,40.34315882094149,,,,,"[4, 2, 8, 9, 0, 1, 3, 5, 7, 6]",data/results/direct_cot/smtwtp/smtwtp_n10_inst1_run9.json
cot,SMTWTP,CoT,10,smtwtp_n10_inst2,1,True,,True,921,921.0,403.0,128.53598014888337,,,,,"[7, 0, 6, 8, 3, 2, 1, 5, 9, 4]",data/results/direct_cot/smtwtp/smtwtp_n10_inst2_run1.json
cot,SMTWTP,CoT,10,smtwtp_n10_inst2,10,True,,True,158,551.0,403.0,36.72456575682382,,,,,"[7, 8, 3, 5, 9, 0, 6, 1, 2, 4]",data/results/direct_cot/smtwtp/smtwtp_n10_inst2_run10.json
cot,SMTWTP,CoT,10,smtwtp_n10_inst2,2,True,,True,921,921.0,403.0,128.53598014888337,,,,,"[7, 6, 8, 3, 0, 2, 1, 5, 9, 4]",data/results/direct_cot/smtwtp/smtwtp_n10_inst2_run2.json
cot,SMTWTP,CoT,10,smtwtp_n10_inst2,3,True,,True,1074,418.0,403.0,3.722084367245657,,,,,"[8, 7, 5, 9, 3, 0, 1, 6, 2, 4]",data/results/direct_cot/smtwtp/smtwtp_n10_inst2_run3.json
cot,SMTWTP,CoT,10,smtwtp_n10_inst2,4,True,,True,921,921.0,403.0,128.53598014888337,,,,,"[7, 0, 6, 8, 3, 2, 1, 5, 9, 4]",data/results/direct_cot/smtwtp/smtwtp_n10_inst2_run4.json
cot,SMTWTP,CoT,10,smtwtp_n10_inst2,5,True,,True,921,921.0,403.0,128.53598014888337,,,,,"[7, 0, 6, 8, 3, 2, 1, 5, 9, 4]",data/results/direct_cot/smtwtp/smtwtp_n10_inst2_run5.json
cot,SMTWTP,CoT,10,smtwtp_n10_inst2,6,True,,True,921,921.0,403.0,128.53598014888337,,,,,"[7, 0, 6, 8, 3, 2, 1, 5, 9, 4]",data/results/direct_cot/smtwtp/smtwtp_n10_inst2_run6.json
cot,SMTWTP,CoT,10,smtwtp_n10_inst2,7,True,,True,921,921.0,403.0,128.53598014888337,,,,,"[7, 0, 6, 8, 3, 2, 1, 5, 9, 4]",data/results/direct_cot/smtwtp/smtwtp_n10_inst2_run7.json
cot,SMTWTP,CoT,10,smtwtp_n10_inst2,8,True,,True,1086,418.0,403.0,3.722084367245657,,,,,"[8, 7, 5, 9, 3, 0, 1, 6, 2, 4]",data/results/direct_cot/smtwtp/smtwtp_n10_inst2_run8.json
cot,SMTWTP,CoT,10,smtwtp_n10_inst2,9,True,,True,1224,418.0,403.0,3.722084367245657,,,,,"[8, 7, 5, 9, 3, 0, 1, 6, 2, 4]",data/results/direct_cot/smtwtp/smtwtp_n10_inst2_run9.json
cot,SMTWTP,CoT,10,smtwtp_n10_inst3,1,True,,True,1674,1674.0,856.0,95.56074766355141,,,,,"[3, 7, 0, 6, 9, 8, 2, 4, 5, 1]",data/results/direct_cot/smtwtp/smtwtp_n10_inst3_run1.json
cot,SMTWTP,CoT,10,smtwtp_n10_inst3,10,True,,True,1674,1674.0,856.0,95.56074766355141,,,,,"[3, 7, 0, 6, 9, 8, 2, 4, 5, 1]",data/results/direct_cot/smtwtp/smtwtp_n10_inst3_run10.json
cot,SMTWTP,CoT,10,smtwtp_n10_inst3,2,True,,True,1581,1812.0,856.0,111.68224299065422,,,,,"[3, 7, 0, 6, 9, 8, 2, 4, 1, 5]",data/results/direct_cot/smtwtp/smtwtp_n10_inst3_run2.json
cot,SMTWTP,CoT,10,smtwtp_n10_inst3,3,True,,True,1674,1674.0,856.0,95.56074766355141,,,,,"[3, 7, 0, 6, 9, 8, 2, 4, 5, 1]",data/results/direct_cot/smtwtp/smtwtp_n10_inst3_run3.json
cot,SMTWTP,CoT,10,smtwtp_n10_inst3,4,True,,True,1674,1674.0,856.0,95.56074766355141,,,,,"[3, 7, 0, 6, 9, 8, 2, 4, 5, 1]",data/results/direct_cot/smtwtp/smtwtp_n10_inst3_run4.json
cot,SMTWTP,CoT,10,smtwtp_n10_inst3,5,True,,True,1674,1674.0,856.0,95.56074766355141,,,,,"[3, 7, 0, 6, 9, 8, 2, 4, 5, 1]",data/results/direct_cot/smtwtp/smtwtp_n10_inst3_run5.json
cot,SMTWTP,CoT,10,smtwtp_n10_inst3,6,True,,True,158,1674.0,856.0,95.56074766355141,,,,,"[3, 7, 0, 6, 9, 8, 2, 4, 5, 1]",data/results/direct_cot/smtwtp/smtwtp_n10_inst3_run6.json
cot,SMTWTP,CoT,10,smtwtp_n10_inst3,7,True,,True,1674,1674.0,856.0,95.56074766355141,,,,,"[3, 7, 0, 6, 9, 8, 2, 4, 5, 1]",data/results/direct_cot/smtwtp/smtwtp_n10_inst3_run7.json
cot,SMTWTP,CoT,10,smtwtp_n10_inst3,8,True,,True,1724,1674.0,856.0,95.56074766355141,,,,,"[3, 7, 0, 6, 9, 8, 2, 4, 5, 1]",data/results/direct_cot/smtwtp/smtwtp_n10_inst3_run8.json
cot,SMTWTP,CoT,10,smtwtp_n10_inst3,9,True,,True,1384,1674.0,856.0,95.56074766355141,,,,,"[3, 7, 0, 6, 9, 8, 2, 4, 5, 1]",data/results/direct_cot/smtwtp/smtwtp_n10_inst3_run9.json
cot,SMTWTP,CoT,10,smtwtp_n10_inst4,1,True,,True,1381,2620.0,1865.0,40.48257372654155,,,,,"[4, 9, 1, 5, 2, 7, 8, 6, 0, 3]",data/results/direct_cot/smtwtp/smtwtp_n10_inst4_run1.json
cot,SMTWTP,CoT,10,smtwtp_n10_inst4,10,True,,True,1381,2620.0,1865.0,40.48257372654155,,,,,"[4, 9, 1, 5, 2, 7, 8, 6, 0, 3]",data/results/direct_cot/smtwtp/smtwtp_n10_inst4_run10.json
cot,SMTWTP,CoT,10,smtwtp_n10_inst4,2,True,,True,2620,2620.0,1865.0,40.48257372654155,,,,,"[4, 9, 1, 5, 2, 7, 8, 6, 0, 3]",data/results/direct_cot/smtwtp/smtwtp_n10_inst4_run2.json
cot,SMTWTP,CoT,10,smtwtp_n10_inst4,3,True,,True,2623,2623.0,1865.0,40.64343163538874,,,,,"[4, 9, 1, 5, 2, 7, 8, 0, 6, 3]",data/results/direct_cot/smtwtp/smtwtp_n10_inst4_run3.json
cot,SMTWTP,CoT,10,smtwtp_n10_inst4,4,True,,True,1386,2620.0,1865.0,40.48257372654155,,,,,"[4, 9, 1, 5, 2, 7, 8, 6, 0, 3]",data/results/direct_cot/smtwtp/smtwtp_n10_inst4_run4.json
cot,SMTWTP,CoT,10,smtwtp_n10_inst4,5,True,,True,1071,2093.0,1865.0,12.225201072386058,,,,,"[4, 1, 5, 2, 7, 9, 8, 0, 3, 6]",data/results/direct_cot/smtwtp/smtwtp_n10_inst4_run5.json
cot,SMTWTP,CoT,10,smtwtp_n10_inst4,6,True,,True,1381,2620.0,1865.0,40.48257372654155,,,,,"[4, 9, 1, 5, 2, 7, 8, 6, 0, 3]",data/results/direct_cot/smtwtp/smtwtp_n10_inst4_run6.json
cot,SMTWTP,CoT,10,smtwtp_n10_inst4,7,True,,True,2620,2620.0,1865.0,40.48257372654155,,,,,"[4, 9, 1, 5, 2, 7, 8, 6, 0, 3]",data/results/direct_cot/smtwtp/smtwtp_n10_inst4_run7.json
cot,SMTWTP,CoT,10,smtwtp_n10_inst4,8,True,,True,1071,2093.0,1865.0,12.225201072386058,,,,,"[4, 1, 5, 2, 7, 9, 8, 0, 3, 6]",data/results/direct_cot/smtwtp/smtwtp_n10_inst4_run8.json
cot,SMTWTP,CoT,10,smtwtp_n10_inst4,9,True,,True,1071,2329.0,1865.0,24.87935656836461,,,,,"[4, 1, 5, 9, 2, 7, 8, 6, 0, 3]",data/results/direct_cot/smtwtp/smtwtp_n10_inst4_run9.json
cot,SMTWTP,CoT,15,smtwtp_n15_inst0,1,True,,True,1073,5673.0,1645.0,244.86322188449847,,,,,"[13, 9, 14, 7, 11, 0, 12, 8, 10, 1, 2, 6, 4, 3, 5]",data/results/direct_cot/smtwtp/smtwtp_n15_inst0_run1.json
cot,SMTWTP,CoT,15,smtwtp_n15_inst0,10,True,,True,1071,5582.0,1645.0,239.33130699088147,,,,,"[13, 9, 14, 7, 11, 0, 12, 8, 10, 6, 2, 1, 4, 3, 5]",data/results/direct_cot/smtwtp/smtwtp_n15_inst0_run10.json
cot,SMTWTP,CoT,15,smtwtp_n15_inst0,2,True,,True,1381,4253.0,1645.0,158.54103343465044,,,,,"[4, 9, 1, 6, 12, 14, 10, 2, 0, 13, 3, 7, 8, 11, 5]",data/results/direct_cot/smtwtp/smtwtp_n15_inst0_run2.json
cot,SMTWTP,CoT,15,smtwtp_n15_inst0,3,True,,True,1301,5673.0,1645.0,244.86322188449847,,,,,"[13, 9, 14, 7, 11, 0, 12, 8, 10, 1, 2, 6, 4, 3, 5]",data/results/direct_cot/smtwtp/smtwtp_n15_inst0_run3.json
cot,SMTWTP,CoT,15,smtwtp_n15_inst0,4,True,,True,0,4253.0,1645.0,158.54103343465044,,,,,"[4, 9, 1, 6, 12, 14, 10, 2, 0, 13, 3, 7, 8, 11, 5]",data/results/direct_cot/smtwtp/smtwtp_n15_inst0_run4.json
cot,SMTWTP,CoT,15,smtwtp_n15_inst0,5,True,,True,1071,5758.0,1645.0,250.0303951367781,,,,,"[9, 13, 14, 7, 11, 0, 12, 8, 10, 1, 2, 6, 4, 3, 5]",data/results/direct_cot/smtwtp/smtwtp_n15_inst0_run5.json
cot,SMTWTP,CoT,15,smtwtp_n15_inst0,6,True,,True,4253,4253.0,1645.0,158.54103343465044,,,,,"[4, 9, 1, 6, 12, 14, 10, 2, 0, 13, 3, 7, 8, 11, 5]",data/results/direct_cot/smtwtp/smtwtp_n15_inst0_run6.json
cot,SMTWTP,CoT,15,smtwtp_n15_inst0,7,True,,True,1461,5143.0,1645.0,212.64437689969606,,,,,"[4, 9, 1, 6, 10, 2, 12, 14, 0, 3, 13, 7, 8, 11, 5]",data/results/direct_cot/smtwtp/smtwtp_n15_inst0_run7.json
cot,SMTWTP,CoT,15,smtwtp_n15_inst0,8,True,,True,1070,2936.0,1645.0,78.48024316109422,,,,,"[9, 4, 14, 1, 13, 6, 12, 0, 10, 2, 7, 3, 8, 11, 5]",data/results/direct_cot/smtwtp/smtwtp_n15_inst0_run8.json
cot,SMTWTP,CoT,15,smtwtp_n15_inst0,9,True,,True,1071,5667.0,1645.0,244.49848024316108,,,,,"[9, 13, 14, 7, 11, 0, 12, 8, 10, 6, 2, 1, 4, 3, 5]",data/results/direct_cot/smtwtp/smtwtp_n15_inst0_run9.json
cot,SMTWTP,CoT,15,smtwtp_n15_inst1,1,True,,True,1070,5508.0,2700.0,104.0,,,,,"[11, 9, 6, 4, 10, 12, 5, 2, 13, 3, 14, 8, 0, 1, 7]",data/results/direct_cot/smtwtp/smtwtp_n15_inst1_run1.json
cot,SMTWTP,CoT,15,smtwtp_n15_inst1,10,True,,True,1081,5508.0,2700.0,104.0,,,,,"[11, 9, 6, 4, 10, 12, 5, 2, 13, 3, 14, 8, 0, 1, 7]",data/results/direct_cot/smtwtp/smtwtp_n15_inst1_run10.json
cot,SMTWTP,CoT,15,smtwtp_n15_inst1,2,True,,True,1234,5508.0,2700.0,104.0,,,,,"[11, 9, 6, 4, 10, 12, 5, 2, 13, 3, 14, 8, 0, 1, 7]",data/results/direct_cot/smtwtp/smtwtp_n15_inst1_run2.json
cot,SMTWTP,CoT,15,smtwtp_n15_inst1,3,True,,True,1071,5595.0,2700.0,107.22222222222221,,,,,"[11, 9, 6, 4, 10, 12, 5, 2, 13, 3, 8, 14, 0, 1, 7]",data/results/direct_cot/smtwtp/smtwtp_n15_inst1_run3.json
cot,SMTWTP,CoT,15,smtwtp_n15_inst1,4,True,,True,1081,5595.0,2700.0,107.22222222222221,,,,,"[11, 9, 6, 4, 10, 12, 5, 2, 13, 3, 8, 14, 0, 1, 7]",data/results/direct_cot/smtwtp/smtwtp_n15_inst1_run4.json
cot,SMTWTP,CoT,15,smtwtp_n15_inst1,5,True,,True,1234,6323.0,2700.0,134.1851851851852,,,,,"[11, 9, 6, 4, 10, 12, 5, 2, 3, 8, 14, 13, 0, 1, 7]",data/results/direct_cot/smtwtp/smtwtp_n15_inst1_run5.json
cot,SMTWTP,CoT,15,smtwtp_n15_inst1,6,True,,True,1761,4622.0,2700.0,71.18518518518519,,,,,"[3, 10, 9, 13, 4, 1, 12, 11, 7, 2, 14, 6, 5, 8, 0]",data/results/direct_cot/smtwtp/smtwtp_n15_inst1_run6.json
cot,SMTWTP,CoT,15,smtwtp_n15_inst1,7,True,,True,1070,5508.0,2700.0,104.0,,,,,"[11, 9, 6, 4, 10, 12, 5, 2, 13, 3, 14, 8, 0, 1, 7]",data/results/direct_cot/smtwtp/smtwtp_n15_inst1_run7.json
cot,SMTWTP,CoT,15,smtwtp_n15_inst1,8,True,,True,1085,5006.0,2700.0,85.4074074074074,,,,,"[11, 9, 6, 4, 12, 10, 5, 13, 2, 14, 8, 0, 3, 1, 7]",data/results/direct_cot/smtwtp/smtwtp_n15_inst1_run8.json
cot,SMTWTP,CoT,15,smtwtp_n15_inst1,9,True,,True,10792,4244.0,2700.0,57.18518518518518,,,,,"[3, 13, 10, 9, 12, 1, 4, 11, 7, 2, 6, 14, 5, 8, 0]",data/results/direct_cot/smtwtp/smtwtp_n15_inst1_run9.json
cot,SMTWTP,CoT,15,smtwtp_n15_inst2,1,True,,True,7971,7971.0,3953.0,101.64432076903618,,,,,"[9, 12, 3, 10, 0, 14, 4, 8, 6, 11, 13, 1, 7, 5, 2]",data/results/direct_cot/smtwtp/smtwtp_n15_inst2_run1.json
cot,SMTWTP,CoT,15,smtwtp_n15_inst2,10,True,,True,7971,7971.0,3953.0,101.64432076903618,,,,,"[9, 12, 3, 10, 0, 14, 4, 8, 6, 11, 13, 1, 7, 5, 2]",data/results/direct_cot/smtwtp/smtwtp_n15_inst2_run10.json
cot,SMTWTP,CoT,15,smtwtp_n15_inst2,2,True,,True,1381,8894.0,3953.0,124.99367568934987,,,,,"[9, 12, 3, 10, 14, 0, 4, 6, 13, 11, 7, 1, 5, 2, 8]",data/results/direct_cot/smtwtp/smtwtp_n15_inst2_run2.json
cot,SMTWTP,CoT,15,smtwtp_n15_inst2,3,True,,True,7971,7971.0,3953.0,101.64432076903618,,,,,"[9, 12, 3, 10, 0, 14, 4, 8, 6, 11, 13, 1, 7, 5, 2]",data/results/direct_cot/smtwtp/smtwtp_n15_inst2_run3.json
cot,SMTWTP,CoT,15,smtwtp_n15_inst2,4,True,,True,7971,7971.0,3953.0,101.64432076903618,,,,,"[9, 12, 3, 10, 0, 14, 4, 8, 6, 11, 13, 1, 7, 5, 2]",data/results/direct_cot/smtwtp/smtwtp_n15_inst2_run4.json
cot,SMTWTP,CoT,15,smtwtp_n15_inst2,5,True,,True,7971,7971.0,3953.0,101.64432076903618,,,,,"[9, 12, 3, 10, 0, 14, 4, 8, 6, 11, 13, 1, 7, 5, 2]",data/results/direct_cot/smtwtp/smtwtp_n15_inst2_run5.json
cot,SMTWTP,CoT,15,smtwtp_n15_inst2,6,True,,True,1381,7971.0,3953.0,101.64432076903618,,,,,"[9, 12, 3, 10, 0, 14, 4, 8, 6, 11, 13, 1, 7, 5, 2]",data/results/direct_cot/smtwtp/smtwtp_n15_inst2_run6.json
cot,SMTWTP,CoT,15,smtwtp_n15_inst2,7,True,,True,7971,7971.0,3953.0,101.64432076903618,,,,,"[9, 12, 3, 10, 0, 14, 4, 8, 6, 11, 13, 1, 7, 5, 2]",data/results/direct_cot/smtwtp/smtwtp_n15_inst2_run7.json
cot,SMTWTP,CoT,15,smtwtp_n15_inst2,8,True,,True,12345,4849.0,3953.0,22.66632937009866,,,,,"[9, 0, 11, 10, 3, 4, 12, 1, 6, 14, 8, 7, 5, 13, 2]",data/results/direct_cot/smtwtp/smtwtp_n15_inst2_run8.json
cot,SMTWTP,CoT,15,smtwtp_n15_inst2,9,True,,True,1193,7971.0,3953.0,101.64432076903618,,,,,"[9, 12, 3, 10, 0, 14, 4, 8, 6, 11, 13, 1, 7, 5, 2]",data/results/direct_cot/smtwtp/smtwtp_n15_inst2_run9.json
cot,SMTWTP,CoT,15,smtwtp_n15_inst3,1,True,,True,4327,4327.0,2516.0,71.97933227344993,,,,,"[10, 3, 14, 0, 13, 4, 12, 2, 1, 8, 6, 7, 9, 5, 11]",data/results/direct_cot/smtwtp/smtwtp_n15_inst3_run1.json
cot,SMTWTP,CoT,15,smtwtp_n15_inst3,10,True,,True,1081,3923.0,2516.0,55.9220985691574,,,,,"[12, 6, 0, 2, 4, 1, 10, 13, 8, 14, 3, 5, 7, 9, 11]",data/results/direct_cot/smtwtp/smtwtp_n15_inst3_run10.json
cot,SMTWTP,CoT,15,smtwtp_n15_inst3,2,True,,True,1301,6864.0,2516.0,172.8139904610493,,,,,"[10, 3, 11, 9, 6, 8, 1, 0, 12, 4, 5, 2, 13, 14, 7]",data/results/direct_cot/smtwtp/smtwtp_n15_inst3_run2.json
cot,SMTWTP,CoT,15,smtwtp_n15_inst3,3,True,,True,1234,3923.0,2516.0,55.9220985691574,,,,,"[12, 6, 0, 2, 4, 1, 10, 13, 8, 14, 3, 5, 7, 9, 11]",data/results/direct_cot/smtwtp/smtwtp_n15_inst3_run3.json
cot,SMTWTP,CoT,15,smtwtp_n15_inst3,4,True,,True,1071,9036.0,2516.0,259.14149443561206,,,,,"[3, 10, 11, 9, 6, 1, 8, 0, 14, 4, 13, 12, 5, 2, 7]",data/results/direct_cot/smtwtp/smtwtp_n15_inst3_run4.json
cot,SMTWTP,CoT,15,smtwtp_n15_inst3,5,True,,True,1073,9036.0,2516.0,259.14149443561206,,,,,"[3, 10, 11, 9, 6, 1, 8, 0, 14, 4, 13, 12, 5, 2, 7]",data/results/direct_cot/smtwtp/smtwtp_n15_inst3_run5.json
cot,SMTWTP,CoT,15,smtwtp_n15_inst3,6,True,,True,1080,8424.0,2516.0,234.81717011128777,,,,,"[14, 13, 0, 4, 12, 2, 5, 7, 1, 6, 8, 9, 3, 10, 11]",data/results/direct_cot/smtwtp/smtwtp_n15_inst3_run6.json
cot,SMTWTP,CoT,15,smtwtp_n15_inst3,7,True,,True,1081,3923.0,2516.0,55.9220985691574,,,,,"[12, 6, 0, 2, 4, 1, 10, 13, 8, 14, 3, 5, 7, 9, 11]",data/results/direct_cot/smtwtp/smtwtp_n15_inst3_run7.json
cot,SMTWTP,CoT,15,smtwtp_n15_inst3,8,True,,True,1081,3910.0,2516.0,55.4054054054054,,,,,"[12, 6, 0, 2, 4, 1, 10, 13, 8, 14, 5, 3, 7, 9, 11]",data/results/direct_cot/smtwtp/smtwtp_n15_inst3_run8.json
cot,SMTWTP,CoT,15,smtwtp_n15_inst3,9,True,,True,1301,6657.0,2516.0,164.58664546899843,,,,,"[3, 10, 6, 1, 8, 11, 9, 0, 12, 4, 5, 2, 13, 14, 7]",data/results/direct_cot/smtwtp/smtwtp_n15_inst3_run9.json
cot,SMTWTP,CoT,15,smtwtp_n15_inst4,1,True,,True,1073,8749.0,4920.0,77.82520325203251,,,,,"[1, 5, 13, 8, 10, 14, 11, 3, 7, 2, 12, 9, 6, 4, 0]",data/results/direct_cot/smtwtp/smtwtp_n15_inst4_run1.json
cot,SMTWTP,CoT,15,smtwtp_n15_inst4,10,True,,True,1223,9710.0,4920.0,97.35772357723577,,,,,"[14, 11, 9, 1, 3, 4, 0, 13, 6, 8, 5, 12, 2, 7, 10]",data/results/direct_cot/smtwtp/smtwtp_n15_inst4_run10.json
cot,SMTWTP,CoT,15,smtwtp_n15_inst4,2,True,,True,1234,9641.0,4920.0,95.95528455284553,,,,,"[11, 9, 6, 8, 3, 14, 4, 1, 0, 13, 5, 2, 12, 7, 10]",data/results/direct_cot/smtwtp/smtwtp_n15_inst4_run2.json
cot,SMTWTP,CoT,15,smtwtp_n15_inst4,3,True,,True,8245,8245.0,4920.0,67.58130081300813,,,,,"[1, 13, 8, 5, 14, 11, 10, 3, 7, 2, 12, 9, 6, 4, 0]",data/results/direct_cot/smtwtp/smtwtp_n15_inst4_run3.json
cot,SMTWTP,CoT,15,smtwtp_n15_inst4,4,True,,True,8768,9118.0,4920.0,85.32520325203252,,,,,"[1, 13, 8, 10, 14, 11, 3, 7, 2, 12, 9, 5, 6, 4, 0]",data/results/direct_cot/smtwtp/smtwtp_n15_inst4_run4.json
cot,SMTWTP,CoT,15,smtwtp_n15_inst4,5,True,,True,8515,8505.0,4920.0,72.86585365853658,,,,,"[1, 5, 13, 8, 10, 11, 14, 3, 7, 2, 12, 9, 4, 6, 0]",data/results/direct_cot/smtwtp/smtwtp_n15_inst4_run5.json
cot,SMTWTP,CoT,15,smtwtp_n15_inst4,6,True,,True,1080,9857.0,4920.0,100.34552845528455,,,,,"[14, 11, 13, 9, 10, 7, 1, 2, 3, 4, 12, 5, 0, 6, 8]",data/results/direct_cot/smtwtp/smtwtp_n15_inst4_run6.json
cot,SMTWTP,CoT,15,smtwtp_n15_inst4,7,True,,True,1301,8671.0,4920.0,76.239837398374,,,,,"[1, 13, 5, 14, 11, 10, 3, 7, 2, 12, 9, 4, 6, 8, 0]",data/results/direct_cot/smtwtp/smtwtp_n15_inst4_run7.json
cot,SMTWTP,CoT,15,smtwtp_n15_inst4,8,True,,True,1073,9710.0,4920.0,97.35772357723577,,,,,"[14, 11, 9, 1, 3, 4, 0, 13, 6, 8, 5, 12, 2, 7, 10]",data/results/direct_cot/smtwtp/smtwtp_n15_inst4_run8.json
cot,SMTWTP,CoT,15,smtwtp_n15_inst4,9,True,,True,1163,8749.0,4920.0,77.82520325203251,,,,,"[1, 5, 13, 8, 10, 14, 11, 3, 7, 2, 12, 9, 6, 4, 0]",data/results/direct_cot/smtwtp/smtwtp_n15_inst4_run9.json
cot,SMTWTP,CoT,20,smtwtp_n20_inst0,1,True,,True,1081,8260.0,4690.0,76.11940298507463,,,,,"[4, 8, 0, 10, 15, 18, 3, 13, 2, 16, 19, 17, 7, 5, 12, 1, 11, 6, 9, 14]",data/results/direct_cot/smtwtp/smtwtp_n20_inst0_run1.json
cot,SMTWTP,CoT,20,smtwtp_n20_inst0,10,True,,True,1234,7437.0,4690.0,58.57142857142858,,,,,"[8, 4, 0, 10, 15, 18, 3, 13, 7, 17, 19, 16, 2, 5, 1, 12, 11, 6, 9, 14]",data/results/direct_cot/smtwtp/smtwtp_n20_inst0_run10.json
cot,SMTWTP,CoT,20,smtwtp_n20_inst0,2,True,,True,1234,7765.0,4690.0,65.56503198294243,,,,,"[4, 8, 0, 10, 15, 18, 3, 13, 7, 17, 19, 16, 2, 5, 12, 1, 11, 6, 9, 14]",data/results/direct_cot/smtwtp/smtwtp_n20_inst0_run2.json
cot,SMTWTP,CoT,20,smtwtp_n20_inst0,3,True,,True,1234,8498.0,4690.0,81.19402985074626,,,,,"[4, 8, 0, 10, 15, 18, 3, 13, 7, 5, 17, 19, 16, 2, 12, 1, 11, 6, 9, 14]",data/results/direct_cot/smtwtp/smtwtp_n20_inst0_run3.json
cot,SMTWTP,CoT,20,smtwtp_n20_inst0,4,True,,True,1234,9020.0,4690.0,92.32409381663112,,,,,"[3, 7, 16, 2, 18, 19, 8, 1, 5, 10, 15, 13, 11, 6, 4, 12, 9, 17, 0, 14]",data/results/direct_cot/smtwtp/smtwtp_n20_inst0_run4.json
cot,SMTWTP,CoT,20,smtwtp_n20_inst0,5,True,,True,1234,8862.0,4690.0,88.95522388059702,,,,,"[8, 4, 15, 18, 3, 13, 10, 16, 17, 19, 7, 5, 2, 1, 12, 11, 6, 0, 9, 14]",data/results/direct_cot/smtwtp/smtwtp_n20_inst0_run5.json
cot,SMTWTP,CoT,20,smtwtp_n20_inst0,6,True,,True,1234,8498.0,4690.0,81.19402985074626,,,,,"[8, 4, 0, 10, 15, 18, 3, 13, 7, 5, 17, 19, 16, 2, 12, 1, 11, 6, 9, 14]",data/results/direct_cot/smtwtp/smtwtp_n20_inst0_run6.json
cot,SMTWTP,CoT,20,smtwtp_n20_inst0,7,True,,True,1234,7765.0,4690.0,65.56503198294243,,,,,"[8, 4, 0, 10, 15, 18, 3, 13, 7, 17, 19, 16, 2, 5, 12, 1, 11, 6, 9, 14]",data/results/direct_cot/smtwtp/smtwtp_n20_inst0_run7.json
cot,SMTWTP,CoT,20,smtwtp_n20_inst0,8,True,,True,10892,15985.0,4690.0,240.8315565031983,,,,,"[3, 19, 7, 18, 2, 8, 1, 9, 16, 17, 11, 6, 5, 15, 0, 4, 14, 13, 10, 12]",data/results/direct_cot/smtwtp/smtwtp_n20_inst0_run8.json
cot,SMTWTP,CoT,20,smtwtp_n20_inst0,9,True,,True,1234,8498.0,4690.0,81.19402985074626,,,,,"[4, 8, 0, 10, 15, 18, 3, 13, 7, 5, 17, 19, 16, 2, 12, 1, 11, 6, 9, 14]",data/results/direct_cot/smtwtp/smtwtp_n20_inst0_run9.json
cot,SMTWTP,CoT,20,smtwtp_n20_inst1,1,True,,True,1234,9311.0,7139.0,30.42442919176355,,,,,"[12, 0, 11, 8, 15, 17, 4, 1, 19, 9, 16, 13, 7, 3, 2, 14, 5, 18, 6, 10]",data/results/direct_cot/smtwtp/smtwtp_n20_inst1_run1.json
cot,SMTWTP,CoT,20,smtwtp_n20_inst1,10,True,,True,1234,14266.0,7139.0,99.83190923098473,,,,,"[0, 12, 4, 11, 15, 8, 17, 1, 7, 2, 14, 5, 13, 3, 16, 6, 19, 9, 18, 10]",data/results/direct_cot/smtwtp/smtwtp_n20_inst1_run10.json
cot,SMTWTP,CoT,20,smtwtp_n20_inst1,2,True,,True,14139,14139.0,7139.0,98.0529485922398,,,,,"[9, 15, 19, 12, 4, 11, 17, 3, 16, 18, 10, 13, 1, 7, 2, 0, 14, 5, 6, 8]",data/results/direct_cot/smtwtp/smtwtp_n20_inst1_run2.json
cot,SMTWTP,CoT,20,smtwtp_n20_inst1,3,True,,True,10000,9134.0,7139.0,27.945090348788348,,,,,"[0, 12, 11, 4, 1, 15, 8, 17, 16, 9, 13, 19, 3, 7, 2, 14, 5, 18, 6, 10]",data/results/direct_cot/smtwtp/smtwtp_n20_inst1_run3.json
cot,SMTWTP,CoT,20,smtwtp_n20_inst1,4,True,,True,10789,16139.0,7139.0,126.06807676145118,,,,,"[19, 15, 11, 8, 6, 9, 4, 16, 3, 17, 10, 18, 12, 1, 13, 7, 2, 0, 14, 5]",data/results/direct_cot/smtwtp/smtwtp_n20_inst1_run4.json
cot,SMTWTP,CoT,20,smtwtp_n20_inst1,5,True,,True,12345,9631.0,7139.0,34.90684969883737,,,,,"[0, 12, 4, 11, 8, 15, 17, 1, 19, 16, 3, 13, 9, 7, 2, 14, 5, 18, 6, 10]",data/results/direct_cot/smtwtp/smtwtp_n20_inst1_run5.json
cot,SMTWTP,CoT,20,smtwtp_n20_inst1,6,True,,True,10792,17493.0,7139.0,145.0343185320073,,,,,"[19, 15, 8, 6, 9, 11, 3, 17, 10, 16, 4, 18, 12, 1, 13, 7, 2, 0, 14, 5]",data/results/direct_cot/smtwtp/smtwtp_n20_inst1_run6.json
cot,SMTWTP,CoT,20,smtwtp_n20_inst1,7,True,,True,1234,9269.0,7139.0,29.836111500210112,,,,,"[12, 0, 11, 4, 15, 8, 17, 1, 19, 16, 9, 13, 3, 7, 2, 14, 5, 18, 6, 10]",data/results/direct_cot/smtwtp/smtwtp_n20_inst1_run7.json
cot,SMTWTP,CoT,20,smtwtp_n20_inst1,8,True,,True,PLACEHOLDER,9565.0,7139.0,33.9823504692534,,,,,"[12, 0, 11, 4, 8, 15, 17, 1, 19, 16, 13, 9, 7, 3, 2, 14, 5, 18, 6, 10]",data/results/direct_cot/smtwtp/smtwtp_n20_inst1_run8.json
cot,SMTWTP,CoT,20,smtwtp_n20_inst1,9,True,,True,1301,17691.0,7139.0,147.8078162207592,,,,,"[19, 15, 8, 9, 6, 11, 10, 17, 3, 16, 4, 18, 12, 1, 13, 7, 2, 0, 14, 5]",data/results/direct_cot/smtwtp/smtwtp_n20_inst1_run9.json
cot,SMTWTP,CoT,20,smtwtp_n20_inst2,1,True,,True,1083,11635.0,6002.0,93.85204931689437,,,,,"[19, 8, 5, 14, 1, 18, 15, 17, 11, 4, 12, 16, 10, 6, 0, 2, 3, 13, 9, 7]",data/results/direct_cot/smtwtp/smtwtp_n20_inst2_run1.json
cot,SMTWTP,CoT,20,smtwtp_n20_inst2,10,True,,True,1234,9811.0,6002.0,63.46217927357547,,,,,"[19, 12, 8, 3, 4, 5, 7, 14, 10, 0, 9, 13, 2, 16, 11, 6, 1, 18, 17, 15]",data/results/direct_cot/smtwtp/smtwtp_n20_inst2_run10.json
cot,SMTWTP,CoT,20,smtwtp_n20_inst2,2,True,,True,,9819.0,6002.0,63.59546817727424,,,,,"[19, 12, 8, 3, 4, 5, 7, 14, 10, 0, 13, 9, 2, 11, 16, 6, 1, 18, 17, 15]",data/results/direct_cot/smtwtp/smtwtp_n20_inst2_run2.json
cot,SMTWTP,CoT,20,smtwtp_n20_inst2,3,True,,True,1080,9790.0,6002.0,63.11229590136621,,,,,"[19, 12, 8, 3, 4, 5, 7, 14, 10, 0, 13, 9, 2, 16, 11, 6, 1, 17, 18, 15]",data/results/direct_cot/smtwtp/smtwtp_n20_inst2_run3.json
cot,SMTWTP,CoT,20,smtwtp_n20_inst2,4,True,,True,1234,9819.0,6002.0,63.59546817727424,,,,,"[19, 12, 8, 3, 4, 5, 7, 14, 10, 0, 13, 9, 2, 11, 16, 6, 1, 18, 17, 15]",data/results/direct_cot/smtwtp/smtwtp_n20_inst2_run4.json
cot,SMTWTP,CoT,20,smtwtp_n20_inst2,5,True,,True,1080,9811.0,6002.0,63.46217927357547,,,,,"[19, 12, 8, 3, 4, 5, 7, 14, 10, 0, 9, 13, 2, 16, 11, 6, 1, 18, 17, 15]",data/results/direct_cot/smtwtp/smtwtp_n20_inst2_run5.json
cot,SMTWTP,CoT,20,smtwtp_n20_inst2,6,True,,True,1080,9848.0,6002.0,64.07864045318227,,,,,"[19, 12, 8, 3, 4, 5, 7, 14, 10, 0, 2, 9, 13, 6, 16, 11, 1, 17, 18, 15]",data/results/direct_cot/smtwtp/smtwtp_n20_inst2_run6.json
cot,SMTWTP,CoT,20,smtwtp_n20_inst2,7,True,,True,1234,9856.0,6002.0,64.21192935688104,,,,,"[19, 12, 8, 3, 4, 5, 7, 14, 10, 0, 2, 9, 13, 6, 11, 16, 1, 17, 18, 15]",data/results/direct_cot/smtwtp/smtwtp_n20_inst2_run7.json
cot,SMTWTP,CoT,20,smtwtp_n20_inst2,8,True,,True,1234,11960.0,6002.0,99.26691102965678,,,,,"[19, 12, 8, 3, 4, 5, 7, 10, 0, 9, 13, 2, 6, 16, 11, 14, 18, 1, 17, 15]",data/results/direct_cot/smtwtp/smtwtp_n20_inst2_run8.json
cot,SMTWTP,CoT,20,smtwtp_n20_inst2,9,True,,True,1080,9819.0,6002.0,63.59546817727424,,,,,"[19, 12, 8, 3, 4, 5, 7, 14, 10, 0, 9, 13, 2, 11, 16, 6, 1, 18, 17, 15]",data/results/direct_cot/smtwtp/smtwtp_n20_inst2_run9.json
cot,SMTWTP,CoT,20,smtwtp_n20_inst3,1,True,,True,1234,8483.0,4929.0,72.10387502536011,,,,,"[15, 0, 11, 9, 13, 10, 4, 19, 7, 8, 1, 16, 3, 18, 6, 12, 14, 2, 17, 5]",data/results/direct_cot/smtwtp/smtwtp_n20_inst3_run1.json
cot,SMTWTP,CoT,20,smtwtp_n20_inst3,10,True,,True,1070,8615.0,4929.0,74.78190302292555,,,,,"[15, 0, 11, 9, 13, 10, 4, 19, 1, 7, 8, 16, 3, 18, 6, 12, 14, 2, 17, 5]",data/results/direct_cot/smtwtp/smtwtp_n20_inst3_run10.json
cot,SMTWTP,CoT,20,smtwtp_n20_inst3,2,True,,True,1070,8483.0,4929.0,72.10387502536011,,,,,"[15, 0, 9, 11, 13, 10, 19, 4, 7, 8, 1, 16, 3, 18, 6, 12, 14, 2, 17, 5]",data/results/direct_cot/smtwtp/smtwtp_n20_inst3_run2.json
cot,SMTWTP,CoT,20,smtwtp_n20_inst3,3,True,,True,1070,8483.0,4929.0,72.10387502536011,,,,,"[15, 0, 11, 9, 13, 10, 19, 4, 7, 8, 1, 16, 3, 18, 6, 12, 14, 2, 17, 5]",data/results/direct_cot/smtwtp/smtwtp_n20_inst3_run3.json
cot,SMTWTP,CoT,20,smtwtp_n20_inst3,4,True,,True,1764,7167.0,4929.0,45.40474741326841,,,,,"[10, 17, 9, 15, 8, 16, 13, 14, 1, 2, 11, 19, 7, 0, 5, 4, 12, 18, 3, 6]",data/results/direct_cot/smtwtp/smtwtp_n20_inst3_run4.json
cot,SMTWTP,CoT,20,smtwtp_n20_inst3,5,True,,True,1461,8387.0,4929.0,70.15621829985798,,,,,"[15, 0, 11, 9, 13, 10, 19, 4, 7, 1, 8, 16, 18, 3, 14, 6, 12, 2, 17, 5]",data/results/direct_cot/smtwtp/smtwtp_n20_inst3_run5.json
cot,SMTWTP,CoT,20,smtwtp_n20_inst3,6,False,unparseable_response,False,,,4929.0,,,,,,,data/results/direct_cot/smtwtp/smtwtp_n20_inst3_run6.json
cot,SMTWTP,CoT,20,smtwtp_n20_inst3,7,True,,True,1081,8483.0,4929.0,72.10387502536011,,,,,"[15, 0, 9, 11, 13, 10, 19, 4, 7, 8, 1, 16, 3, 18, 6, 12, 14, 2, 17, 5]",data/results/direct_cot/smtwtp/smtwtp_n20_inst3_run7.json
cot,SMTWTP,CoT,20,smtwtp_n20_inst3,8,True,,True,1070,8615.0,4929.0,74.78190302292555,,,,,"[15, 0, 9, 11, 13, 10, 4, 19, 1, 7, 8, 16, 3, 18, 6, 12, 14, 2, 17, 5]",data/results/direct_cot/smtwtp/smtwtp_n20_inst3_run8.json
cot,SMTWTP,CoT,20,smtwtp_n20_inst3,9,True,,True,1234,8483.0,4929.0,72.10387502536011,,,,,"[15, 0, 11, 9, 13, 10, 19, 4, 7, 8, 1, 16, 3, 18, 6, 12, 14, 2, 17, 5]",data/results/direct_cot/smtwtp/smtwtp_n20_inst3_run9.json
cot,SMTWTP,CoT,20,smtwtp_n20_inst4,1,True,,True,1460,8744.0,4490.0,94.74387527839644,,,,,"[19, 4, 2, 18, 12, 0, 11, 15, 8, 10, 6, 9, 14, 7, 13, 3, 5, 1, 16, 17]",data/results/direct_cot/smtwtp/smtwtp_n20_inst4_run1.json
cot,SMTWTP,CoT,20,smtwtp_n20_inst4,10,True,,True,1163,11870.0,4490.0,164.36525612472158,,,,,"[19, 18, 13, 3, 17, 1, 11, 15, 12, 2, 5, 6, 14, 7, 10, 9, 16, 4, 8, 0]",data/results/direct_cot/smtwtp/smtwtp_n20_inst4_run10.json
cot,SMTWTP,CoT,20,smtwtp_n20_inst4,2,True,,True,1234,6192.0,4490.0,37.906458797327396,,,,,"[19, 4, 12, 18, 11, 15, 8, 2, 13, 7, 14, 0, 6, 9, 16, 3, 5, 10, 1, 17]",data/results/direct_cot/smtwtp/smtwtp_n20_inst4_run2.json
cot,SMTWTP,CoT,20,smtwtp_n20_inst4,3,True,,True,1234,12480.0,4490.0,177.95100222717147,,,,,"[15, 18, 19, 12, 7, 8, 13, 14, 9, 17, 11, 6, 5, 16, 10, 1, 3, 0, 2, 4]",data/results/direct_cot/smtwtp/smtwtp_n20_inst4_run3.json
cot,SMTWTP,CoT,20,smtwtp_n20_inst4,4,True,,True,1161,10853.0,4490.0,141.71492204899778,,,,,"[3, 13, 17, 19, 18, 1, 11, 15, 12, 2, 5, 6, 4, 14, 7, 10, 9, 16, 8, 0]",data/results/direct_cot/smtwtp/smtwtp_n20_inst4_run4.json
cot,SMTWTP,CoT,20,smtwtp_n20_inst4,5,True,,True,1234,7431.0,4490.0,65.50111358574611,,,,,"[13, 18, 15, 19, 12, 11, 7, 3, 17, 8, 14, 10, 0, 16, 4, 2, 6, 9, 5, 1]",data/results/direct_cot/smtwtp/smtwtp_n20_inst4_run5.json
cot,SMTWTP,CoT,20,smtwtp_n20_inst4,6,True,,True,1234,12480.0,4490.0,177.95100222717147,,,,,"[15, 18, 19, 12, 7, 8, 13, 14, 9, 17, 11, 6, 5, 16, 10, 1, 3, 0, 2, 4]",data/results/direct_cot/smtwtp/smtwtp_n20_inst4_run6.json
cot,SMTWTP,CoT,20,smtwtp_n20_inst4,7,True,,True,1460,7431.0,4490.0,65.50111358574611,,,,,"[13, 18, 15, 19, 12, 11, 7, 3, 17, 8, 14, 10, 0, 16, 4, 2, 6, 9, 5, 1]",data/results/direct_cot/smtwtp/smtwtp_n20_inst4_run7.json
cot,SMTWTP,CoT,20,smtwtp_n20_inst4,8,True,,True,1234,12480.0,4490.0,177.95100222717147,,,,,"[15, 18, 19, 12, 7, 8, 13, 14, 9, 17, 11, 6, 5, 16, 10, 1, 3, 0, 2, 4]",data/results/direct_cot/smtwtp/smtwtp_n20_inst4_run8.json
cot,SMTWTP,CoT,20,smtwtp_n20_inst4,9,True,,True,1234,12020.0,4490.0,167.70601336302894,,,,,"[15, 18, 19, 12, 7, 8, 13, 14, 9, 11, 17, 6, 5, 16, 1, 10, 3, 0, 2, 4]",data/results/direct_cot/smtwtp/smtwtp_n20_inst4_run9.json
cot,SMTWTP,CoT,25,smtwtp_n25_inst0,1,True,,True,1070,16380.0,5825.0,181.20171673819743,,,,,"[14, 16, 22, 18, 6, 2, 9, 17, 8, 3, 24, 5, 10, 7, 0, 23, 4, 1, 12, 15, 13, 19, 20, 11, 21]",data/results/direct_cot/smtwtp/smtwtp_n25_inst0_run1.json
cot,SMTWTP,CoT,25,smtwtp_n25_inst0,10,True,,True,0,10981.0,5825.0,88.51502145922747,,,,,"[3, 0, 16, 2, 22, 4, 17, 23, 19, 8, 13, 14, 7, 5, 1, 6, 12, 18, 10, 24, 9, 20, 15, 11, 21]",data/results/direct_cot/smtwtp/smtwtp_n25_inst0_run10.json
cot,SMTWTP,CoT,25,smtwtp_n25_inst0,2,True,,True,1234,10050.0,5825.0,72.53218884120172,,,,,"[3, 0, 16, 2, 22, 4, 17, 23, 19, 8, 14, 13, 1, 7, 5, 6, 10, 12, 18, 24, 9, 20, 15, 11, 21]",data/results/direct_cot/smtwtp/smtwtp_n25_inst0_run2.json
cot,SMTWTP,CoT,25,smtwtp_n25_inst0,3,True,,True,1304,24330.0,5825.0,317.6824034334764,,,,,"[19, 3, 0, 16, 22, 2, 23, 11, 4, 9, 13, 17, 8, 1, 15, 20, 24, 21, 14, 18, 12, 7, 6, 10, 5]",data/results/direct_cot/smtwtp/smtwtp_n25_inst0_run3.json
cot,SMTWTP,CoT,25,smtwtp_n25_inst0,4,True,,True,1234,17388.0,5825.0,198.50643776824035,,,,,"[16, 22, 14, 2, 18, 6, 24, 9, 17, 8, 10, 5, 3, 0, 23, 4, 13, 1, 15, 12, 7, 20, 19, 11, 21]",data/results/direct_cot/smtwtp/smtwtp_n25_inst0_run4.json
cot,SMTWTP,CoT,25,smtwtp_n25_inst0,5,True,,True,1234,16372.0,5825.0,181.06437768240343,,,,,"[14, 16, 22, 18, 6, 2, 9, 17, 8, 3, 24, 5, 10, 7, 0, 23, 4, 1, 12, 13, 15, 19, 20, 11, 21]",data/results/direct_cot/smtwtp/smtwtp_n25_inst0_run5.json
cot,SMTWTP,CoT,25,smtwtp_n25_inst0,6,True,,True,1304,16380.0,5825.0,181.20171673819743,,,,,"[14, 16, 22, 18, 6, 2, 9, 17, 8, 3, 24, 5, 10, 7, 0, 23, 4, 1, 12, 15, 13, 19, 20, 11, 21]",data/results/direct_cot/smtwtp/smtwtp_n25_inst0_run6.json
cot,SMTWTP,CoT,25,smtwtp_n25_inst0,7,True,,True,1070,13011.0,5825.0,123.36480686695279,,,,,"[3, 0, 16, 2, 4, 22, 19, 17, 23, 7, 5, 14, 13, 1, 8, 10, 18, 12, 6, 24, 9, 20, 15, 11, 21]",data/results/direct_cot/smtwtp/smtwtp_n25_inst0_run7.json
cot,SMTWTP,CoT,25,smtwtp_n25_inst0,8,True,,True,12556,12361.0,5825.0,112.20600858369099,,,,,"[3, 0, 16, 2, 4, 22, 19, 23, 17, 7, 5, 14, 13, 1, 8, 6, 10, 18, 12, 24, 9, 15, 20, 11, 21]",data/results/direct_cot/smtwtp/smtwtp_n25_inst0_run8.json
cot,SMTWTP,CoT,25,smtwtp_n25_inst0,9,True,,True,1764,16380.0,5825.0,181.20171673819743,,,,,"[14, 16, 22, 18, 6, 2, 9, 17, 8, 3, 24, 5, 10, 7, 0, 23, 4, 1, 12, 15, 13, 19, 20, 11, 21]",data/results/direct_cot/smtwtp/smtwtp_n25_inst0_run9.json
cot,SMTWTP,CoT,25,smtwtp_n25_inst1,1,True,,True,1234,12575.0,7172.0,75.3346346904629,,,,,"[13, 6, 9, 24, 2, 1, 16, 21, 23, 15, 10, 0, 8, 20, 19, 4, 12, 22, 11, 5, 14, 3, 7, 17, 18]",data/results/direct_cot/smtwtp/smtwtp_n25_inst1_run1.json
cot,SMTWTP,CoT,25,smtwtp_n25_inst1,10,True,,True,1234,12408.0,7172.0,73.00613496932516,,,,,"[13, 6, 9, 24, 2, 16, 21, 1, 23, 15, 10, 0, 20, 8, 22, 19, 12, 4, 3, 5, 11, 14, 18, 17, 7]",data/results/direct_cot/smtwtp/smtwtp_n25_inst1_run10.json
cot,SMTWTP,CoT,25,smtwtp_n25_inst1,2,True,,True,1234,12213.0,7172.0,70.287228109314,,,,,"[13, 6, 9, 24, 2, 1, 16, 21, 23, 15, 0, 22, 10, 8, 20, 19, 4, 12, 11, 5, 14, 3, 7, 17, 18]",data/results/direct_cot/smtwtp/smtwtp_n25_inst1_run2.json
cot,SMTWTP,CoT,25,smtwtp_n25_inst1,3,True,,True,1234,12341.0,7172.0,72.07194645844952,,,,,"[13, 6, 9, 2, 24, 1, 16, 21, 23, 15, 0, 10, 8, 20, 19, 4, 12, 22, 11, 5, 14, 3, 7, 17, 18]",data/results/direct_cot/smtwtp/smtwtp_n25_inst1_run3.json
cot,SMTWTP,CoT,25,smtwtp_n25_inst1,4,True,,True,12345,12109.0,7172.0,68.83714445064139,,,,,"[13, 6, 9, 24, 2, 1, 16, 21, 23, 15, 0, 10, 8, 20, 19, 22, 12, 4, 11, 5, 14, 3, 7, 17, 18]",data/results/direct_cot/smtwtp/smtwtp_n25_inst1_run4.json
cot,SMTWTP,CoT,25,smtwtp_n25_inst1,5,True,,True,1234,11950.0,7172.0,66.6201896263246,,,,,"[13, 6, 9, 24, 2, 1, 16, 21, 23, 15, 10, 0, 22, 8, 20, 19, 12, 4, 5, 14, 11, 18, 17, 3, 7]",data/results/direct_cot/smtwtp/smtwtp_n25_inst1_run5.json
cot,SMTWTP,CoT,25,smtwtp_n25_inst1,6,True,,True,1234,12106.0,7172.0,68.79531511433352,,,,,"[13, 6, 9, 2, 24, 1, 16, 21, 23, 10, 15, 0, 22, 8, 20, 19, 12, 4, 5, 11, 14, 17, 18, 3, 7]",data/results/direct_cot/smtwtp/smtwtp_n25_inst1_run6.json
cot,SMTWTP,CoT,25,smtwtp_n25_inst1,7,True,,True,1234,11334.0,7172.0,58.03123257110987,,,,,"[9, 24, 15, 0, 6, 8, 16, 19, 1, 11, 13, 21, 4, 23, 14, 12, 18, 2, 10, 5, 22, 20, 17, 7, 3]",data/results/direct_cot/smtwtp/smtwtp_n25_inst1_run7.json
cot,SMTWTP,CoT,25,smtwtp_n25_inst1,8,True,,True,1234,12106.0,7172.0,68.79531511433352,,,,,"[13, 6, 9, 2, 24, 1, 16, 21, 23, 10, 15, 0, 22, 8, 20, 19, 4, 12, 5, 11, 14, 17, 18, 3, 7]",data/results/direct_cot/smtwtp/smtwtp_n25_inst1_run8.json
cot,SMTWTP,CoT,25,smtwtp_n25_inst1,9,True,,True,1234,12109.0,7172.0,68.83714445064139,,,,,"[13, 6, 9, 2, 24, 1, 16, 21, 23, 15, 0, 10, 8, 20, 19, 22, 12, 4, 11, 5, 14, 3, 7, 17, 18]",data/results/direct_cot/smtwtp/smtwtp_n25_inst1_run9.json
cot,SMTWTP,CoT,25,smtwtp_n25_inst2,1,True,,True,1080,15438.0,6639.0,132.5350203343877,,,,,"[19, 24, 11, 22, 4, 15, 10, 2, 3, 13, 9, 7, 17, 16, 5, 21, 8, 0, 14, 20, 18, 23, 6, 12, 1]",data/results/direct_cot/smtwtp/smtwtp_n25_inst2_run1.json
cot,SMTWTP,CoT,25,smtwtp_n25_inst2,10,True,,True,1080,22913.0,6639.0,245.12727820454887,,,,,"[11, 22, 4, 24, 5, 1, 17, 13, 0, 23, 2, 20, 10, 18, 19, 21, 15, 14, 6, 16, 3, 7, 8, 12, 9]",data/results/direct_cot/smtwtp/smtwtp_n25_inst2_run10.json
cot,SMTWTP,CoT,25,smtwtp_n25_inst2,2,True,,True,12345,14812.0,6639.0,123.1058894411809,,,,,"[19, 24, 11, 22, 4, 15, 10, 2, 3, 17, 13, 7, 9, 16, 5, 21, 8, 0, 14, 20, 18, 23, 6, 12, 1]",data/results/direct_cot/smtwtp/smtwtp_n25_inst2_run2.json
cot,SMTWTP,CoT,25,smtwtp_n25_inst2,3,True,,True,12345,14817.0,6639.0,123.18120198825125,,,,,"[19, 24, 11, 22, 4, 15, 10, 2, 3, 17, 13, 7, 9, 16, 21, 5, 8, 0, 14, 20, 18, 23, 6, 12, 1]",data/results/direct_cot/smtwtp/smtwtp_n25_inst2_run3.json
cot,SMTWTP,CoT,25,smtwtp_n25_inst2,4,True,,True,1234,15305.0,6639.0,130.53170658231662,,,,,"[19, 24, 11, 22, 4, 15, 10, 2, 3, 17, 13, 9, 16, 21, 5, 8, 0, 14, 18, 23, 20, 1, 6, 12, 7]",data/results/direct_cot/smtwtp/smtwtp_n25_inst2_run4.json
cot,SMTWTP,CoT,25,smtwtp_n25_inst2,5,True,,True,1070,13576.0,6639.0,104.48862780539238,,,,,"[19, 24, 11, 4, 15, 2, 3, 10, 17, 13, 22, 21, 16, 5, 9, 0, 8, 23, 20, 14, 18, 6, 12, 7, 1]",data/results/direct_cot/smtwtp/smtwtp_n25_inst2_run5.json
cot,SMTWTP,CoT,25,smtwtp_n25_inst2,6,True,,False,1234,,6639.0,,,,,,"[19, 24, 11, 22, 4, 15, 10, 2, 3, 17, 13, 9, 7, 13, 16, 21, 5, 8, 0, 14, 18, 20, 23, 6, 12, 1]",data/results/direct_cot/smtwtp/smtwtp_n25_inst2_run6.json
cot,SMTWTP,CoT,25,smtwtp_n25_inst2,7,True,,True,10892,14815.0,6639.0,123.15107696942312,,,,,"[19, 24, 11, 22, 4, 15, 10, 2, 3, 17, 13, 7, 9, 16, 5, 21, 8, 0, 20, 14, 18, 23, 6, 12, 1]",data/results/direct_cot/smtwtp/smtwtp_n25_inst2_run7.json
cot,SMTWTP,CoT,25,smtwtp_n25_inst2,8,True,,True,2053,14817.0,6639.0,123.18120198825125,,,,,"[19, 24, 11, 22, 4, 15, 10, 2, 3, 17, 13, 7, 9, 16, 21, 5, 8, 0, 14, 20, 18, 23, 6, 12, 1]",data/results/direct_cot/smtwtp/smtwtp_n25_inst2_run8.json
cot,SMTWTP,CoT,25,smtwtp_n25_inst2,9,True,,True,10892,14815.0,6639.0,123.15107696942312,,,,,"[19, 24, 11, 22, 4, 15, 10, 2, 3, 17, 13, 7, 9, 16, 5, 21, 8, 0, 20, 14, 18, 23, 6, 12, 1]",data/results/direct_cot/smtwtp/smtwtp_n25_inst2_run9.json
cot,SMTWTP,CoT,25,smtwtp_n25_inst3,1,True,,True,1070,12904.0,6457.0,99.84512931702028,,,,,"[4, 12, 18, 9, 8, 1, 2, 21, 20, 3, 7, 10, 23, 17, 16, 14, 13, 0, 19, 5, 11, 6, 24, 22, 15]",data/results/direct_cot/smtwtp/smtwtp_n25_inst3_run1.json
cot,SMTWTP,CoT,25,smtwtp_n25_inst3,10,True,,True,1080,12646.0,6457.0,95.84946569614372,,,,,"[4, 12, 18, 9, 8, 1, 2, 21, 20, 3, 11, 10, 7, 23, 17, 16, 14, 13, 0, 19, 5, 22, 24, 6, 15]",data/results/direct_cot/smtwtp/smtwtp_n25_inst3_run10.json
cot,SMTWTP,CoT,25,smtwtp_n25_inst3,2,True,,True,1234,12904.0,6457.0,99.84512931702028,,,,,"[4, 12, 18, 9, 8, 1, 2, 21, 20, 3, 7, 10, 23, 17, 16, 14, 13, 0, 19, 5, 11, 6, 24, 22, 15]",data/results/direct_cot/smtwtp/smtwtp_n25_inst3_run2.json
cot,SMTWTP,CoT,25,smtwtp_n25_inst3,3,True,,True,1234,12646.0,6457.0,95.84946569614372,,,,,"[4, 12, 18, 9, 8, 1, 2, 21, 20, 3, 11, 10, 7, 23, 17, 16, 14, 13, 0, 19, 5, 22, 24, 6, 15]",data/results/direct_cot/smtwtp/smtwtp_n25_inst3_run3.json
cot,SMTWTP,CoT,25,smtwtp_n25_inst3,4,True,,True,1080,12646.0,6457.0,95.84946569614372,,,,,"[4, 12, 18, 9, 8, 1, 2, 21, 20, 3, 11, 10, 7, 23, 17, 16, 14, 13, 0, 19, 5, 22, 24, 6, 15]",data/results/direct_cot/smtwtp/smtwtp_n25_inst3_run4.json
cot,SMTWTP,CoT,25,smtwtp_n25_inst3,5,True,,True,12345,12646.0,6457.0,95.84946569614372,,,,,"[4, 12, 18, 9, 8, 1, 2, 21, 20, 3, 11, 10, 7, 23, 17, 16, 14, 13, 0, 19, 5, 22, 24, 6, 15]",data/results/direct_cot/smtwtp/smtwtp_n25_inst3_run5.json
cot,SMTWTP,CoT,25,smtwtp_n25_inst3,6,True,,True,1070,12646.0,6457.0,95.84946569614372,,,,,"[4, 12, 18, 9, 8, 1, 2, 21, 20, 3, 11, 10, 7, 23, 17, 16, 14, 13, 0, 19, 5, 22, 24, 6, 15]",data/results/direct_cot/smtwtp/smtwtp_n25_inst3_run6.json
cot,SMTWTP,CoT,25,smtwtp_n25_inst3,7,True,,True,1080,12902.0,6457.0,99.81415518042435,,,,,"[4, 12, 18, 9, 8, 1, 2, 21, 20, 3, 10, 7, 23, 17, 16, 14, 13, 0, 19, 5, 11, 6, 22, 24, 15]",data/results/direct_cot/smtwtp/smtwtp_n25_inst3_run7.json
cot,SMTWTP,CoT,25,smtwtp_n25_inst3,8,True,,True,1234,12932.0,6457.0,100.27876722936348,,,,,"[4, 12, 18, 9, 8, 1, 2, 21, 20, 3, 10, 7, 23, 17, 16, 14, 13, 0, 19, 5, 11, 6, 15, 24, 22]",data/results/direct_cot/smtwtp/smtwtp_n25_inst3_run8.json
cot,SMTWTP,CoT,25,smtwtp_n25_inst3,9,True,,True,10712,12646.0,6457.0,95.84946569614372,,,,,"[4, 9, 12, 18, 8, 1, 2, 21, 20, 3, 11, 10, 7, 23, 17, 16, 14, 13, 0, 19, 5, 22, 24, 6, 15]",data/results/direct_cot/smtwtp/smtwtp_n25_inst3_run9.json
cot,SMTWTP,CoT,25,smtwtp_n25_inst4,1,False,unparseable_response,False,,,6741.0,,,,,,,data/results/direct_cot/smtwtp/smtwtp_n25_inst4_run1.json
cot,SMTWTP,CoT,25,smtwtp_n25_inst4,10,True,,True,10810,11438.0,6741.0,69.67808930425753,,,,,"[3, 24, 2, 21, 9, 20, 15, 14, 5, 11, 19, 6, 22, 17, 23, 16, 0, 13, 18, 8, 4, 7, 1, 10, 12]",data/results/direct_cot/smtwtp/smtwtp_n25_inst4_run10.json
cot,SMTWTP,CoT,25,smtwtp_n25_inst4,2,True,,True,12345,12153.0,6741.0,80.28482421005786,,,,,"[3, 24, 2, 9, 21, 20, 15, 14, 5, 11, 19, 6, 17, 23, 22, 13, 16, 0, 8, 18, 7, 4, 1, 10, 12]",data/results/direct_cot/smtwtp/smtwtp_n25_inst4_run2.json
cot,SMTWTP,CoT,25,smtwtp_n25_inst4,3,True,,True,10892,11438.0,6741.0,69.67808930425753,,,,,"[3, 24, 2, 9, 21, 20, 15, 14, 5, 11, 6, 19, 22, 17, 23, 16, 0, 13, 18, 8, 4, 7, 1, 10, 12]",data/results/direct_cot/smtwtp/smtwtp_n25_inst4_run3.json
cot,SMTWTP,CoT,25,smtwtp_n25_inst4,4,True,,True,10792,13567.0,6741.0,101.26094051327696,,,,,"[21, 14, 22, 24, 2, 5, 15, 9, 11, 23, 20, 3, 1, 19, 12, 10, 8, 18, 0, 16, 17, 13, 7, 4, 6]",data/results/direct_cot/smtwtp/smtwtp_n25_inst4_run4.json
cot,SMTWTP,CoT,25,smtwtp_n25_inst4,5,True,,True,Berechnung erforderlich,13334.0,6741.0,97.8044800474707,,,,,"[3, 24, 2, 21, 9, 20, 15, 14, 5, 11, 19, 6, 17, 23, 22, 13, 18, 8, 4, 7, 1, 16, 0, 10, 12]",data/results/direct_cot/smtwtp/smtwtp_n25_inst4_run5.json
cot,SMTWTP,CoT,25,smtwtp_n25_inst4,6,True,,True,10864,9999.0,6741.0,48.33110814419226,,,,,"[21, 14, 22, 24, 2, 5, 15, 9, 11, 20, 23, 3, 16, 17, 0, 18, 13, 7, 4, 6, 19, 12, 10, 8, 1]",data/results/direct_cot/smtwtp/smtwtp_n25_inst4_run6.json
cot,SMTWTP,CoT,25,smtwtp_n25_inst4,7,True,,True,12345,9999.0,6741.0,48.33110814419226,,,,,"[21, 14, 22, 24, 2, 5, 15, 9, 11, 23, 20, 3, 16, 17, 0, 18, 13, 7, 4, 6, 19, 12, 10, 8, 1]",data/results/direct_cot/smtwtp/smtwtp_n25_inst4_run7.json
cot,SMTWTP,CoT,25,smtwtp_n25_inst4,8,True,,True,10813,13114.0,6741.0,94.54086930722445,,,,,"[3, 24, 2, 21, 9, 20, 15, 14, 5, 11, 6, 19, 17, 23, 22, 13, 18, 8, 4, 7, 16, 0, 1, 10, 12]",data/results/direct_cot/smtwtp/smtwtp_n25_inst4_run8.json
cot,SMTWTP,CoT,25,smtwtp_n25_inst4,9,True,,True,12345,9999.0,6741.0,48.33110814419226,,,,,"[21, 14, 22, 24, 2, 5, 15, 9, 11, 20, 23, 3, 16, 17, 0, 18, 13, 7, 4, 6, 19, 12, 10, 8, 1]",data/results/direct_cot/smtwtp/smtwtp_n25_inst4_run9.json
cot,SMTWTP,CoT,5,smtwtp_n5_inst0,1,True,,True,686,686.0,630.0,8.88888888888889,,,,,"[3, 4, 0, 2, 1]",data/results/direct_cot/smtwtp/smtwtp_n5_inst0_run1.json
cot,SMTWTP,CoT,5,smtwtp_n5_inst0,10,True,,True,936,936.0,630.0,48.57142857142857,,,,,"[4, 0, 2, 3, 1]",data/results/direct_cot/smtwtp/smtwtp_n5_inst0_run10.json
cot,SMTWTP,CoT,5,smtwtp_n5_inst0,2,True,,True,936,936.0,630.0,48.57142857142857,,,,,"[4, 0, 2, 3, 1]",data/results/direct_cot/smtwtp/smtwtp_n5_inst0_run2.json
cot,SMTWTP,CoT,5,smtwtp_n5_inst0,3,True,,True,936,936.0,630.0,48.57142857142857,,,,,"[4, 0, 2, 3, 1]",data/results/direct_cot/smtwtp/smtwtp_n5_inst0_run3.json
cot,SMTWTP,CoT,5,smtwtp_n5_inst0,4,True,,True,936,936.0,630.0,48.57142857142857,,,,,"[4, 0, 2, 3, 1]",data/results/direct_cot/smtwtp/smtwtp_n5_inst0_run4.json
cot,SMTWTP,CoT,5,smtwtp_n5_inst0,5,True,,True,936,936.0,630.0,48.57142857142857,,,,,"[4, 0, 2, 3, 1]",data/results/direct_cot/smtwtp/smtwtp_n5_inst0_run5.json
cot,SMTWTP,CoT,5,smtwtp_n5_inst0,6,True,,True,936,936.0,630.0,48.57142857142857,,,,,"[4, 0, 2, 3, 1]",data/results/direct_cot/smtwtp/smtwtp_n5_inst0_run6.json
cot,SMTWTP,CoT,5,smtwtp_n5_inst0,7,True,,True,936,936.0,630.0,48.57142857142857,,,,,"[4, 0, 2, 3, 1]",data/results/direct_cot/smtwtp/smtwtp_n5_inst0_run7.json
cot,SMTWTP,CoT,5,smtwtp_n5_inst0,8,True,,True,936,936.0,630.0,48.57142857142857,,,,,"[4, 0, 2, 3, 1]",data/results/direct_cot/smtwtp/smtwtp_n5_inst0_run8.json
cot,SMTWTP,CoT,5,smtwtp_n5_inst0,9,True,,True,936,936.0,630.0,48.57142857142857,,,,,"[4, 0, 2, 3, 1]",data/results/direct_cot/smtwtp/smtwtp_n5_inst0_run9.json
cot,SMTWTP,CoT,5,smtwtp_n5_inst1,1,True,,True,1017,1017.0,877.0,15.96351197263398,,,,,"[3, 4, 0, 2, 1]",data/results/direct_cot/smtwtp/smtwtp_n5_inst1_run1.json
cot,SMTWTP,CoT,5,smtwtp_n5_inst1,10,True,,True,1017,1017.0,877.0,15.96351197263398,,,,,"[3, 4, 0, 2, 1]",data/results/direct_cot/smtwtp/smtwtp_n5_inst1_run10.json
cot,SMTWTP,CoT,5,smtwtp_n5_inst1,2,True,,True,1017,1017.0,877.0,15.96351197263398,,,,,"[3, 4, 0, 2, 1]",data/results/direct_cot/smtwtp/smtwtp_n5_inst1_run2.json
cot,SMTWTP,CoT,5,smtwtp_n5_inst1,3,True,,True,1017,1017.0,877.0,15.96351197263398,,,,,"[3, 4, 0, 2, 1]",data/results/direct_cot/smtwtp/smtwtp_n5_inst1_run3.json
cot,SMTWTP,CoT,5,smtwtp_n5_inst1,4,True,,True,1017,1017.0,877.0,15.96351197263398,,,,,"[3, 4, 0, 2, 1]",data/results/direct_cot/smtwtp/smtwtp_n5_inst1_run4.json
cot,SMTWTP,CoT,5,smtwtp_n5_inst1,5,True,,True,1017,1017.0,877.0,15.96351197263398,,,,,"[3, 4, 0, 2, 1]",data/results/direct_cot/smtwtp/smtwtp_n5_inst1_run5.json
cot,SMTWTP,CoT,5,smtwtp_n5_inst1,6,True,,True,1017,1017.0,877.0,15.96351197263398,,,,,"[3, 4, 0, 2, 1]",data/results/direct_cot/smtwtp/smtwtp_n5_inst1_run6.json
cot,SMTWTP,CoT,5,smtwtp_n5_inst1,7,True,,True,1017,1017.0,877.0,15.96351197263398,,,,,"[3, 4, 0, 2, 1]",data/results/direct_cot/smtwtp/smtwtp_n5_inst1_run7.json
cot,SMTWTP,CoT,5,smtwtp_n5_inst1,8,True,,True,1017,1017.0,877.0,15.96351197263398,,,,,"[3, 4, 0, 2, 1]",data/results/direct_cot/smtwtp/smtwtp_n5_inst1_run8.json
cot,SMTWTP,CoT,5,smtwtp_n5_inst1,9,True,,True,1017,1017.0,877.0,15.96351197263398,,,,,"[3, 4, 0, 2, 1]",data/results/direct_cot/smtwtp/smtwtp_n5_inst1_run9.json
cot,SMTWTP,CoT,5,smtwtp_n5_inst2,1,True,,True,1161,1569.0,1542.0,1.7509727626459144,,,,,"[2, 0, 3, 4, 1]",data/results/direct_cot/smtwtp/smtwtp_n5_inst2_run1.json
cot,SMTWTP,CoT,5,smtwtp_n5_inst2,10,True,,True,1542,1542.0,1542.0,0.0,,,,,"[2, 3, 0, 4, 1]",data/results/direct_cot/smtwtp/smtwtp_n5_inst2_run10.json
cot,SMTWTP,CoT,5,smtwtp_n5_inst2,2,True,,True,1542,1542.0,1542.0,0.0,,,,,"[2, 3, 0, 4, 1]",data/results/direct_cot/smtwtp/smtwtp_n5_inst2_run2.json
cot,SMTWTP,CoT,5,smtwtp_n5_inst2,3,True,,True,1542,1542.0,1542.0,0.0,,,,,"[2, 3, 0, 4, 1]",data/results/direct_cot/smtwtp/smtwtp_n5_inst2_run3.json
cot,SMTWTP,CoT,5,smtwtp_n5_inst2,4,True,,True,1542,1542.0,1542.0,0.0,,,,,"[2, 3, 0, 4, 1]",data/results/direct_cot/smtwtp/smtwtp_n5_inst2_run4.json
cot,SMTWTP,CoT,5,smtwtp_n5_inst2,5,True,,True,1542,1542.0,1542.0,0.0,,,,,"[2, 3, 0, 4, 1]",data/results/direct_cot/smtwtp/smtwtp_n5_inst2_run5.json
cot,SMTWTP,CoT,5,smtwtp_n5_inst2,6,True,,True,1542,1542.0,1542.0,0.0,,,,,"[2, 3, 0, 4, 1]",data/results/direct_cot/smtwtp/smtwtp_n5_inst2_run6.json
cot,SMTWTP,CoT,5,smtwtp_n5_inst2,7,True,,True,1542,1542.0,1542.0,0.0,,,,,"[2, 3, 0, 4, 1]",data/results/direct_cot/smtwtp/smtwtp_n5_inst2_run7.json
cot,SMTWTP,CoT,5,smtwtp_n5_inst2,8,True,,True,1542,1542.0,1542.0,0.0,,,,,"[2, 3, 0, 4, 1]",data/results/direct_cot/smtwtp/smtwtp_n5_inst2_run8.json
cot,SMTWTP,CoT,5,smtwtp_n5_inst2,9,True,,True,1542,1542.0,1542.0,0.0,,,,,"[2, 3, 0, 4, 1]",data/results/direct_cot/smtwtp/smtwtp_n5_inst2_run9.json
cot,SMTWTP,CoT,5,smtwtp_n5_inst3,1,True,,True,328,328.0,182.0,80.21978021978022,,,,,"[1, 2, 4, 0, 3]",data/results/direct_cot/smtwtp/smtwtp_n5_inst3_run1.json
cot,SMTWTP,CoT,5,smtwtp_n5_inst3,10,True,,True,328,328.0,182.0,80.21978021978022,,,,,"[1, 2, 4, 0, 3]",data/results/direct_cot/smtwtp/smtwtp_n5_inst3_run10.json
cot,SMTWTP,CoT,5,smtwtp_n5_inst3,2,True,,True,328,328.0,182.0,80.21978021978022,,,,,"[1, 2, 4, 0, 3]",data/results/direct_cot/smtwtp/smtwtp_n5_inst3_run2.json
cot,SMTWTP,CoT,5,smtwtp_n5_inst3,3,True,,True,328,328.0,182.0,80.21978021978022,,,,,"[1, 2, 4, 0, 3]",data/results/direct_cot/smtwtp/smtwtp_n5_inst3_run3.json
cot,SMTWTP,CoT,5,smtwtp_n5_inst3,4,True,,True,328,328.0,182.0,80.21978021978022,,,,,"[1, 2, 4, 0, 3]",data/results/direct_cot/smtwtp/smtwtp_n5_inst3_run4.json
cot,SMTWTP,CoT,5,smtwtp_n5_inst3,5,True,,True,328,328.0,182.0,80.21978021978022,,,,,"[1, 2, 4, 0, 3]",data/results/direct_cot/smtwtp/smtwtp_n5_inst3_run5.json
cot,SMTWTP,CoT,5,smtwtp_n5_inst3,6,True,,True,328,328.0,182.0,80.21978021978022,,,,,"[1, 2, 4, 0, 3]",data/results/direct_cot/smtwtp/smtwtp_n5_inst3_run6.json
cot,SMTWTP,CoT,5,smtwtp_n5_inst3,7,True,,True,328,328.0,182.0,80.21978021978022,,,,,"[1, 2, 4, 0, 3]",data/results/direct_cot/smtwtp/smtwtp_n5_inst3_run7.json
cot,SMTWTP,CoT,5,smtwtp_n5_inst3,8,True,,True,328,328.0,182.0,80.21978021978022,,,,,"[1, 2, 4, 0, 3]",data/results/direct_cot/smtwtp/smtwtp_n5_inst3_run8.json
cot,SMTWTP,CoT,5,smtwtp_n5_inst3,9,True,,True,328,328.0,182.0,80.21978021978022,,,,,"[1, 2, 4, 0, 3]",data/results/direct_cot/smtwtp/smtwtp_n5_inst3_run9.json
cot,SMTWTP,CoT,5,smtwtp_n5_inst4,1,True,,True,552,552.0,552.0,0.0,,,,,"[0, 2, 1, 4, 3]",data/results/direct_cot/smtwtp/smtwtp_n5_inst4_run1.json
cot,SMTWTP,CoT,5,smtwtp_n5_inst4,10,True,,True,552,552.0,552.0,0.0,,,,,"[0, 2, 1, 4, 3]",data/results/direct_cot/smtwtp/smtwtp_n5_inst4_run10.json
cot,SMTWTP,CoT,5,smtwtp_n5_inst4,2,True,,True,552,552.0,552.0,0.0,,,,,"[0, 2, 1, 4, 3]",data/results/direct_cot/smtwtp/smtwtp_n5_inst4_run2.json
cot,SMTWTP,CoT,5,smtwtp_n5_inst4,3,True,,True,552,552.0,552.0,0.0,,,,,"[0, 2, 1, 4, 3]",data/results/direct_cot/smtwtp/smtwtp_n5_inst4_run3.json
cot,SMTWTP,CoT,5,smtwtp_n5_inst4,4,True,,True,552,552.0,552.0,0.0,,,,,"[0, 2, 1, 4, 3]",data/results/direct_cot/smtwtp/smtwtp_n5_inst4_run4.json
cot,SMTWTP,CoT,5,smtwtp_n5_inst4,5,True,,True,552,552.0,552.0,0.0,,,,,"[0, 2, 1, 4, 3]",data/results/direct_cot/smtwtp/smtwtp_n5_inst4_run5.json
cot,SMTWTP,CoT,5,smtwtp_n5_inst4,6,True,,True,552,552.0,552.0,0.0,,,,,"[0, 2, 1, 4, 3]",data/results/direct_cot/smtwtp/smtwtp_n5_inst4_run6.json
cot,SMTWTP,CoT,5,smtwtp_n5_inst4,7,True,,True,552,552.0,552.0,0.0,,,,,"[0, 2, 1, 4, 3]",data/results/direct_cot/smtwtp/smtwtp_n5_inst4_run7.json
cot,SMTWTP,CoT,5,smtwtp_n5_inst4,8,True,,True,552,552.0,552.0,0.0,,,,,"[0, 2, 1, 4, 3]",data/results/direct_cot/smtwtp/smtwtp_n5_inst4_run8.json
cot,SMTWTP,CoT,5,smtwtp_n5_inst4,9,True,,True,552,552.0,552.0,0.0,,,,,"[0, 2, 1, 4, 3]",data/results/direct_cot/smtwtp/smtwtp_n5_inst4_run9.json
cot,SICLSP,CoT,10,siclsp_T10_inst0,1,True,,False,2979,,2745.0,,,,,,"{""1"": 33, ""2"": 50, ""3"": 34, ""4"": 22, ""5"": 30, ""6"": 36, ""7"": 50, ""8"": 27, ""9"": 22, ""10"": 42}",data/results/direct_cot_siclsp_final/siclsp/siclsp_T10_inst0_run1.json
cot,SICLSP,CoT,10,siclsp_T10_inst0,10,True,,False,2970,,2745.0,,,,,,"{""1"": 33, ""2"": 50, ""3"": 34, ""4"": 25, ""5"": 33, ""6"": 36, ""7"": 50, ""8"": 29, ""9"": 24, ""10"": 42}",data/results/direct_cot_siclsp_final/siclsp/siclsp_T10_inst0_run10.json
cot,SICLSP,CoT,10,siclsp_T10_inst0,2,True,,False,2970,,2745.0,,,,,,"{""1"": 33, ""2"": 50, ""3"": 34, ""4"": 22, ""5"": 30, ""6"": 36, ""7"": 50, ""8"": 27, ""9"": 22, ""10"": 42}",data/results/direct_cot_siclsp_final/siclsp/siclsp_T10_inst0_run2.json
cot,SICLSP,CoT,10,siclsp_T10_inst0,3,True,,False,2970,,2745.0,,,,,,"{""1"": 33, ""2"": 50, ""3"": 34, ""4"": 25, ""5"": 33, ""6"": 36, ""7"": 50, ""8"": 29, ""9"": 24, ""10"": 42}",data/results/direct_cot_siclsp_final/siclsp/siclsp_T10_inst0_run3.json
cot,SICLSP,CoT,10,siclsp_T10_inst0,4,True,,False,2970,,2745.0,,,,,,"{""1"": 33, ""2"": 50, ""3"": 34, ""4"": 25, ""5"": 33, ""6"": 36, ""7"": 50, ""8"": 29, ""9"": 24, ""10"": 42}",data/results/direct_cot_siclsp_final/siclsp/siclsp_T10_inst0_run4.json
cot,SICLSP,CoT,10,siclsp_T10_inst0,5,True,,False,3034,,2745.0,,,,,,"{""1"": 36, ""2"": 47, ""3"": 41, ""4"": 18, ""5"": 39, ""6"": 30, ""7"": 50, ""8"": 27, ""9"": 22, ""10"": 42}",data/results/direct_cot_siclsp_final/siclsp/siclsp_T10_inst0_run5.json
cot,SICLSP,CoT,10,siclsp_T10_inst0,6,True,,False,2970,,2745.0,,,,,,"{""1"": 33, ""2"": 50, ""3"": 34, ""4"": 25, ""5"": 33, ""6"": 36, ""7"": 50, ""8"": 29, ""9"": 24, ""10"": 42}",data/results/direct_cot_siclsp_final/siclsp/siclsp_T10_inst0_run6.json
cot,SICLSP,CoT,10,siclsp_T10_inst0,7,True,,False,2979,,2745.0,,,,,,"{""1"": 33, ""2"": 50, ""3"": 34, ""4"": 22, ""5"": 30, ""6"": 36, ""7"": 50, ""8"": 27, ""9"": 22, ""10"": 42}",data/results/direct_cot_siclsp_final/siclsp/siclsp_T10_inst0_run7.json
cot,SICLSP,CoT,10,siclsp_T10_inst0,8,True,,False,2970,,2745.0,,,,,,"{""1"": 33, ""2"": 50, ""3"": 34, ""4"": 25, ""5"": 33, ""6"": 36, ""7"": 50, ""8"": 29, ""9"": 24, ""10"": 42}",data/results/direct_cot_siclsp_final/siclsp/siclsp_T10_inst0_run8.json
cot,SICLSP,CoT,10,siclsp_T10_inst0,9,True,,False,2990,,2745.0,,,,,,"{""1"": 33, ""2"": 50, ""3"": 34, ""4"": 22, ""5"": 33, ""6"": 36, ""7"": 50, ""8"": 27, ""9"": 24, ""10"": 42}",data/results/direct_cot_siclsp_final/siclsp/siclsp_T10_inst0_run9.json
cot,SICLSP,CoT,10,siclsp_T10_inst1,1,True,,False,2292,,2756.0,,,,,,"{""1"": 15, ""2"": 29, ""3"": 23, ""4"": 32, ""5"": 22, ""6"": 22, ""7"": 51, ""8"": 42, ""9"": 40, ""10"": 36}",data/results/direct_cot_siclsp_final/siclsp/siclsp_T10_inst1_run1.json
cot,SICLSP,CoT,10,siclsp_T10_inst1,10,False,unparseable_response,False,,,2756.0,,,,,,,data/results/direct_cot_siclsp_final/siclsp/siclsp_T10_inst1_run10.json
cot,SICLSP,CoT,10,siclsp_T10_inst1,2,True,,False,2674,,2756.0,,,,,,"{""1"": 15, ""2"": 29, ""3"": 21, ""4"": 32, ""5"": 22, ""6"": 22, ""7"": 47, ""8"": 42, ""9"": 40, ""10"": 36}",data/results/direct_cot_siclsp_final/siclsp/siclsp_T10_inst1_run2.json
cot,SICLSP,CoT,10,siclsp_T10_inst1,3,True,,False,2653,,2756.0,,,,,,"{""1"": 23, ""2"": 22, ""3"": 22, ""4"": 32, ""5"": 27, ""6"": 22, ""7"": 47, ""8"": 42, ""9"": 40, ""10"": 36}",data/results/direct_cot_siclsp_final/siclsp/siclsp_T10_inst1_run3.json
cot,SICLSP,CoT,10,siclsp_T10_inst1,4,False,unparseable_response,False,,,2756.0,,,,,,,data/results/direct_cot_siclsp_final/siclsp/siclsp_T10_inst1_run4.json
cot,SICLSP,CoT,10,siclsp_T10_inst1,5,True,,False,2293,,2756.0,,,,,,"{""1"": 15, ""2"": 29, ""3"": 21, ""4"": 32, ""5"": 22, ""6"": 22, ""7"": 43, ""8"": 42, ""9"": 40, ""10"": 36}",data/results/direct_cot_siclsp_final/siclsp/siclsp_T10_inst1_run5.json
cot,SICLSP,CoT,10,siclsp_T10_inst1,6,True,,False,2654,,2756.0,,,,,,"{""1"": 15, ""2"": 30, ""3"": 25, ""4"": 37, ""5"": 27, ""6"": 26, ""7"": 47, ""8"": 42, ""9"": 40, ""10"": 36}",data/results/direct_cot_siclsp_final/siclsp/siclsp_T10_inst1_run6.json
cot,SICLSP,CoT,10,siclsp_T10_inst1,7,False,unparseable_response,False,,,2756.0,,,,,,,data/results/direct_cot_siclsp_final/siclsp/siclsp_T10_inst1_run7.json
cot,SICLSP,CoT,10,siclsp_T10_inst1,8,False,unparseable_response,False,,,2756.0,,,,,,,data/results/direct_cot_siclsp_final/siclsp/siclsp_T10_inst1_run8.json
cot,SICLSP,CoT,10,siclsp_T10_inst1,9,True,,False,2294,,2756.0,,,,,,"{""1"": 15, ""2"": 29, ""3"": 23, ""4"": 32, ""5"": 26, ""6"": 22, ""7"": 47, ""8"": 42, ""9"": 40, ""10"": 36}",data/results/direct_cot_siclsp_final/siclsp/siclsp_T10_inst1_run9.json
cot,SICLSP,CoT,10,siclsp_T10_inst2,1,True,,True,3187,3098.0,2555.0,21.252446183953033,,,,,"{""1"": 22, ""2"": 32, ""3"": 40, ""4"": 21, ""5"": 35, ""6"": 13, ""7"": 10, ""8"": 17, ""9"": 50, ""10"": 44}",data/results/direct_cot_siclsp_final/siclsp/siclsp_T10_inst2_run1.json
cot,SICLSP,CoT,10,siclsp_T10_inst2,10,True,,False,3091,,2555.0,,,,,,"{""1"": 22, ""2"": 32, ""3"": 40, ""4"": 21, ""5"": 31, ""6"": 13, ""7"": 6, ""8"": 17, ""9"": 49, ""10"": 45}",data/results/direct_cot_siclsp_final/siclsp/siclsp_T10_inst2_run10.json
cot,SICLSP,CoT,10,siclsp_T10_inst2,2,True,,False,2787,,2555.0,,,,,,"{""1"": 31, ""2"": 23, ""3"": 40, ""4"": 21, ""5"": 35, ""6"": 13, ""7"": 10, ""8"": 17, ""9"": 49, ""10"": 45}",data/results/direct_cot_siclsp_final/siclsp/siclsp_T10_inst2_run2.json
cot,SICLSP,CoT,10,siclsp_T10_inst2,3,False,unparseable_response,False,,,2555.0,,,,,,,data/results/direct_cot_siclsp_final/siclsp/siclsp_T10_inst2_run3.json
cot,SICLSP,CoT,10,siclsp_T10_inst2,4,True,,True,3187,3098.0,2555.0,21.252446183953033,,,,,"{""1"": 22, ""2"": 32, ""3"": 40, ""4"": 21, ""5"": 35, ""6"": 13, ""7"": 10, ""8"": 17, ""9"": 50, ""10"": 44}",data/results/direct_cot_siclsp_final/siclsp/siclsp_T10_inst2_run4.json
cot,SICLSP,CoT,10,siclsp_T10_inst2,5,True,,False,0,,2555.0,,,,,,"{""1"": 22, ""2"": 23, ""3"": 13, ""4"": 0, ""5"": 9, ""6"": 0, ""7"": 0, ""8"": 5, ""9"": 31, ""10"": 0}",data/results/direct_cot_siclsp_final/siclsp/siclsp_T10_inst2_run5.json
cot,SICLSP,CoT,10,siclsp_T10_inst2,6,True,,False,2877,,2555.0,,,,,,"{""1"": 22, ""2"": 32, ""3"": 40, ""4"": 21, ""5"": 31, ""6"": 13, ""7"": 10, ""8"": 17, ""9"": 49, ""10"": 44}",data/results/direct_cot_siclsp_final/siclsp/siclsp_T10_inst2_run6.json
cot,SICLSP,CoT,10,siclsp_T10_inst2,7,True,,False,2787,,2555.0,,,,,,"{""1"": 31, ""2"": 23, ""3"": 40, ""4"": 21, ""5"": 31, ""6"": 13, ""7"": 6, ""8"": 17, ""9"": 49, ""10"": 44}",data/results/direct_cot_siclsp_final/siclsp/siclsp_T10_inst2_run7.json
cot,SICLSP,CoT,10,siclsp_T10_inst2,8,True,,False,3197,,2555.0,,,,,,"{""1"": 31, ""2"": 23, ""3"": 40, ""4"": 21, ""5"": 35, ""6"": 13, ""7"": 6, ""8"": 17, ""9"": 49, ""10"": 45}",data/results/direct_cot_siclsp_final/siclsp/siclsp_T10_inst2_run8.json
cot,SICLSP,CoT,10,siclsp_T10_inst2,9,True,,False,3194,,2555.0,,,,,,"{""1"": 22, ""2"": 32, ""3"": 40, ""4"": 21, ""5"": 35, ""6"": 0, ""7"": 10, ""8"": 17, ""9"": 50, ""10"": 0}",data/results/direct_cot_siclsp_final/siclsp/siclsp_T10_inst2_run9.json
cot,SICLSP,CoT,10,siclsp_T10_inst3,1,False,unparseable_response,False,,,3161.0,,,,,,,data/results/direct_cot_siclsp_final/siclsp/siclsp_T10_inst3_run1.json
cot,SICLSP,CoT,10,siclsp_T10_inst3,10,True,,False,3535,,3161.0,,,,,,"{""1"": 27, ""2"": 48, ""3"": 11, ""4"": 25, ""5"": 26, ""6"": 18, ""7"": 30, ""8"": 26, ""9"": 38, ""10"": 38}",data/results/direct_cot_siclsp_final/siclsp/siclsp_T10_inst3_run10.json
cot,SICLSP,CoT,10,siclsp_T10_inst3,2,True,,False,3535,,3161.0,,,,,,"{""1"": 27, ""2"": 48, ""3"": 11, ""4"": 25, ""5"": 26, ""6"": 18, ""7"": 30, ""8"": 26, ""9"": 38, ""10"": 38}",data/results/direct_cot_siclsp_final/siclsp/siclsp_T10_inst3_run2.json
cot,SICLSP,CoT,10,siclsp_T10_inst3,3,True,,False,3535,,3161.0,,,,,,"{""1"": 27, ""2"": 48, ""3"": 11, ""4"": 25, ""5"": 26, ""6"": 18, ""7"": 30, ""8"": 26, ""9"": 38, ""10"": 38}",data/results/direct_cot_siclsp_final/siclsp/siclsp_T10_inst3_run3.json
cot,SICLSP,CoT,10,siclsp_T10_inst3,4,True,,False,3535,,3161.0,,,,,,"{""1"": 27, ""2"": 48, ""3"": 11, ""4"": 25, ""5"": 26, ""6"": 18, ""7"": 30, ""8"": 26, ""9"": 38, ""10"": 38}",data/results/direct_cot_siclsp_final/siclsp/siclsp_T10_inst3_run4.json
cot,SICLSP,CoT,10,siclsp_T10_inst3,5,True,,False,3500,,3161.0,,,,,,"{""1"": 27, ""2"": 48, ""3"": 11, ""4"": 25, ""5"": 26, ""6"": 25, ""7"": 30, ""8"": 26, ""9"": 38, ""10"": 38}",data/results/direct_cot_siclsp_final/siclsp/siclsp_T10_inst3_run5.json
cot,SICLSP,CoT,10,siclsp_T10_inst3,6,True,,False,3535,,3161.0,,,,,,"{""1"": 27, ""2"": 48, ""3"": 11, ""4"": 25, ""5"": 26, ""6"": 18, ""7"": 30, ""8"": 26, ""9"": 38, ""10"": 38}",data/results/direct_cot_siclsp_final/siclsp/siclsp_T10_inst3_run6.json
cot,SICLSP,CoT,10,siclsp_T10_inst3,7,True,,False,3535,,3161.0,,,,,,"{""1"": 27, ""2"": 48, ""3"": 11, ""4"": 25, ""5"": 26, ""6"": 18, ""7"": 30, ""8"": 26, ""9"": 38, ""10"": 38}",data/results/direct_cot_siclsp_final/siclsp/siclsp_T10_inst3_run7.json
cot,SICLSP,CoT,10,siclsp_T10_inst3,8,True,,False,3535,,3161.0,,,,,,"{""1"": 27, ""2"": 48, ""3"": 11, ""4"": 25, ""5"": 26, ""6"": 18, ""7"": 30, ""8"": 26, ""9"": 38, ""10"": 38}",data/results/direct_cot_siclsp_final/siclsp/siclsp_T10_inst3_run8.json
cot,SICLSP,CoT,10,siclsp_T10_inst3,9,True,,False,3535,,3161.0,,,,,,"{""1"": 27, ""2"": 48, ""3"": 11, ""4"": 25, ""5"": 26, ""6"": 18, ""7"": 30, ""8"": 26, ""9"": 38, ""10"": 38}",data/results/direct_cot_siclsp_final/siclsp/siclsp_T10_inst3_run9.json
cot,SICLSP,CoT,10,siclsp_T10_inst4,1,True,,False,3033,,2818.0,,,,,,"{""1"": 30, ""2"": 46, ""3"": 27, ""4"": 45, ""5"": 16, ""6"": 31, ""7"": 16, ""8"": 19, ""9"": 47, ""10"": 29}",data/results/direct_cot_siclsp_final/siclsp/siclsp_T10_inst4_run1.json
cot,SICLSP,CoT,10,siclsp_T10_inst4,10,True,,False,3033,,2818.0,,,,,,"{""1"": 30, ""2"": 46, ""3"": 27, ""4"": 45, ""5"": 16, ""6"": 31, ""7"": 16, ""8"": 19, ""9"": 47, ""10"": 29}",data/results/direct_cot_siclsp_final/siclsp/siclsp_T10_inst4_run10.json
cot,SICLSP,CoT,10,siclsp_T10_inst4,2,True,,False,2893,,2818.0,,,,,,"{""1"": 30, ""2"": 39, ""3"": 27, ""4"": 45, ""5"": 16, ""6"": 28, ""7"": 16, ""8"": 19, ""9"": 47, ""10"": 29}",data/results/direct_cot_siclsp_final/siclsp/siclsp_T10_inst4_run2.json
cot,SICLSP,CoT,10,siclsp_T10_inst4,3,True,,False,2993,,2818.0,,,,,,"{""1"": 30, ""2"": 46, ""3"": 27, ""4"": 45, ""5"": 16, ""6"": 31, ""7"": 16, ""8"": 19, ""9"": 47, ""10"": 29}",data/results/direct_cot_siclsp_final/siclsp/siclsp_T10_inst4_run3.json
cot,SICLSP,CoT,10,siclsp_T10_inst4,4,True,,False,2893,,2818.0,,,,,,"{""1"": 30, ""2"": 39, ""3"": 27, ""4"": 52, ""5"": 16, ""6"": 28, ""7"": 16, ""8"": 22, ""9"": 47, ""10"": 29}",data/results/direct_cot_siclsp_final/siclsp/siclsp_T10_inst4_run4.json
cot,SICLSP,CoT,10,siclsp_T10_inst4,5,True,,False,3033,,2818.0,,,,,,"{""1"": 30, ""2"": 46, ""3"": 0, ""4"": 45, ""5"": 16, ""6"": 31, ""7"": 0, ""8"": 19, ""9"": 47, ""10"": 29}",data/results/direct_cot_siclsp_final/siclsp/siclsp_T10_inst4_run5.json
cot,SICLSP,CoT,10,siclsp_T10_inst4,6,True,,False,3033,,2818.0,,,,,,"{""1"": 30, ""2"": 46, ""3"": 27, ""4"": 45, ""5"": 16, ""6"": 31, ""7"": 16, ""8"": 19, ""9"": 47, ""10"": 29}",data/results/direct_cot_siclsp_final/siclsp/siclsp_T10_inst4_run6.json
cot,SICLSP,CoT,10,siclsp_T10_inst4,7,True,,False,3033,,2818.0,,,,,,"{""1"": 30, ""2"": 46, ""3"": 27, ""4"": 45, ""5"": 16, ""6"": 31, ""7"": 16, ""8"": 19, ""9"": 47, ""10"": 29}",data/results/direct_cot_siclsp_final/siclsp/siclsp_T10_inst4_run7.json
cot,SICLSP,CoT,10,siclsp_T10_inst4,8,True,,False,2993,,2818.0,,,,,,"{""1"": 30, ""2"": 39, ""3"": 27, ""4"": 45, ""5"": 16, ""6"": 28, ""7"": 16, ""8"": 19, ""9"": 47, ""10"": 29}",data/results/direct_cot_siclsp_final/siclsp/siclsp_T10_inst4_run8.json
cot,SICLSP,CoT,10,siclsp_T10_inst4,9,True,,False,2893,,2818.0,,,,,,"{""1"": 30, ""2"": 39, ""3"": 27, ""4"": 45, ""5"": 16, ""6"": 28, ""7"": 16, ""8"": 19, ""9"": 47, ""10"": 29}",data/results/direct_cot_siclsp_final/siclsp/siclsp_T10_inst4_run9.json
cot,SICLSP,CoT,15,siclsp_T15_inst0,1,True,,False,4560,,4680.0,,,,,,"{""1"": 30, ""2"": 13, ""3"": 34, ""4"": 41, ""5"": 23, ""6"": 37, ""7"": 43, ""8"": 39, ""9"": 26, ""10"": 42, ""11"": 18, ""12"": 25, ""13"": 42, ""14"": 21, ""15"": 34}",data/results/direct_cot_siclsp_final/siclsp/siclsp_T15_inst0_run1.json
cot,SICLSP,CoT,15,siclsp_T15_inst0,10,True,,False,0,,4680.0,,,,,,"{""1"": 44, ""2"": 0, ""3"": 33, ""4"": 41, ""5"": 23, ""6"": 35, ""7"": 43, ""8"": 39, ""9"": 26, ""10"": 42, ""11"": 18, ""12"": 25, ""13"": 36, ""14"": 21, ""15"": 31}",data/results/direct_cot_siclsp_final/siclsp/siclsp_T15_inst0_run10.json
cot,SICLSP,CoT,15,siclsp_T15_inst0,2,True,,False,0,,4680.0,,,,,,"{""1"": 30, ""2"": 13, ""3"": 34, ""4"": 41, ""5"": 23, ""6"": 37, ""7"": 43, ""8"": 39, ""9"": 26, ""10"": 42, ""11"": 18, ""12"": 25, ""13"": 43, ""14"": 21, ""15"": 39}",data/results/direct_cot_siclsp_final/siclsp/siclsp_T15_inst0_run2.json
cot,SICLSP,CoT,15,siclsp_T15_inst0,3,True,,False,0,,4680.0,,,,,,"{""1"": 44, ""2"": 0, ""3"": 33, ""4"": 25, ""5"": 16, ""6"": 35, ""7"": 36, ""8"": 39, ""9"": 19, ""10"": 37, ""11"": 5, ""12"": 24, ""13"": 36, ""14"": 21, ""15"": 31}",data/results/direct_cot_siclsp_final/siclsp/siclsp_T15_inst0_run3.json
cot,SICLSP,CoT,15,siclsp_T15_inst0,4,True,,False,0,,4680.0,,,,,,"{""1"": 30, ""2"": 13, ""3"": 34, ""4"": 41, ""5"": 25, ""6"": 35, ""7"": 43, ""8"": 39, ""9"": 26, ""10"": 42, ""11"": 18, ""12"": 32, ""13"": 42, ""14"": 26, ""15"": 34}",data/results/direct_cot_siclsp_final/siclsp/siclsp_T15_inst0_run4.json
cot,SICLSP,CoT,15,siclsp_T15_inst0,5,True,,False,4809,,4680.0,,,,,,"{""1"": 30, ""2"": 13, ""3"": 34, ""4"": 41, ""5"": 25, ""6"": 35, ""7"": 43, ""8"": 39, ""9"": 26, ""10"": 42, ""11"": 18, ""12"": 32, ""13"": 42, ""14"": 26, ""15"": 34}",data/results/direct_cot_siclsp_final/siclsp/siclsp_T15_inst0_run5.json
cot,SICLSP,CoT,15,siclsp_T15_inst0,6,True,,False,4809,,4680.0,,,,,,"{""1"": 30, ""2"": 13, ""3"": 34, ""4"": 41, ""5"": 25, ""6"": 35, ""7"": 43, ""8"": 39, ""9"": 26, ""10"": 42, ""11"": 18, ""12"": 32, ""13"": 42, ""14"": 26, ""15"": 34}",data/results/direct_cot_siclsp_final/siclsp/siclsp_T15_inst0_run6.json
cot,SICLSP,CoT,15,siclsp_T15_inst0,7,False,unparseable_response,False,,,4680.0,,,,,,,data/results/direct_cot_siclsp_final/siclsp/siclsp_T15_inst0_run7.json
cot,SICLSP,CoT,15,siclsp_T15_inst0,8,True,,False,0,,4680.0,,,,,,"{""1"": 44, ""2"": 0, ""3"": 33, ""4"": 41, ""5"": 23, ""6"": 35, ""7"": 43, ""8"": 39, ""9"": 26, ""10"": 42, ""11"": 18, ""12"": 25, ""13"": 36, ""14"": 21, ""15"": 31}",data/results/direct_cot_siclsp_final/siclsp/siclsp_T15_inst0_run8.json
cot,SICLSP,CoT,15,siclsp_T15_inst0,9,False,unparseable_response,False,,,4680.0,,,,,,,data/results/direct_cot_siclsp_final/siclsp/siclsp_T15_inst0_run9.json
cot,SICLSP,CoT,15,siclsp_T15_inst1,1,True,,False,4948,,5126.0,,,,,,"{""1"": 35, ""2"": 50, ""3"": 43, ""4"": 28, ""5"": 48, ""6"": 20, ""7"": 25, ""8"": 35, ""9"": 10, ""10"": 25, ""11"": 11, ""12"": 21, ""13"": 15, ""14"": 12, ""15"": 18}",data/results/direct_cot_siclsp_final/siclsp/siclsp_T15_inst1_run1.json
cot,SICLSP,CoT,15,siclsp_T15_inst1,10,True,,False,0,,5126.0,,,,,,"{""1"": 35, ""2"": 50, ""3"": 43, ""4"": 28, ""5"": 48, ""6"": 20, ""7"": 25, ""8"": 34, ""9"": 10, ""10"": 27, ""11"": 11, ""12"": 21, ""13"": 15, ""14"": 12, ""15"": 18}",data/results/direct_cot_siclsp_final/siclsp/siclsp_T15_inst1_run10.json
cot,SICLSP,CoT,15,siclsp_T15_inst1,2,True,,False,5180,,5126.0,,,,,,"{""1"": 35, ""2"": 50, ""3"": 43, ""4"": 28, ""5"": 48, ""6"": 20, ""7"": 25, ""8"": 35, ""9"": 10, ""10"": 25, ""11"": 11, ""12"": 21, ""13"": 15, ""14"": 12, ""15"": 18}",data/results/direct_cot_siclsp_final/siclsp/siclsp_T15_inst1_run2.json
cot,SICLSP,CoT,15,siclsp_T15_inst1,3,True,,False,4824,,5126.0,,,,,,"{""1"": 35, ""2"": 50, ""3"": 43, ""4"": 28, ""5"": 48, ""6"": 20, ""7"": 25, ""8"": 34, ""9"": 10, ""10"": 27, ""11"": 11, ""12"": 21, ""13"": 15, ""14"": 12, ""15"": 18}",data/results/direct_cot_siclsp_final/siclsp/siclsp_T15_inst1_run3.json
cot,SICLSP,CoT,15,siclsp_T15_inst1,4,True,,False,4785,,5126.0,,,,,,"{""1"": 35, ""2"": 50, ""3"": 43, ""4"": 28, ""5"": 48, ""6"": 20, ""7"": 25, ""8"": 34, ""9"": 10, ""10"": 25, ""11"": 11, ""12"": 21, ""13"": 15, ""14"": 12, ""15"": 18}",data/results/direct_cot_siclsp_final/siclsp/siclsp_T15_inst1_run4.json
cot,SICLSP,CoT,15,siclsp_T15_inst1,5,True,,False,5457,,5126.0,,,,,,"{""1"": 35, ""2"": 50, ""3"": 43, ""4"": 28, ""5"": 48, ""6"": 20, ""7"": 25, ""8"": 35, ""9"": 10, ""10"": 25, ""11"": 11, ""12"": 21, ""13"": 15, ""14"": 12, ""15"": 18}",data/results/direct_cot_siclsp_final/siclsp/siclsp_T15_inst1_run5.json
cot,SICLSP,CoT,15,siclsp_T15_inst1,6,True,,False,4948,,5126.0,,,,,,"{""1"": 35, ""2"": 50, ""3"": 43, ""4"": 28, ""5"": 48, ""6"": 20, ""7"": 25, ""8"": 34, ""9"": 10, ""10"": 28, ""11"": 11, ""12"": 21, ""13"": 15, ""14"": 12, ""15"": 21}",data/results/direct_cot_siclsp_final/siclsp/siclsp_T15_inst1_run6.json
cot,SICLSP,CoT,15,siclsp_T15_inst1,7,True,,False,5448,,5126.0,,,,,,"{""1"": 35, ""2"": 50, ""3"": 43, ""4"": 28, ""5"": 48, ""6"": 20, ""7"": 25, ""8"": 45, ""9"": 10, ""10"": 27, ""11"": 11, ""12"": 21, ""13"": 15, ""14"": 12, ""15"": 18}",data/results/direct_cot_siclsp_final/siclsp/siclsp_T15_inst1_run7.json
cot,SICLSP,CoT,15,siclsp_T15_inst1,8,True,,False,5180,,5126.0,,,,,,"{""1"": 40, ""2"": 50, ""3"": 43, ""4"": 28, ""5"": 48, ""6"": 20, ""7"": 35, ""8"": 45, ""9"": 12, ""10"": 27, ""11"": 11, ""12"": 21, ""13"": 15, ""14"": 12, ""15"": 21}",data/results/direct_cot_siclsp_final/siclsp/siclsp_T15_inst1_run8.json
cot,SICLSP,CoT,15,siclsp_T15_inst1,9,True,,False,5457,,5126.0,,,,,,"{""1"": 35, ""2"": 50, ""3"": 43, ""4"": 28, ""5"": 48, ""6"": 20, ""7"": 25, ""8"": 45, ""9"": 10, ""10"": 27, ""11"": 11, ""12"": 21, ""13"": 15, ""14"": 12, ""15"": 18}",data/results/direct_cot_siclsp_final/siclsp/siclsp_T15_inst1_run9.json
cot,SICLSP,CoT,15,siclsp_T15_inst2,1,True,,False,4241,,4484.0,,,,,,"{""1"": 42, ""2"": 32, ""3"": 46, ""4"": 26, ""5"": 37, ""6"": 36, ""7"": 33, ""8"": 47, ""9"": 47, ""10"": 12, ""11"": 30, ""12"": 48, ""13"": 11, ""14"": 21, ""15"": 34}",data/results/direct_cot_siclsp_final/siclsp/siclsp_T15_inst2_run1.json
cot,SICLSP,CoT,15,siclsp_T15_inst2,10,True,,False,4320,,4484.0,,,,,,"{""1"": 42, ""2"": 32, ""3"": 46, ""4"": 26, ""5"": 37, ""6"": 36, ""7"": 33, ""8"": 47, ""9"": 47, ""10"": 12, ""11"": 30, ""12"": 48, ""13"": 11, ""14"": 17, ""15"": 34}",data/results/direct_cot_siclsp_final/siclsp/siclsp_T15_inst2_run10.json
cot,SICLSP,CoT,15,siclsp_T15_inst2,2,False,unparseable_response,False,,,4484.0,,,,,,,data/results/direct_cot_siclsp_final/siclsp/siclsp_T15_inst2_run2.json
cot,SICLSP,CoT,15,siclsp_T15_inst2,3,False,unparseable_response,False,,,4484.0,,,,,,,data/results/direct_cot_siclsp_final/siclsp/siclsp_T15_inst2_run3.json
cot,SICLSP,CoT,15,siclsp_T15_inst2,4,False,unparseable_response,False,,,4484.0,,,,,,,data/results/direct_cot_siclsp_final/siclsp/siclsp_T15_inst2_run4.json
cot,SICLSP,CoT,15,siclsp_T15_inst2,5,True,,False,4075,,4484.0,,,,,,"{""1"": 42, ""2"": 32, ""3"": 46, ""4"": 26, ""5"": 37, ""6"": 36, ""7"": 33, ""8"": 47, ""9"": 47, ""10"": 12, ""11"": 30, ""12"": 48, ""13"": 11, ""14"": 17, ""15"": 34}",data/results/direct_cot_siclsp_final/siclsp/siclsp_T15_inst2_run5.json
cot,SICLSP,CoT,15,siclsp_T15_inst2,6,True,,False,4662,,4484.0,,,,,,"{""1"": 42, ""2"": 32, ""3"": 46, ""4"": 26, ""5"": 37, ""6"": 36, ""7"": 33, ""8"": 47, ""9"": 47, ""10"": 12, ""11"": 30, ""12"": 48, ""13"": 11, ""14"": 17, ""15"": 34}",data/results/direct_cot_siclsp_final/siclsp/siclsp_T15_inst2_run6.json
cot,SICLSP,CoT,15,siclsp_T15_inst2,7,True,,False,4662,,4484.0,,,,,,"{""1"": 42, ""2"": 32, ""3"": 46, ""4"": 26, ""5"": 37, ""6"": 36, ""7"": 33, ""8"": 47, ""9"": 47, ""10"": 12, ""11"": 30, ""12"": 48, ""13"": 11, ""14"": 21, ""15"": 34}",data/results/direct_cot_siclsp_final/siclsp/siclsp_T15_inst2_run7.json
cot,SICLSP,CoT,15,siclsp_T15_inst2,8,False,unparseable_response,False,,,4484.0,,,,,,,data/results/direct_cot_siclsp_final/siclsp/siclsp_T15_inst2_run8.json
cot,SICLSP,CoT,15,siclsp_T15_inst2,9,True,,False,4560,,4484.0,,,,,,"{""1"": 42, ""2"": 32, ""3"": 60, ""4"": 19, ""5"": 37, ""6"": 36, ""7"": 46, ""8"": 37, ""9"": 47, ""10"": 12, ""11"": 30, ""12"": 48, ""13"": 11, ""14"": 21, ""15"": 30}",data/results/direct_cot_siclsp_final/siclsp/siclsp_T15_inst2_run9.json
cot,SICLSP,CoT,15,siclsp_T15_inst3,1,True,,False,4523,,4651.0,,,,,,"{""1"": 23, ""2"": 21, ""3"": 21, ""4"": 40, ""5"": 22, ""6"": 39, ""7"": 13, ""8"": 42, ""9"": 28, ""10"": 48, ""11"": 24, ""12"": 17, ""13"": 35, ""14"": 57, ""15"": 33}",data/results/direct_cot_siclsp_final/siclsp/siclsp_T15_inst3_run1.json
cot,SICLSP,CoT,15,siclsp_T15_inst3,10,True,,False,4675,,4651.0,,,,,,"{""1"": 23, ""2"": 21, ""3"": 21, ""4"": 40, ""5"": 22, ""6"": 39, ""7"": 13, ""8"": 42, ""9"": 28, ""10"": 48, ""11"": 24, ""12"": 17, ""13"": 35, ""14"": 49, ""15"": 33}",data/results/direct_cot_siclsp_final/siclsp/siclsp_T15_inst3_run10.json
cot,SICLSP,CoT,15,siclsp_T15_inst3,2,True,,False,4325,,4651.0,,,,,,"{""1"": 23, ""2"": 21, ""3"": 21, ""4"": 40, ""5"": 22, ""6"": 39, ""7"": 13, ""8"": 42, ""9"": 28, ""10"": 48, ""11"": 24, ""12"": 17, ""13"": 35, ""14"": 57, ""15"": 33}",data/results/direct_cot_siclsp_final/siclsp/siclsp_T15_inst3_run2.json
cot,SICLSP,CoT,15,siclsp_T15_inst3,3,True,,False,0,,4651.0,,,,,,"{""1"": 23, ""2"": 7, ""3"": 0, ""4"": 36, ""5"": 14, ""6"": 25, ""7"": 0, ""8"": 42, ""9"": 20, ""10"": 48, ""11"": 24, ""12"": 14, ""13"": 35, ""14"": 49, ""15"": 33}",data/results/direct_cot_siclsp_final/siclsp/siclsp_T15_inst3_run3.json
cot,SICLSP,CoT,15,siclsp_T15_inst3,4,True,,False,4325,,4651.0,,,,,,"{""1"": 23, ""2"": 21, ""3"": 21, ""4"": 40, ""5"": 22, ""6"": 39, ""7"": 13, ""8"": 42, ""9"": 28, ""10"": 48, ""11"": 24, ""12"": 17, ""13"": 35, ""14"": 57, ""15"": 33}",data/results/direct_cot_siclsp_final/siclsp/siclsp_T15_inst3_run4.json
cot,SICLSP,CoT,15,siclsp_T15_inst3,5,True,,False,4325,,4651.0,,,,,,"{""1"": 23, ""2"": 21, ""3"": 21, ""4"": 40, ""5"": 28, ""6"": 33, ""7"": 13, ""8"": 50, ""9"": 26, ""10"": 48, ""11"": 27, ""12"": 14, ""13"": 43, ""14"": 49, ""15"": 33}",data/results/direct_cot_siclsp_final/siclsp/siclsp_T15_inst3_run5.json
cot,SICLSP,CoT,15,siclsp_T15_inst3,6,True,,False,4525,,4651.0,,,,,,"{""1"": 23, ""2"": 21, ""3"": 21, ""4"": 40, ""5"": 22, ""6"": 39, ""7"": 13, ""8"": 42, ""9"": 28, ""10"": 48, ""11"": 24, ""12"": 17, ""13"": 35, ""14"": 57, ""15"": 33}",data/results/direct_cot_siclsp_final/siclsp/siclsp_T15_inst3_run6.json
cot,SICLSP,CoT,15,siclsp_T15_inst3,7,True,,False,4520,,4651.0,,,,,,"{""1"": 23, ""2"": 21, ""3"": 21, ""4"": 40, ""5"": 22, ""6"": 39, ""7"": 13, ""8"": 42, ""9"": 28, ""10"": 48, ""11"": 24, ""12"": 17, ""13"": 35, ""14"": 57, ""15"": 33}",data/results/direct_cot_siclsp_final/siclsp/siclsp_T15_inst3_run7.json
cot,SICLSP,CoT,15,siclsp_T15_inst3,8,True,,False,4325,,4651.0,,,,,,"{""1"": 23, ""2"": 21, ""3"": 21, ""4"": 40, ""5"": 28, ""6"": 33, ""7"": 13, ""8"": 42, ""9"": 20, ""10"": 48, ""11"": 24, ""12"": 17, ""13"": 35, ""14"": 54, ""15"": 33}",data/results/direct_cot_siclsp_final/siclsp/siclsp_T15_inst3_run8.json
cot,SICLSP,CoT,15,siclsp_T15_inst3,9,True,,False,4520,,4651.0,,,,,,"{""1"": 23, ""2"": 21, ""3"": 21, ""4"": 40, ""5"": 22, ""6"": 39, ""7"": 13, ""8"": 42, ""9"": 34, ""10"": 48, ""11"": 24, ""12"": 17, ""13"": 35, ""14"": 57, ""15"": 33}",data/results/direct_cot_siclsp_final/siclsp/siclsp_T15_inst3_run9.json
cot,SICLSP,CoT,15,siclsp_T15_inst4,1,True,,False,4276,,4340.0,,,,,,"{""1"": 39, ""2"": 14, ""3"": 37, ""4"": 44, ""5"": 16, ""6"": 17, ""7"": 39, ""8"": 12, ""9"": 37, ""10"": 36, ""11"": 30, ""12"": 33, ""13"": 30, ""14"": 33, ""15"": 35}",data/results/direct_cot_siclsp_final/siclsp/siclsp_T15_inst4_run1.json
cot,SICLSP,CoT,15,siclsp_T15_inst4,10,True,,False,4276,,4340.0,,,,,,"{""1"": 39, ""2"": 14, ""3"": 37, ""4"": 44, ""5"": 16, ""6"": 17, ""7"": 39, ""8"": 12, ""9"": 37, ""10"": 36, ""11"": 30, ""12"": 33, ""13"": 30, ""14"": 33, ""15"": 35}",data/results/direct_cot_siclsp_final/siclsp/siclsp_T15_inst4_run10.json
cot,SICLSP,CoT,15,siclsp_T15_inst4,2,True,,False,4161,,4340.0,,,,,,"{""1"": 39, ""2"": 14, ""3"": 37, ""4"": 44, ""5"": 16, ""6"": 17, ""7"": 39, ""8"": 7, ""9"": 37, ""10"": 36, ""11"": 27, ""12"": 33, ""13"": 30, ""14"": 20, ""15"": 35}",data/results/direct_cot_siclsp_final/siclsp/siclsp_T15_inst4_run2.json
cot,SICLSP,CoT,15,siclsp_T15_inst4,3,False,unparseable_response,False,,,4340.0,,,,,,,data/results/direct_cot_siclsp_final/siclsp/siclsp_T15_inst4_run3.json
cot,SICLSP,CoT,15,siclsp_T15_inst4,4,False,unparseable_response,False,,,4340.0,,,,,,,data/results/direct_cot_siclsp_final/siclsp/siclsp_T15_inst4_run4.json
cot,SICLSP,CoT,15,siclsp_T15_inst4,5,False,unparseable_response,False,,,4340.0,,,,,,,data/results/direct_cot_siclsp_final/siclsp/siclsp_T15_inst4_run5.json
cot,SICLSP,CoT,15,siclsp_T15_inst4,6,True,,False,4276,,4340.0,,,,,,"{""1"": 39, ""2"": 14, ""3"": 37, ""4"": 44, ""5"": 16, ""6"": 17, ""7"": 39, ""8"": 12, ""9"": 37, ""10"": 36, ""11"": 30, ""12"": 33, ""13"": 30, ""14"": 33, ""15"": 35}",data/results/direct_cot_siclsp_final/siclsp/siclsp_T15_inst4_run6.json
cot,SICLSP,CoT,15,siclsp_T15_inst4,7,False,unparseable_response,False,,,4340.0,,,,,,,data/results/direct_cot_siclsp_final/siclsp/siclsp_T15_inst4_run7.json
cot,SICLSP,CoT,15,siclsp_T15_inst4,8,False,unparseable_response,False,,,4340.0,,,,,,,data/results/direct_cot_siclsp_final/siclsp/siclsp_T15_inst4_run8.json
cot,SICLSP,CoT,15,siclsp_T15_inst4,9,True,,False,4151,,4340.0,,,,,,"{""1"": 39, ""2"": 14, ""3"": 37, ""4"": 44, ""5"": 16, ""6"": 17, ""7"": 39, ""8"": 7, ""9"": 37, ""10"": 36, ""11"": 27, ""12"": 33, ""13"": 30, ""14"": 20, ""15"": 35}",data/results/direct_cot_siclsp_final/siclsp/siclsp_T15_inst4_run9.json
cot,SICLSP,CoT,20,siclsp_T20_inst0,1,True,,False,5223,,5053.0,,,,,,"{""1"": 10, ""2"": 37, ""3"": 34, ""4"": 10, ""5"": 36, ""6"": 42, ""7"": 11, ""8"": 14, ""9"": 33, ""10"": 50, ""11"": 29, ""12"": 42, ""13"": 20, ""14"": 37, ""15"": 16, ""16"": 28, ""17"": 45, ""18"": 44, ""19"": 32, ""20"": 22}",data/results/direct_cot_siclsp_final/siclsp/siclsp_T20_inst0_run1.json
cot,SICLSP,CoT,20,siclsp_T20_inst0,10,True,,False,5926,,5053.0,,,,,,"{""1"": 10, ""2"": 37, ""3"": 34, ""4"": 10, ""5"": 36, ""6"": 42, ""7"": 11, ""8"": 13, ""9"": 34, ""10"": 50, ""11"": 29, ""12"": 38, ""13"": 24, ""14"": 37, ""15"": 16, ""16"": 21, ""17"": 52, ""18"": 44, ""19"": 32, ""20"": 18}",data/results/direct_cot_siclsp_final/siclsp/siclsp_T20_inst0_run10.json
cot,SICLSP,CoT,20,siclsp_T20_inst0,2,True,,False,5861,,5053.0,,,,,,"{""1"": 10, ""2"": 37, ""3"": 34, ""4"": 10, ""5"": 36, ""6"": 42, ""7"": 11, ""8"": 14, ""9"": 33, ""10"": 50, ""11"": 29, ""12"": 42, ""13"": 20, ""14"": 37, ""15"": 16, ""16"": 28, ""17"": 45, ""18"": 44, ""19"": 32, ""20"": 22}",data/results/direct_cot_siclsp_final/siclsp/siclsp_T20_inst0_run2.json
cot,SICLSP,CoT,20,siclsp_T20_inst0,3,True,,False,5918,,5053.0,,,,,,"{""1"": 10, ""2"": 37, ""3"": 34, ""4"": 10, ""5"": 36, ""6"": 42, ""7"": 11, ""8"": 13, ""9"": 34, ""10"": 50, ""11"": 29, ""12"": 38, ""13"": 24, ""14"": 37, ""15"": 16, ""16"": 21, ""17"": 52, ""18"": 44, ""19"": 32, ""20"": 22}",data/results/direct_cot_siclsp_final/siclsp/siclsp_T20_inst0_run3.json
cot,SICLSP,CoT,20,siclsp_T20_inst0,4,True,,False,5861,,5053.0,,,,,,"{""1"": 10, ""2"": 37, ""3"": 34, ""4"": 10, ""5"": 36, ""6"": 42, ""7"": 11, ""8"": 14, ""9"": 33, ""10"": 50, ""11"": 29, ""12"": 42, ""13"": 20, ""14"": 37, ""15"": 16, ""16"": 28, ""17"": 45, ""18"": 44, ""19"": 32, ""20"": 22}",data/results/direct_cot_siclsp_final/siclsp/siclsp_T20_inst0_run4.json
cot,SICLSP,CoT,20,siclsp_T20_inst0,5,False,unparseable_response,False,,,5053.0,,,,,,,data/results/direct_cot_siclsp_final/siclsp/siclsp_T20_inst0_run5.json
cot,SICLSP,CoT,20,siclsp_T20_inst0,6,False,unparseable_response,False,,,5053.0,,,,,,,data/results/direct_cot_siclsp_final/siclsp/siclsp_T20_inst0_run6.json
cot,SICLSP,CoT,20,siclsp_T20_inst0,7,False,unparseable_response,False,,,5053.0,,,,,,,data/results/direct_cot_siclsp_final/siclsp/siclsp_T20_inst0_run7.json
cot,SICLSP,CoT,20,siclsp_T20_inst0,8,False,unparseable_response,False,,,5053.0,,,,,,,data/results/direct_cot_siclsp_final/siclsp/siclsp_T20_inst0_run8.json
cot,SICLSP,CoT,20,siclsp_T20_inst0,9,True,,False,5823,,5053.0,,,,,,"{""1"": 10, ""2"": 37, ""3"": 34, ""4"": 10, ""5"": 36, ""6"": 42, ""7"": 11, ""8"": 14, ""9"": 33, ""10"": 50, ""11"": 29, ""12"": 42, ""13"": 20, ""14"": 37, ""15"": 16, ""16"": 28, ""17"": 45, ""18"": 44, ""19"": 32, ""20"": 22}",data/results/direct_cot_siclsp_final/siclsp/siclsp_T20_inst0_run9.json
cot,SICLSP,CoT,20,siclsp_T20_inst1,1,True,,False,5978,,5713.0,,,,,,"{""1"": 13, ""2"": 20, ""3"": 38, ""4"": 50, ""5"": 32, ""6"": 48, ""7"": 41, ""8"": 43, ""9"": 28, ""10"": 23, ""11"": 28, ""12"": 30, ""13"": 40, ""14"": 41, ""15"": 46, ""16"": 37, ""17"": 38, ""18"": 50, ""19"": 36, ""20"": 34}",data/results/direct_cot_siclsp_final/siclsp/siclsp_T20_inst1_run1.json
cot,SICLSP,CoT,20,siclsp_T20_inst1,10,True,,False,5639,,5713.0,,,,,,"{""1"": 13, ""2"": 20, ""3"": 38, ""4"": 50, ""5"": 32, ""6"": 48, ""7"": 41, ""8"": 45, ""9"": 35, ""10"": 28, ""11"": 28, ""12"": 40, ""13"": 40, ""14"": 41, ""15"": 46, ""16"": 49, ""17"": 42, ""18"": 50, ""19"": 36, ""20"": 34}",data/results/direct_cot_siclsp_final/siclsp/siclsp_T20_inst1_run10.json
cot,SICLSP,CoT,20,siclsp_T20_inst1,2,True,,False,5870,,5713.0,,,,,,"{""1"": 13, ""2"": 20, ""3"": 38, ""4"": 50, ""5"": 32, ""6"": 48, ""7"": 41, ""8"": 45, ""9"": 35, ""10"": 28, ""11"": 28, ""12"": 40, ""13"": 40, ""14"": 41, ""15"": 46, ""16"": 49, ""17"": 42, ""18"": 50, ""19"": 36, ""20"": 34}",data/results/direct_cot_siclsp_final/siclsp/siclsp_T20_inst1_run2.json
cot,SICLSP,CoT,20,siclsp_T20_inst1,3,True,,False,5992,,5713.0,,,,,,"{""1"": 13, ""2"": 20, ""3"": 38, ""4"": 50, ""5"": 32, ""6"": 48, ""7"": 41, ""8"": 43, ""9"": 28, ""10"": 23, ""11"": 28, ""12"": 30, ""13"": 30, ""14"": 41, ""15"": 46, ""16"": 37, ""17"": 38, ""18"": 50, ""19"": 36, ""20"": 34}",data/results/direct_cot_siclsp_final/siclsp/siclsp_T20_inst1_run3.json
cot,SICLSP,CoT,20,siclsp_T20_inst1,4,True,,False,0,,5713.0,,,,,,"{""1"": 13, ""2"": 20, ""3"": 38, ""4"": 50, ""5"": 32, ""6"": 48, ""7"": 43, ""8"": 43, ""9"": 28, ""10"": 23, ""11"": 28, ""12"": 30, ""13"": 40, ""14"": 41, ""15"": 46, ""16"": 37, ""17"": 38, ""18"": 50, ""19"": 36, ""20"": 34}",data/results/direct_cot_siclsp_final/siclsp/siclsp_T20_inst1_run4.json
cot,SICLSP,CoT,20,siclsp_T20_inst1,5,True,,False,5839,,5713.0,,,,,,"{""1"": 13, ""2"": 20, ""3"": 38, ""4"": 50, ""5"": 32, ""6"": 48, ""7"": 41, ""8"": 45, ""9"": 35, ""10"": 28, ""11"": 28, ""12"": 40, ""13"": 40, ""14"": 41, ""15"": 46, ""16"": 49, ""17"": 42, ""18"": 50, ""19"": 36, ""20"": 34}",data/results/direct_cot_siclsp_final/siclsp/siclsp_T20_inst1_run5.json
cot,SICLSP,CoT,20,siclsp_T20_inst1,6,True,,True,5560,8878.0,5713.0,55.39996499212323,,,,,"{""1"": 13, ""2"": 27, ""3"": 56, ""4"": 79, ""5"": 41, ""6"": 52, ""7"": 53, ""8"": 43, ""9"": 28, ""10"": 23, ""11"": 33, ""12"": 30, ""13"": 40, ""14"": 60, ""15"": 65, ""16"": 37, ""17"": 38, ""18"": 69, ""19"": 45, ""20"": 34}",data/results/direct_cot_siclsp_final/siclsp/siclsp_T20_inst1_run6.json
cot,SICLSP,CoT,20,siclsp_T20_inst1,7,True,,False,0,,5713.0,,,,,,"{""1"": 13, ""2"": 20, ""3"": 38, ""4"": 50, ""5"": 32, ""6"": 48, ""7"": 43, ""8"": 43, ""9"": 28, ""10"": 23, ""11"": 28, ""12"": 30, ""13"": 40, ""14"": 41, ""15"": 46, ""16"": 37, ""17"": 38, ""18"": 50, ""19"": 36, ""20"": 34}",data/results/direct_cot_siclsp_final/siclsp/siclsp_T20_inst1_run7.json
cot,SICLSP,CoT,20,siclsp_T20_inst1,8,True,,False,0,,5713.0,,,,,,"{""1"": 13, ""2"": 20, ""3"": 38, ""4"": 50, ""5"": 32, ""6"": 48, ""7"": 43, ""8"": 45, ""9"": 35, ""10"": 28, ""11"": 28, ""12"": 30, ""13"": 40, ""14"": 41, ""15"": 46, ""16"": 37, ""17"": 38, ""18"": 50, ""19"": 36, ""20"": 34}",data/results/direct_cot_siclsp_final/siclsp/siclsp_T20_inst1_run8.json
cot,SICLSP,CoT,20,siclsp_T20_inst1,9,True,,False,5839,,5713.0,,,,,,"{""1"": 13, ""2"": 20, ""3"": 38, ""4"": 50, ""5"": 32, ""6"": 48, ""7"": 41, ""8"": 45, ""9"": 35, ""10"": 28, ""11"": 28, ""12"": 40, ""13"": 40, ""14"": 41, ""15"": 46, ""16"": 49, ""17"": 42, ""18"": 50, ""19"": 36, ""20"": 34}",data/results/direct_cot_siclsp_final/siclsp/siclsp_T20_inst1_run9.json
cot,SICLSP,CoT,20,siclsp_T20_inst2,1,True,,False,5790,,5135.0,,,,,,"{""1"": 19, ""2"": 21, ""3"": 32, ""4"": 34, ""5"": 31, ""6"": 25, ""7"": 42, ""8"": 43, ""9"": 16, ""10"": 37, ""11"": 23, ""12"": 29, ""13"": 49, ""14"": 22, ""15"": 10, ""16"": 13, ""17"": 20, ""18"": 46, ""19"": 40, ""20"": 27}",data/results/direct_cot_siclsp_final/siclsp/siclsp_T20_inst2_run1.json
cot,SICLSP,CoT,20,siclsp_T20_inst2,10,True,,True,5880,6581.0,5135.0,28.15968841285297,,,,,"{""1"": 19, ""2"": 21, ""3"": 32, ""4"": 37, ""5"": 28, ""6"": 34, ""7"": 42, ""8"": 43, ""9"": 16, ""10"": 37, ""11"": 23, ""12"": 29, ""13"": 45, ""14"": 22, ""15"": 14, ""16"": 13, ""17"": 20, ""18"": 46, ""19"": 39, ""20"": 27}",data/results/direct_cot_siclsp_final/siclsp/siclsp_T20_inst2_run10.json
cot,SICLSP,CoT,20,siclsp_T20_inst2,2,True,,False,5561,,5135.0,,,,,,"{""1"": 19, ""2"": 21, ""3"": 32, ""4"": 34, ""5"": 31, ""6"": 25, ""7"": 42, ""8"": 43, ""9"": 16, ""10"": 37, ""11"": 23, ""12"": 29, ""13"": 49, ""14"": 22, ""15"": 10, ""16"": 13, ""17"": 20, ""18"": 46, ""19"": 40, ""20"": 27}",data/results/direct_cot_siclsp_final/siclsp/siclsp_T20_inst2_run2.json
cot,SICLSP,CoT,20,siclsp_T20_inst2,3,True,,False,5560,,5135.0,,,,,,"{""1"": 19, ""2"": 21, ""3"": 29, ""4"": 34, ""5"": 31, ""6"": 25, ""7"": 42, ""8"": 43, ""9"": 16, ""10"": 37, ""11"": 23, ""12"": 29, ""13"": 49, ""14"": 22, ""15"": 10, ""16"": 13, ""17"": 20, ""18"": 46, ""19"": 40, ""20"": 27}",data/results/direct_cot_siclsp_final/siclsp/siclsp_T20_inst2_run3.json
cot,SICLSP,CoT,20,siclsp_T20_inst2,4,True,,False,5889,,5135.0,,,,,,"{""1"": 19, ""2"": 21, ""3"": 29, ""4"": 34, ""5"": 31, ""6"": 25, ""7"": 42, ""8"": 43, ""9"": 16, ""10"": 37, ""11"": 23, ""12"": 29, ""13"": 49, ""14"": 22, ""15"": 10, ""16"": 13, ""17"": 20, ""18"": 46, ""19"": 40, ""20"": 27}",data/results/direct_cot_siclsp_final/siclsp/siclsp_T20_inst2_run4.json
cot,SICLSP,CoT,20,siclsp_T20_inst2,5,True,,False,6170,,5135.0,,,,,,"{""1"": 19, ""2"": 21, ""3"": 29, ""4"": 34, ""5"": 31, ""6"": 25, ""7"": 42, ""8"": 43, ""9"": 16, ""10"": 37, ""11"": 23, ""12"": 29, ""13"": 49, ""14"": 22, ""15"": 10, ""16"": 13, ""17"": 20, ""18"": 46, ""19"": 40, ""20"": 27}",data/results/direct_cot_siclsp_final/siclsp/siclsp_T20_inst2_run5.json
cot,SICLSP,CoT,20,siclsp_T20_inst2,6,True,,False,6264,,5135.0,,,,,,"{""1"": 19, ""2"": 21, ""3"": 29, ""4"": 34, ""5"": 31, ""6"": 25, ""7"": 42, ""8"": 43, ""9"": 16, ""10"": 37, ""11"": 23, ""12"": 29, ""13"": 49, ""14"": 22, ""15"": 10, ""16"": 13, ""17"": 20, ""18"": 46, ""19"": 40, ""20"": 27}",data/results/direct_cot_siclsp_final/siclsp/siclsp_T20_inst2_run6.json
cot,SICLSP,CoT,20,siclsp_T20_inst2,7,True,,False,6170,,5135.0,,,,,,"{""1"": 19, ""2"": 21, ""3"": 29, ""4"": 34, ""5"": 31, ""6"": 25, ""7"": 42, ""8"": 43, ""9"": 16, ""10"": 37, ""11"": 23, ""12"": 29, ""13"": 49, ""14"": 22, ""15"": 10, ""16"": 13, ""17"": 20, ""18"": 46, ""19"": 40, ""20"": 27}",data/results/direct_cot_siclsp_final/siclsp/siclsp_T20_inst2_run7.json
cot,SICLSP,CoT,20,siclsp_T20_inst2,8,True,,True,5560,6714.0,5135.0,30.749756572541383,,,,,"{""1"": 19, ""2"": 21, ""3"": 32, ""4"": 37, ""5"": 28, ""6"": 34, ""7"": 42, ""8"": 43, ""9"": 16, ""10"": 37, ""11"": 23, ""12"": 29, ""13"": 45, ""14"": 22, ""15"": 14, ""16"": 20, ""17"": 30, ""18"": 46, ""19"": 39, ""20"": 27}",data/results/direct_cot_siclsp_final/siclsp/siclsp_T20_inst2_run8.json
cot,SICLSP,CoT,20,siclsp_T20_inst2,9,True,,False,6060,,5135.0,,,,,,"{""1"": 19, ""2"": 21, ""3"": 29, ""4"": 34, ""5"": 31, ""6"": 25, ""7"": 42, ""8"": 43, ""9"": 16, ""10"": 37, ""11"": 23, ""12"": 29, ""13"": 49, ""14"": 22, ""15"": 10, ""16"": 13, ""17"": 20, ""18"": 46, ""19"": 40, ""20"": 27}",data/results/direct_cot_siclsp_final/siclsp/siclsp_T20_inst2_run9.json
cot,SICLSP,CoT,20,siclsp_T20_inst3,1,True,,False,0,,6105.0,,,,,,"{""1"": 11, ""2"": 20, ""3"": 42, ""4"": 25, ""5"": 32, ""6"": 40, ""7"": 31, ""8"": 26, ""9"": 14, ""10"": 22, ""11"": 14, ""12"": 27, ""13"": 38, ""14"": 10, ""15"": 41, ""16"": 23, ""17"": 41, ""18"": 36, ""19"": 48, ""20"": 28}",data/results/direct_cot_siclsp_final/siclsp/siclsp_T20_inst3_run1.json
cot,SICLSP,CoT,20,siclsp_T20_inst3,10,True,,False,0,,6105.0,,,,,,"{""1"": 11, ""2"": 20, ""3"": 42, ""4"": 25, ""5"": 32, ""6"": 40, ""7"": 31, ""8"": 26, ""9"": 14, ""10"": 22, ""11"": 14, ""12"": 27, ""13"": 38, ""14"": 10, ""15"": 41, ""16"": 23, ""17"": 41, ""18"": 36, ""19"": 48, ""20"": 28}",data/results/direct_cot_siclsp_final/siclsp/siclsp_T20_inst3_run10.json
cot,SICLSP,CoT,20,siclsp_T20_inst3,2,True,,False,6760,,6105.0,,,,,,"{""1"": 11, ""2"": 20, ""3"": 42, ""4"": 31, ""5"": 32, ""6"": 40, ""7"": 36, ""8"": 27, ""9"": 14, ""10"": 28, ""11"": 14, ""12"": 27, ""13"": 43, ""14"": 10, ""15"": 41, ""16"": 27, ""17"": 41, ""18"": 36, ""19"": 48, ""20"": 28}",data/results/direct_cot_siclsp_final/siclsp/siclsp_T20_inst3_run2.json
cot,SICLSP,CoT,20,siclsp_T20_inst3,3,True,,False,0,,6105.0,,,,,,"{""1"": 11, ""2"": 20, ""3"": 42, ""4"": 25, ""5"": 32, ""6"": 40, ""7"": 31, ""8"": 26, ""9"": 14, ""10"": 22, ""11"": 14, ""12"": 27, ""13"": 38, ""14"": 10, ""15"": 41, ""16"": 23, ""17"": 41, ""18"": 36, ""19"": 48, ""20"": 28}",data/results/direct_cot_siclsp_final/siclsp/siclsp_T20_inst3_run3.json
cot,SICLSP,CoT,20,siclsp_T20_inst3,4,True,,False,6460,,6105.0,,,,,,"{""1"": 11, ""2"": 20, ""3"": 42, ""4"": 31, ""5"": 32, ""6"": 40, ""7"": 36, ""8"": 27, ""9"": 14, ""10"": 28, ""11"": 14, ""12"": 27, ""13"": 43, ""14"": 10, ""15"": 41, ""16"": 27, ""17"": 41, ""18"": 36, ""19"": 48, ""20"": 28}",data/results/direct_cot_siclsp_final/siclsp/siclsp_T20_inst3_run4.json
cot,SICLSP,CoT,20,siclsp_T20_inst3,5,True,,False,5980,,6105.0,,,,,,"{""1"": 11, ""2"": 20, ""3"": 42, ""4"": 25, ""5"": 26, ""6"": 40, ""7"": 31, ""8"": 22, ""9"": 14, ""10"": 22, ""11"": 8, ""12"": 27, ""13"": 38, ""14"": 5, ""15"": 41, ""16"": 23, ""17"": 37, ""18"": 36, ""19"": 48, ""20"": 28}",data/results/direct_cot_siclsp_final/siclsp/siclsp_T20_inst3_run5.json
cot,SICLSP,CoT,20,siclsp_T20_inst3,6,True,,False,6760,,6105.0,,,,,,"{""1"": 11, ""2"": 20, ""3"": 42, ""4"": 31, ""5"": 32, ""6"": 40, ""7"": 36, ""8"": 27, ""9"": 14, ""10"": 28, ""11"": 14, ""12"": 27, ""13"": 43, ""14"": 10, ""15"": 41, ""16"": 27, ""17"": 41, ""18"": 36, ""19"": 48, ""20"": 28}",data/results/direct_cot_siclsp_final/siclsp/siclsp_T20_inst3_run6.json
cot,SICLSP,CoT,20,siclsp_T20_inst3,7,True,,False,6760,,6105.0,,,,,,"{""1"": 11, ""2"": 20, ""3"": 42, ""4"": 31, ""5"": 32, ""6"": 40, ""7"": 36, ""8"": 27, ""9"": 14, ""10"": 28, ""11"": 14, ""12"": 27, ""13"": 43, ""14"": 10, ""15"": 41, ""16"": 27, ""17"": 41, ""18"": 36, ""19"": 48, ""20"": 28}",data/results/direct_cot_siclsp_final/siclsp/siclsp_T20_inst3_run7.json
cot,SICLSP,CoT,20,siclsp_T20_inst3,8,True,,False,4987,,6105.0,,,,,,"{""1"": 11, ""2"": 20, ""3"": 42, ""4"": 25, ""5"": 38, ""6"": 40, ""7"": 31, ""8"": 32, ""9"": 14, ""10"": 22, ""11"": 20, ""12"": 27, ""13"": 38, ""14"": 15, ""15"": 41, ""16"": 23, ""17"": 45, ""18"": 36, ""19"": 48, ""20"": 28}",data/results/direct_cot_siclsp_final/siclsp/siclsp_T20_inst3_run8.json
cot,SICLSP,CoT,20,siclsp_T20_inst3,9,True,,False,6170,,6105.0,,,,,,"{""1"": 11, ""2"": 20, ""3"": 42, ""4"": 31, ""5"": 32, ""6"": 40, ""7"": 36, ""8"": 27, ""9"": 14, ""10"": 28, ""11"": 14, ""12"": 27, ""13"": 43, ""14"": 10, ""15"": 41, ""16"": 27, ""17"": 41, ""18"": 36, ""19"": 48, ""20"": 28}",data/results/direct_cot_siclsp_final/siclsp/siclsp_T20_inst3_run9.json
cot,SICLSP,CoT,20,siclsp_T20_inst4,1,True,,False,6461,,6074.0,,,,,,"{""1"": 11, ""2"": 11, ""3"": 29, ""4"": 10, ""5"": 43, ""6"": 48, ""7"": 30, ""8"": 31, ""9"": 26, ""10"": 21, ""11"": 32, ""12"": 37, ""13"": 35, ""14"": 49, ""15"": 24, ""16"": 10, ""17"": 31, ""18"": 40, ""19"": 30, ""20"": 46}",data/results/direct_cot_siclsp_final/siclsp/siclsp_T20_inst4_run1.json
cot,SICLSP,CoT,20,siclsp_T20_inst4,10,True,,False,6760,,6074.0,,,,,,"{""1"": 11, ""2"": 11, ""3"": 29, ""4"": 10, ""5"": 43, ""6"": 48, ""7"": 30, ""8"": 31, ""9"": 26, ""10"": 21, ""11"": 32, ""12"": 37, ""13"": 35, ""14"": 49, ""15"": 24, ""16"": 10, ""17"": 31, ""18"": 40, ""19"": 30, ""20"": 46}",data/results/direct_cot_siclsp_final/siclsp/siclsp_T20_inst4_run10.json
cot,SICLSP,CoT,20,siclsp_T20_inst4,2,True,,False,6355,,6074.0,,,,,,"{""1"": 11, ""2"": 11, ""3"": 29, ""4"": 10, ""5"": 43, ""6"": 48, ""7"": 30, ""8"": 31, ""9"": 26, ""10"": 21, ""11"": 32, ""12"": 37, ""13"": 35, ""14"": 49, ""15"": 24, ""16"": 10, ""17"": 31, ""18"": 40, ""19"": 30, ""20"": 46}",data/results/direct_cot_siclsp_final/siclsp/siclsp_T20_inst4_run2.json
cot,SICLSP,CoT,20,siclsp_T20_inst4,3,True,,False,6763,,6074.0,,,,,,"{""1"": 11, ""2"": 11, ""3"": 29, ""4"": 10, ""5"": 43, ""6"": 48, ""7"": 30, ""8"": 31, ""9"": 26, ""10"": 21, ""11"": 32, ""12"": 37, ""13"": 35, ""14"": 49, ""15"": 24, ""16"": 10, ""17"": 31, ""18"": 40, ""19"": 30, ""20"": 46}",data/results/direct_cot_siclsp_final/siclsp/siclsp_T20_inst4_run3.json
cot,SICLSP,CoT,20,siclsp_T20_inst4,4,True,,False,6460,,6074.0,,,,,,"{""1"": 11, ""2"": 11, ""3"": 29, ""4"": 10, ""5"": 43, ""6"": 48, ""7"": 30, ""8"": 31, ""9"": 26, ""10"": 21, ""11"": 32, ""12"": 37, ""13"": 35, ""14"": 49, ""15"": 24, ""16"": 10, ""17"": 31, ""18"": 40, ""19"": 30, ""20"": 46}",data/results/direct_cot_siclsp_final/siclsp/siclsp_T20_inst4_run4.json
cot,SICLSP,CoT,20,siclsp_T20_inst4,5,True,,False,6760,,6074.0,,,,,,"{""1"": 11, ""2"": 11, ""3"": 29, ""4"": 10, ""5"": 43, ""6"": 48, ""7"": 30, ""8"": 31, ""9"": 26, ""10"": 21, ""11"": 32, ""12"": 37, ""13"": 35, ""14"": 49, ""15"": 24, ""16"": 10, ""17"": 31, ""18"": 40, ""19"": 30, ""20"": 46}",data/results/direct_cot_siclsp_final/siclsp/siclsp_T20_inst4_run5.json
cot,SICLSP,CoT,20,siclsp_T20_inst4,6,True,,False,6763,,6074.0,,,,,,"{""1"": 11, ""2"": 11, ""3"": 29, ""4"": 10, ""5"": 43, ""6"": 48, ""7"": 30, ""8"": 31, ""9"": 26, ""10"": 21, ""11"": 32, ""12"": 37, ""13"": 35, ""14"": 49, ""15"": 24, ""16"": 10, ""17"": 31, ""18"": 40, ""19"": 30, ""20"": 46}",data/results/direct_cot_siclsp_final/siclsp/siclsp_T20_inst4_run6.json
cot,SICLSP,CoT,20,siclsp_T20_inst4,7,True,,False,6760,,6074.0,,,,,,"{""1"": 11, ""2"": 11, ""3"": 29, ""4"": 10, ""5"": 43, ""6"": 48, ""7"": 30, ""8"": 31, ""9"": 26, ""10"": 21, ""11"": 32, ""12"": 37, ""13"": 35, ""14"": 49, ""15"": 24, ""16"": 10, ""17"": 31, ""18"": 40, ""19"": 30, ""20"": 46}",data/results/direct_cot_siclsp_final/siclsp/siclsp_T20_inst4_run7.json
cot,SICLSP,CoT,20,siclsp_T20_inst4,8,True,,False,6464,,6074.0,,,,,,"{""1"": 11, ""2"": 11, ""3"": 29, ""4"": 10, ""5"": 43, ""6"": 48, ""7"": 30, ""8"": 31, ""9"": 26, ""10"": 21, ""11"": 32, ""12"": 37, ""13"": 35, ""14"": 49, ""15"": 24, ""16"": 10, ""17"": 31, ""18"": 40, ""19"": 30, ""20"": 46}",data/results/direct_cot_siclsp_final/siclsp/siclsp_T20_inst4_run8.json
cot,SICLSP,CoT,20,siclsp_T20_inst4,9,True,,False,5880,,6074.0,,,,,,"{""1"": 11, ""2"": 11, ""3"": 26, ""4"": 7, ""5"": 43, ""6"": 48, ""7"": 30, ""8"": 27, ""9"": 22, ""10"": 15, ""11"": 26, ""12"": 37, ""13"": 35, ""14"": 49, ""15"": 24, ""16"": 10, ""17"": 31, ""18"": 33, ""19"": 23, ""20"": 46}",data/results/direct_cot_siclsp_final/siclsp/siclsp_T20_inst4_run9.json
cot,SICLSP,CoT,25,siclsp_T25_inst0,1,True,,True,10412,11654.0,6797.0,71.45799617478299,,,,,"{""1"": 67, ""2"": 23, ""3"": 29, ""4"": 52, ""5"": 49, ""6"": 14, ""7"": 43, ""8"": 33, ""9"": 13, ""10"": 41, ""11"": 41, ""12"": 49, ""13"": 12, ""14"": 33, ""15"": 8, ""16"": 30, ""17"": 25, ""18"": 33, ""19"": 37, ""20"": 24, ""21"": 37, ""22"": 27, ""23"": 20, ""24"": 27, ""25"": 45}",data/results/direct_cot_siclsp_final/siclsp/siclsp_T25_inst0_run1.json
cot,SICLSP,CoT,25,siclsp_T25_inst0,10,True,,False,5560,,6797.0,,,,,,"{""1"": 67, ""2"": 0, ""3"": 0, ""4"": 52, ""5"": 0, ""6"": 0, ""7"": 43, ""8"": 0, ""9"": 0, ""10"": 41, ""11"": 0, ""12"": 49, ""13"": 0, ""14"": 0, ""15"": 0, ""16"": 30, ""17"": 0, ""18"": 33, ""19"": 37, ""20"": 0, ""21"": 37, ""22"": 0, ""23"": 0, ""24"": 27, ""25"": 45}",data/results/direct_cot_siclsp_final/siclsp/siclsp_T25_inst0_run10.json
cot,SICLSP,CoT,25,siclsp_T25_inst0,2,True,,False,12345,,6797.0,,,,,,"{""1"": 67, ""2"": 0, ""3"": 29, ""4"": 52, ""5"": 13, ""6"": 14, ""7"": 43, ""8"": 21, ""9"": 13, ""10"": 41, ""11"": 36, ""12"": 49, ""13"": 10, ""14"": 33, ""15"": 0, ""16"": 30, ""17"": 9, ""18"": 33, ""19"": 33, ""20"": 24, ""21"": 21, ""22"": 27, ""23"": 0, ""24"": 27, ""25"": 36}",data/results/direct_cot_siclsp_final/siclsp/siclsp_T25_inst0_run2.json
cot,SICLSP,CoT,25,siclsp_T25_inst0,3,True,,False,10478,,6797.0,,,,,,"{""1"": 67, ""2"": 0, ""3"": 0, ""4"": 52, ""5"": 0, ""6"": 0, ""7"": 43, ""8"": 0, ""9"": 0, ""10"": 41, ""11"": 0, ""12"": 49, ""13"": 0, ""14"": 0, ""15"": 0, ""16"": 30, ""17"": 0, ""18"": 33, ""19"": 37, ""20"": 0, ""21"": 37, ""22"": 0, ""23"": 0, ""24"": 27, ""25"": 45}",data/results/direct_cot_siclsp_final/siclsp/siclsp_T25_inst0_run3.json
cot,SICLSP,CoT,25,siclsp_T25_inst0,4,True,,False,10436,,6797.0,,,,,,"{""1"": 67, ""2"": 0, ""3"": 29, ""4"": 52, ""5"": 49, ""6"": 0, ""7"": 43, ""8"": 33, ""9"": 13, ""10"": 41, ""11"": 41, ""12"": 49, ""13"": 0, ""14"": 33, ""15"": 8, ""16"": 30, ""17"": 25, ""18"": 33, ""19"": 37, ""20"": 24, ""21"": 37, ""22"": 27, ""23"": 20, ""24"": 27, ""25"": 45}",data/results/direct_cot_siclsp_final/siclsp/siclsp_T25_inst0_run4.json
cot,SICLSP,CoT,25,siclsp_T25_inst0,5,True,,False,10492,,6797.0,,,,,,"{""1"": 67, ""2"": 0, ""3"": 29, ""4"": 52, ""5"": 49, ""6"": 14, ""7"": 43, ""8"": 33, ""9"": 13, ""10"": 41, ""11"": 41, ""12"": 49, ""13"": 12, ""14"": 33, ""15"": 8, ""16"": 30, ""17"": 25, ""18"": 33, ""19"": 37, ""20"": 24, ""21"": 37, ""22"": 27, ""23"": 20, ""24"": 27, ""25"": 45}",data/results/direct_cot_siclsp_final/siclsp/siclsp_T25_inst0_run5.json
cot,SICLSP,CoT,25,siclsp_T25_inst0,6,True,,False,10448,,6797.0,,,,,,"{""1"": 67, ""2"": 0, ""3"": 0, ""4"": 34, ""5"": 38, ""6"": 0, ""7"": 37, ""8"": 35, ""9"": 0, ""10"": 29, ""11"": 49, ""12"": 45, ""13"": 0, ""14"": 24, ""15"": 0, ""16"": 26, ""17"": 20, ""18"": 38, ""19"": 37, ""20"": 0, ""21"": 32, ""22"": 20, ""23"": 14, ""24"": 22, ""25"": 45}",data/results/direct_cot_siclsp_final/siclsp/siclsp_T25_inst0_run6.json
cot,SICLSP,CoT,25,siclsp_T25_inst0,7,True,,True,10478,11654.0,6797.0,71.45799617478299,,,,,"{""1"": 67, ""2"": 23, ""3"": 29, ""4"": 52, ""5"": 49, ""6"": 14, ""7"": 43, ""8"": 33, ""9"": 13, ""10"": 41, ""11"": 41, ""12"": 49, ""13"": 12, ""14"": 33, ""15"": 8, ""16"": 30, ""17"": 25, ""18"": 33, ""19"": 37, ""20"": 24, ""21"": 37, ""22"": 27, ""23"": 20, ""24"": 27, ""25"": 45}",data/results/direct_cot_siclsp_final/siclsp/siclsp_T25_inst0_run7.json
cot,SICLSP,CoT,25,siclsp_T25_inst0,8,True,,False,0,,6797.0,,,,,,"{""1"": 45, ""2"": 22, ""3"": 29, ""4"": 34, ""5"": 38, ""6"": 14, ""7"": 37, ""8"": 33, ""9"": 13, ""10"": 29, ""11"": 41, ""12"": 45, ""13"": 12, ""14"": 24, ""15"": 8, ""16"": 26, ""17"": 20, ""18"": 33, ""19"": 37, ""20"": 17, ""21"": 32, ""22"": 20, ""23"": 14, ""24"": 22, ""25"": 45}",data/results/direct_cot_siclsp_final/siclsp/siclsp_T25_inst0_run8.json
cot,SICLSP,CoT,25,siclsp_T25_inst0,9,True,,True,0,11673.0,6797.0,71.73753126379285,,,,,"{""1"": 67, ""2"": 23, ""3"": 29, ""4"": 52, ""5"": 49, ""6"": 14, ""7"": 43, ""8"": 33, ""9"": 13, ""10"": 41, ""11"": 41, ""12"": 49, ""13"": 12, ""14"": 33, ""15"": 8, ""16"": 30, ""17"": 25, ""18"": 33, ""19"": 37, ""20"": 24, ""21"": 37, ""22"": 27, ""23"": 20, ""24"": 27, ""25"": 64}",data/results/direct_cot_siclsp_final/siclsp/siclsp_T25_inst0_run9.json
cot,SICLSP,CoT,25,siclsp_T25_inst1,1,True,,False,10477,,7542.0,,,,,,"{""1"": 38, ""2"": 24, ""3"": 13, ""4"": 31, ""5"": 22, ""6"": 12, ""7"": 29, ""8"": 14, ""9"": 19, ""10"": 45, ""11"": 40, ""12"": 10, ""13"": 44, ""14"": 34, ""15"": 25, ""16"": 17, ""17"": 19, ""18"": 19, ""19"": 12, ""20"": 20, ""21"": 23, ""22"": 17, ""23"": 14, ""24"": 33, ""25"": 31}",data/results/direct_cot_siclsp_final/siclsp/siclsp_T25_inst1_run1.json
cot,SICLSP,CoT,25,siclsp_T25_inst1,10,True,,False,10468,,7542.0,,,,,,"{""1"": 38, ""2"": 24, ""3"": 13, ""4"": 33, ""5"": 22, ""6"": 12, ""7"": 29, ""8"": 14, ""9"": 21, ""10"": 45, ""11"": 40, ""12"": 10, ""13"": 44, ""14"": 34, ""15"": 25, ""16"": 17, ""17"": 26, ""18"": 19, ""19"": 18, ""20"": 20, ""21"": 28, ""22"": 17, ""23"": 14, ""24"": 37, ""25"": 31}",data/results/direct_cot_siclsp_final/siclsp/siclsp_T25_inst1_run10.json
cot,SICLSP,CoT,25,siclsp_T25_inst1,2,True,,False,10468,,7542.0,,,,,,"{""1"": 38, ""2"": 24, ""3"": 13, ""4"": 33, ""5"": 22, ""6"": 12, ""7"": 29, ""8"": 14, ""9"": 24, ""10"": 45, ""11"": 40, ""12"": 10, ""13"": 44, ""14"": 34, ""15"": 25, ""16"": 17, ""17"": 29, ""18"": 19, ""19"": 18, ""20"": 20, ""21"": 28, ""22"": 17, ""23"": 14, ""24"": 37, ""25"": 43}",data/results/direct_cot_siclsp_final/siclsp/siclsp_T25_inst1_run2.json
cot,SICLSP,CoT,25,siclsp_T25_inst1,3,True,,False,0,,7542.0,,,,,,"{""1"": 38, ""2"": 24, ""3"": 13, ""4"": 33, ""5"": 22, ""6"": 12, ""7"": 29, ""8"": 14, ""9"": 24, ""10"": 45, ""11"": 40, ""12"": 10, ""13"": 44, ""14"": 34, ""15"": 25, ""16"": 17, ""17"": 29, ""18"": 21, ""19"": 12, ""20"": 29, ""21"": 23, ""22"": 17, ""23"": 14, ""24"": 37, ""25"": 43}",data/results/direct_cot_siclsp_final/siclsp/siclsp_T25_inst1_run3.json
cot,SICLSP,CoT,25,siclsp_T25_inst1,4,True,,False,10178,,7542.0,,,,,,"{""1"": 38, ""2"": 24, ""3"": 13, ""4"": 31, ""5"": 22, ""6"": 12, ""7"": 29, ""8"": 14, ""9"": 19, ""10"": 45, ""11"": 40, ""12"": 10, ""13"": 44, ""14"": 34, ""15"": 25, ""16"": 17, ""17"": 19, ""18"": 19, ""19"": 12, ""20"": 20, ""21"": 23, ""22"": 17, ""23"": 14, ""24"": 33, ""25"": 31}",data/results/direct_cot_siclsp_final/siclsp/siclsp_T25_inst1_run4.json
cot,SICLSP,CoT,25,siclsp_T25_inst1,5,True,,False,0,,7542.0,,,,,,"{""1"": 38, ""2"": 24, ""3"": 13, ""4"": 33, ""5"": 22, ""6"": 12, ""7"": 29, ""8"": 14, ""9"": 21, ""10"": 46, ""11"": 40, ""12"": 10, ""13"": 44, ""14"": 34, ""15"": 25, ""16"": 17, ""17"": 26, ""18"": 22, ""19"": 14, ""20"": 22, ""21"": 26, ""22"": 17, ""23"": 18, ""24"": 33, ""25"": 43}",data/results/direct_cot_siclsp_final/siclsp/siclsp_T25_inst1_run5.json
cot,SICLSP,CoT,25,siclsp_T25_inst1,6,True,,False,0,,7542.0,,,,,,"{""1"": 38, ""2"": 24, ""3"": 13, ""4"": 33, ""5"": 22, ""6"": 12, ""7"": 29, ""8"": 14, ""9"": 21, ""10"": 45, ""11"": 40, ""12"": 10, ""13"": 44, ""14"": 34, ""15"": 25, ""16"": 17, ""17"": 26, ""18"": 19, ""19"": 14, ""20"": 20, ""21"": 28, ""22"": 17, ""23"": 14, ""24"": 37, ""25"": 31}",data/results/direct_cot_siclsp_final/siclsp/siclsp_T25_inst1_run6.json
cot,SICLSP,CoT,25,siclsp_T25_inst1,7,True,,False,6760,,7542.0,,,,,,"{""1"": 38, ""2"": 24, ""3"": 13, ""4"": 31, ""5"": 22, ""6"": 12, ""7"": 29, ""8"": 14, ""9"": 19, ""10"": 45, ""11"": 40, ""12"": 10, ""13"": 44, ""14"": 34, ""15"": 25, ""16"": 17, ""17"": 19, ""18"": 19, ""19"": 12, ""20"": 20, ""21"": 23, ""22"": 17, ""23"": 14, ""24"": 33, ""25"": 31}",data/results/direct_cot_siclsp_final/siclsp/siclsp_T25_inst1_run7.json
cot,SICLSP,CoT,25,siclsp_T25_inst1,8,True,,False,10478,,7542.0,,,,,,"{""1"": 38, ""2"": 24, ""3"": 13, ""4"": 33, ""5"": 22, ""6"": 12, ""7"": 29, ""8"": 14, ""9"": 24, ""10"": 45, ""11"": 40, ""12"": 10, ""13"": 44, ""14"": 34, ""15"": 25, ""16"": 17, ""17"": 29, ""18"": 19, ""19"": 18, ""20"": 20, ""21"": 28, ""22"": 17, ""23"": 14, ""24"": 37, ""25"": 31}",data/results/direct_cot_siclsp_final/siclsp/siclsp_T25_inst1_run8.json
cot,SICLSP,CoT,25,siclsp_T25_inst1,9,True,,False,7200,,7542.0,,,,,,"{""1"": 38, ""2"": 24, ""3"": 13, ""4"": 31, ""5"": 22, ""6"": 12, ""7"": 29, ""8"": 14, ""9"": 19, ""10"": 45, ""11"": 40, ""12"": 10, ""13"": 44, ""14"": 34, ""15"": 25, ""16"": 17, ""17"": 19, ""18"": 19, ""19"": 12, ""20"": 20, ""21"": 23, ""22"": 17, ""23"": 14, ""24"": 33, ""25"": 31}",data/results/direct_cot_siclsp_final/siclsp/siclsp_T25_inst1_run9.json
cot,SICLSP,CoT,25,siclsp_T25_inst2,1,True,,False,7370,,6459.0,,,,,,"{""1"": 46, ""2"": 29, ""3"": 36, ""4"": 21, ""5"": 39, ""6"": 13, ""7"": 42, ""8"": 49, ""9"": 28, ""10"": 19, ""11"": 40, ""12"": 32, ""13"": 24, ""14"": 36, ""15"": 37, ""16"": 12, ""17"": 44, ""18"": 24, ""19"": 48, ""20"": 14, ""21"": 21, ""22"": 25, ""23"": 11, ""24"": 48, ""25"": 28}",data/results/direct_cot_siclsp_final/siclsp/siclsp_T25_inst2_run1.json
cot,SICLSP,CoT,25,siclsp_T25_inst2,10,True,,False,6760,,6459.0,,,,,,"{""1"": 46, ""2"": 31, ""3"": 36, ""4"": 21, ""5"": 39, ""6"": 13, ""7"": 42, ""8"": 48, ""9"": 28, ""10"": 19, ""11"": 40, ""12"": 32, ""13"": 24, ""14"": 36, ""15"": 37, ""16"": 12, ""17"": 44, ""18"": 24, ""19"": 48, ""20"": 14, ""21"": 21, ""22"": 25, ""23"": 11, ""24"": 48, ""25"": 28}",data/results/direct_cot_siclsp_final/siclsp/siclsp_T25_inst2_run10.json
cot,SICLSP,CoT,25,siclsp_T25_inst2,2,True,,False,6764,,6459.0,,,,,,"{""1"": 46, ""2"": 29, ""3"": 36, ""4"": 21, ""5"": 39, ""6"": 13, ""7"": 42, ""8"": 49, ""9"": 28, ""10"": 19, ""11"": 40, ""12"": 32, ""13"": 24, ""14"": 36, ""15"": 37, ""16"": 12, ""17"": 44, ""18"": 24, ""19"": 48, ""20"": 14, ""21"": 21, ""22"": 25, ""23"": 11, ""24"": 48, ""25"": 28}",data/results/direct_cot_siclsp_final/siclsp/siclsp_T25_inst2_run2.json
cot,SICLSP,CoT,25,siclsp_T25_inst2,3,True,,False,0,,6459.0,,,,,,"{""1"": 46, ""2"": 31, ""3"": 36, ""4"": 21, ""5"": 39, ""6"": 13, ""7"": 42, ""8"": 48, ""9"": 28, ""10"": 19, ""11"": 40, ""12"": 32, ""13"": 24, ""14"": 36, ""15"": 37, ""16"": 12, ""17"": 44, ""18"": 24, ""19"": 48, ""20"": 14, ""21"": 21, ""22"": 25, ""23"": 11, ""24"": 48, ""25"": 28}",data/results/direct_cot_siclsp_final/siclsp/siclsp_T25_inst2_run3.json
cot,SICLSP,CoT,25,siclsp_T25_inst2,4,True,,False,0,,6459.0,,,,,,"{""1"": 46, ""2"": 29, ""3"": 36, ""4"": 21, ""5"": 39, ""6"": 13, ""7"": 42, ""8"": 49, ""9"": 28, ""10"": 19, ""11"": 40, ""12"": 32, ""13"": 24, ""14"": 36, ""15"": 37, ""16"": 12, ""17"": 44, ""18"": 24, ""19"": 48, ""20"": 14, ""21"": 21, ""22"": 25, ""23"": 11, ""24"": 48, ""25"": 28}",data/results/direct_cot_siclsp_final/siclsp/siclsp_T25_inst2_run4.json
cot,SICLSP,CoT,25,siclsp_T25_inst2,5,True,,False,6765,,6459.0,,,,,,"{""1"": 46, ""2"": 31, ""3"": 36, ""4"": 21, ""5"": 39, ""6"": 13, ""7"": 42, ""8"": 48, ""9"": 28, ""10"": 19, ""11"": 40, ""12"": 32, ""13"": 24, ""14"": 36, ""15"": 37, ""16"": 12, ""17"": 44, ""18"": 24, ""19"": 48, ""20"": 14, ""21"": 21, ""22"": 25, ""23"": 11, ""24"": 48, ""25"": 28}",data/results/direct_cot_siclsp_final/siclsp/siclsp_T25_inst2_run5.json
cot,SICLSP,CoT,25,siclsp_T25_inst2,6,True,,False,10412,,6459.0,,,,,,"{""1"": 46, ""2"": 31, ""3"": 33, ""4"": 23, ""5"": 37, ""6"": 20, ""7"": 42, ""8"": 48, ""9"": 36, ""10"": 22, ""11"": 42, ""12"": 38, ""13"": 32, ""14"": 32, ""15"": 53, ""16"": 0, ""17"": 44, ""18"": 23, ""19"": 58, ""20"": 13, ""21"": 15, ""22"": 34, ""23"": 13, ""24"": 39, ""25"": 32}",data/results/direct_cot_siclsp_final/siclsp/siclsp_T25_inst2_run6.json
cot,SICLSP,CoT,25,siclsp_T25_inst2,7,True,,False,6760,,6459.0,,,,,,"{""1"": 46, ""2"": 31, ""3"": 36, ""4"": 21, ""5"": 39, ""6"": 13, ""7"": 42, ""8"": 48, ""9"": 28, ""10"": 19, ""11"": 40, ""12"": 32, ""13"": 24, ""14"": 36, ""15"": 37, ""16"": 12, ""17"": 44, ""18"": 24, ""19"": 48, ""20"": 14, ""21"": 21, ""22"": 25, ""23"": 11, ""24"": 48, ""25"": 28}",data/results/direct_cot_siclsp_final/siclsp/siclsp_T25_inst2_run7.json
cot,SICLSP,CoT,25,siclsp_T25_inst2,8,True,,False,7370,,6459.0,,,,,,"{""1"": 46, ""2"": 29, ""3"": 36, ""4"": 21, ""5"": 39, ""6"": 13, ""7"": 42, ""8"": 49, ""9"": 28, ""10"": 19, ""11"": 40, ""12"": 32, ""13"": 24, ""14"": 36, ""15"": 37, ""16"": 12, ""17"": 44, ""18"": 24, ""19"": 48, ""20"": 14, ""21"": 21, ""22"": 25, ""23"": 11, ""24"": 48, ""25"": 28}",data/results/direct_cot_siclsp_final/siclsp/siclsp_T25_inst2_run8.json
cot,SICLSP,CoT,25,siclsp_T25_inst2,9,True,,False,0,,6459.0,,,,,,"{""1"": 46, ""2"": 31, ""3"": 36, ""4"": 21, ""5"": 39, ""6"": 13, ""7"": 42, ""8"": 48, ""9"": 28, ""10"": 19, ""11"": 40, ""12"": 32, ""13"": 24, ""14"": 36, ""15"": 37, ""16"": 12, ""17"": 44, ""18"": 24, ""19"": 48, ""20"": 14, ""21"": 21, ""22"": 25, ""23"": 11, ""24"": 48, ""25"": 28}",data/results/direct_cot_siclsp_final/siclsp/siclsp_T25_inst2_run9.json
cot,SICLSP,CoT,25,siclsp_T25_inst3,1,True,,False,8123,,8015.0,,,,,,"{""1"": 50, ""2"": 38, ""3"": 25, ""4"": 31, ""5"": 16, ""6"": 43, ""7"": 17, ""8"": 15, ""9"": 31, ""10"": 14, ""11"": 19, ""12"": 49, ""13"": 15, ""14"": 43, ""15"": 29, ""16"": 45, ""17"": 31, ""18"": 36, ""19"": 13, ""20"": 16, ""21"": 14, ""22"": 22, ""23"": 11, ""24"": 15, ""25"": 35}",data/results/direct_cot_siclsp_final/siclsp/siclsp_T25_inst3_run1.json
cot,SICLSP,CoT,25,siclsp_T25_inst3,10,True,,False,7641,,8015.0,,,,,,"{""1"": 50, ""2"": 38, ""3"": 25, ""4"": 31, ""5"": 15, ""6"": 43, ""7"": 17, ""8"": 15, ""9"": 31, ""10"": 14, ""11"": 19, ""12"": 49, ""13"": 15, ""14"": 43, ""15"": 29, ""16"": 45, ""17"": 31, ""18"": 36, ""19"": 13, ""20"": 16, ""21"": 14, ""22"": 22, ""23"": 11, ""24"": 15, ""25"": 35}",data/results/direct_cot_siclsp_final/siclsp/siclsp_T25_inst3_run10.json
cot,SICLSP,CoT,25,siclsp_T25_inst3,2,True,,False,7994,,8015.0,,,,,,"{""1"": 50, ""2"": 38, ""3"": 25, ""4"": 31, ""5"": 16, ""6"": 43, ""7"": 17, ""8"": 15, ""9"": 31, ""10"": 14, ""11"": 19, ""12"": 49, ""13"": 15, ""14"": 43, ""15"": 29, ""16"": 45, ""17"": 31, ""18"": 36, ""19"": 13, ""20"": 16, ""21"": 14, ""22"": 22, ""23"": 11, ""24"": 15, ""25"": 35}",data/results/direct_cot_siclsp_final/siclsp/siclsp_T25_inst3_run2.json
cot,SICLSP,CoT,25,siclsp_T25_inst3,3,True,,False,8085,,8015.0,,,,,,"{""1"": 50, ""2"": 38, ""3"": 25, ""4"": 31, ""5"": 16, ""6"": 43, ""7"": 17, ""8"": 15, ""9"": 31, ""10"": 14, ""11"": 19, ""12"": 49, ""13"": 15, ""14"": 43, ""15"": 29, ""16"": 45, ""17"": 31, ""18"": 36, ""19"": 13, ""20"": 16, ""21"": 14, ""22"": 22, ""23"": 11, ""24"": 15, ""25"": 35}",data/results/direct_cot_siclsp_final/siclsp/siclsp_T25_inst3_run3.json
cot,SICLSP,CoT,25,siclsp_T25_inst3,4,True,,False,8650,,8015.0,,,,,,"{""1"": 50, ""2"": 38, ""3"": 25, ""4"": 31, ""5"": 16, ""6"": 43, ""7"": 17, ""8"": 15, ""9"": 31, ""10"": 14, ""11"": 19, ""12"": 49, ""13"": 15, ""14"": 43, ""15"": 29, ""16"": 45, ""17"": 31, ""18"": 36, ""19"": 13, ""20"": 16, ""21"": 14, ""22"": 22, ""23"": 11, ""24"": 15, ""25"": 35}",data/results/direct_cot_siclsp_final/siclsp/siclsp_T25_inst3_run4.json
cot,SICLSP,CoT,25,siclsp_T25_inst3,5,True,,False,8243,,8015.0,,,,,,"{""1"": 50, ""2"": 38, ""3"": 25, ""4"": 31, ""5"": 16, ""6"": 43, ""7"": 17, ""8"": 15, ""9"": 31, ""10"": 14, ""11"": 19, ""12"": 49, ""13"": 15, ""14"": 43, ""15"": 29, ""16"": 45, ""17"": 31, ""18"": 36, ""19"": 13, ""20"": 16, ""21"": 14, ""22"": 22, ""23"": 11, ""24"": 15, ""25"": 35}",data/results/direct_cot_siclsp_final/siclsp/siclsp_T25_inst3_run5.json
cot,SICLSP,CoT,25,siclsp_T25_inst3,6,True,,False,8125,,8015.0,,,,,,"{""1"": 50, ""2"": 38, ""3"": 25, ""4"": 31, ""5"": 16, ""6"": 43, ""7"": 17, ""8"": 15, ""9"": 31, ""10"": 14, ""11"": 19, ""12"": 49, ""13"": 15, ""14"": 43, ""15"": 29, ""16"": 45, ""17"": 31, ""18"": 36, ""19"": 13, ""20"": 16, ""21"": 14, ""22"": 22, ""23"": 11, ""24"": 15, ""25"": 35}",data/results/direct_cot_siclsp_final/siclsp/siclsp_T25_inst3_run6.json
cot,SICLSP,CoT,25,siclsp_T25_inst3,7,True,,False,7892,,8015.0,,,,,,"{""1"": 50, ""2"": 38, ""3"": 25, ""4"": 31, ""5"": 16, ""6"": 43, ""7"": 17, ""8"": 15, ""9"": 31, ""10"": 14, ""11"": 19, ""12"": 49, ""13"": 15, ""14"": 43, ""15"": 29, ""16"": 45, ""17"": 31, ""18"": 36, ""19"": 13, ""20"": 16, ""21"": 14, ""22"": 22, ""23"": 11, ""24"": 15, ""25"": 35}",data/results/direct_cot_siclsp_final/siclsp/siclsp_T25_inst3_run7.json
cot,SICLSP,CoT,25,siclsp_T25_inst3,8,True,,False,8121,,8015.0,,,,,,"{""1"": 50, ""2"": 38, ""3"": 25, ""4"": 31, ""5"": 16, ""6"": 43, ""7"": 17, ""8"": 15, ""9"": 31, ""10"": 14, ""11"": 19, ""12"": 49, ""13"": 15, ""14"": 43, ""15"": 29, ""16"": 45, ""17"": 31, ""18"": 36, ""19"": 13, ""20"": 16, ""21"": 14, ""22"": 22, ""23"": 11, ""24"": 15, ""25"": 35}",data/results/direct_cot_siclsp_final/siclsp/siclsp_T25_inst3_run8.json
cot,SICLSP,CoT,25,siclsp_T25_inst3,9,True,,False,8125,,8015.0,,,,,,"{""1"": 50, ""2"": 38, ""3"": 25, ""4"": 31, ""5"": 16, ""6"": 43, ""7"": 17, ""8"": 15, ""9"": 31, ""10"": 14, ""11"": 19, ""12"": 49, ""13"": 15, ""14"": 43, ""15"": 29, ""16"": 45, ""17"": 31, ""18"": 36, ""19"": 13, ""20"": 16, ""21"": 14, ""22"": 22, ""23"": 11, ""24"": 15, ""25"": 35}",data/results/direct_cot_siclsp_final/siclsp/siclsp_T25_inst3_run9.json
cot,SICLSP,CoT,25,siclsp_T25_inst4,1,True,,True,10192,13434.0,7044.0,90.71550255536627,,,,,"{""1"": 47, ""2"": 22, ""3"": 9, ""4"": 50, ""5"": 46, ""6"": 27, ""7"": 32, ""8"": 33, ""9"": 66, ""10"": 44, ""11"": 70, ""12"": 32, ""13"": 66, ""14"": 26, ""15"": 21, ""16"": 58, ""17"": 10, ""18"": 42, ""19"": 25, ""20"": 56, ""21"": 14, ""22"": 30, ""23"": 21, ""24"": 32, ""25"": 22}",data/results/direct_cot_siclsp_final/siclsp/siclsp_T25_inst4_run1.json
cot,SICLSP,CoT,25,siclsp_T25_inst4,10,True,,False,10492,,7044.0,,,,,,"{""1"": 47, ""2"": 0, ""3"": 0, ""4"": 50, ""5"": 46, ""6"": 0, ""7"": 32, ""8"": 0, ""9"": 42, ""10"": 0, ""11"": 44, ""12"": 0, ""13"": 45, ""14"": 0, ""15"": 0, ""16"": 45, ""17"": 0, ""18"": 42, ""19"": 0, ""20"": 49, ""21"": 14, ""22"": 30, ""23"": 0, ""24"": 32, ""25"": 0}",data/results/direct_cot_siclsp_final/siclsp/siclsp_T25_inst4_run10.json
cot,SICLSP,CoT,25,siclsp_T25_inst4,2,True,,True,10192,9922.0,7044.0,40.85746734809767,,,,,"{""1"": 47, ""2"": 22, ""3"": 9, ""4"": 50, ""5"": 46, ""6"": 27, ""7"": 32, ""8"": 33, ""9"": 42, ""10"": 44, ""11"": 44, ""12"": 32, ""13"": 45, ""14"": 26, ""15"": 21, ""16"": 45, ""17"": 10, ""18"": 42, ""19"": 25, ""20"": 49, ""21"": 14, ""22"": 30, ""23"": 21, ""24"": 32, ""25"": 17}",data/results/direct_cot_siclsp_final/siclsp/siclsp_T25_inst4_run2.json
cot,SICLSP,CoT,25,siclsp_T25_inst4,3,True,,False,10123,,7044.0,,,,,,"{""1"": 47, ""2"": 0, ""3"": 13, ""4"": 50, ""5"": 46, ""6"": 17, ""7"": 26, ""8"": 26, ""9"": 42, ""10"": 37, ""11"": 44, ""12"": 27, ""13"": 45, ""14"": 37, ""15"": 28, ""16"": 45, ""17"": 13, ""18"": 28, ""19"": 28, ""20"": 49, ""21"": 14, ""22"": 40, ""23"": 14, ""24"": 26, ""25"": 17}",data/results/direct_cot_siclsp_final/siclsp/siclsp_T25_inst4_run3.json
cot,SICLSP,CoT,25,siclsp_T25_inst4,4,True,,False,7983,,7044.0,,,,,,"{""1"": 47, ""2"": 22, ""3"": 0, ""4"": 50, ""5"": 46, ""6"": 17, ""7"": 26, ""8"": 26, ""9"": 42, ""10"": 37, ""11"": 44, ""12"": 27, ""13"": 45, ""14"": 37, ""15"": 28, ""16"": 45, ""17"": 13, ""18"": 28, ""19"": 28, ""20"": 49, ""21"": 14, ""22"": 40, ""23"": 14, ""24"": 26, ""25"": 17}",data/results/direct_cot_siclsp_final/siclsp/siclsp_T25_inst4_run4.json
cot,SICLSP,CoT,25,siclsp_T25_inst4,5,True,,True,10478,13434.0,7044.0,90.71550255536627,,,,,"{""1"": 47, ""2"": 22, ""3"": 9, ""4"": 50, ""5"": 46, ""6"": 27, ""7"": 32, ""8"": 33, ""9"": 66, ""10"": 44, ""11"": 70, ""12"": 32, ""13"": 66, ""14"": 26, ""15"": 21, ""16"": 58, ""17"": 10, ""18"": 42, ""19"": 25, ""20"": 56, ""21"": 14, ""22"": 30, ""23"": 21, ""24"": 32, ""25"": 22}",data/results/direct_cot_siclsp_final/siclsp/siclsp_T25_inst4_run5.json
cot,SICLSP,CoT,25,siclsp_T25_inst4,6,True,,False,7992,,7044.0,,,,,,"{""1"": 34, ""2"": 25, ""3"": 13, ""4"": 50, ""5"": 46, ""6"": 17, ""7"": 26, ""8"": 26, ""9"": 42, ""10"": 37, ""11"": 44, ""12"": 27, ""13"": 45, ""14"": 37, ""15"": 28, ""16"": 45, ""17"": 13, ""18"": 28, ""19"": 28, ""20"": 49, ""21"": 14, ""22"": 40, ""23"": 14, ""24"": 26, ""25"": 17}",data/results/direct_cot_siclsp_final/siclsp/siclsp_T25_inst4_run6.json
cot,SICLSP,CoT,25,siclsp_T25_inst4,7,True,,False,10000,,7044.0,,,,,,"{""1"": 34, ""2"": 22, ""3"": 9, ""4"": 54, ""5"": 46, ""6"": 17, ""7"": 26, ""8"": 26, ""9"": 42, ""10"": 37, ""11"": 44, ""12"": 27, ""13"": 45, ""14"": 26, ""15"": 21, ""16"": 52, ""17"": 10, ""18"": 31, ""19"": 25, ""20"": 52, ""21"": 14, ""22"": 30, ""23"": 21, ""24"": 26, ""25"": 17}",data/results/direct_cot_siclsp_final/siclsp/siclsp_T25_inst4_run7.json
cot,SICLSP,CoT,25,siclsp_T25_inst4,8,True,,False,7643,,7044.0,,,,,,"{""1"": 47, ""2"": 12, ""3"": 9, ""4"": 50, ""5"": 46, ""6"": 17, ""7"": 26, ""8"": 26, ""9"": 42, ""10"": 37, ""11"": 44, ""12"": 27, ""13"": 45, ""14"": 37, ""15"": 28, ""16"": 45, ""17"": 13, ""18"": 28, ""19"": 28, ""20"": 49, ""21"": 14, ""22"": 40, ""23"": 14, ""24"": 26, ""25"": 17}",data/results/direct_cot_siclsp_final/siclsp/siclsp_T25_inst4_run8.json
cot,SICLSP,CoT,25,siclsp_T25_inst4,9,True,,True,10478,9922.0,7044.0,40.85746734809767,,,,,"{""1"": 47, ""2"": 22, ""3"": 9, ""4"": 50, ""5"": 46, ""6"": 27, ""7"": 32, ""8"": 33, ""9"": 42, ""10"": 44, ""11"": 44, ""12"": 32, ""13"": 45, ""14"": 26, ""15"": 21, ""16"": 45, ""17"": 10, ""18"": 42, ""19"": 25, ""20"": 49, ""21"": 14, ""22"": 30, ""23"": 21, ""24"": 32, ""25"": 17}",data/results/direct_cot_siclsp_final/siclsp/siclsp_T25_inst4_run9.json
cot,SICLSP,CoT,5,siclsp_T5_inst0,1,True,,False,1176,,743.0,,,,,,"{""1"": 31, ""2"": 35, ""3"": 12, ""4"": 17, ""5"": 17}",data/results/direct_cot_siclsp_final/siclsp/siclsp_T5_inst0_run1.json
cot,SICLSP,CoT,5,siclsp_T5_inst0,10,True,,False,1176,,743.0,,,,,,"{""1"": 31, ""2"": 35, ""3"": 12, ""4"": 18, ""5"": 16}",data/results/direct_cot_siclsp_final/siclsp/siclsp_T5_inst0_run10.json
cot,SICLSP,CoT,5,siclsp_T5_inst0,2,True,,True,689,743.0,743.0,0.0,,,,,"{""1"": 31, ""2"": 65, ""3"": 0, ""4"": 0, ""5"": 16}",data/results/direct_cot_siclsp_final/siclsp/siclsp_T5_inst0_run2.json
cot,SICLSP,CoT,5,siclsp_T5_inst0,3,True,,True,1040,1120.0,743.0,50.74024226110363,,,,,"{""1"": 31, ""2"": 65, ""3"": 0, ""4"": 17, ""5"": 26}",data/results/direct_cot_siclsp_final/siclsp/siclsp_T5_inst0_run3.json
cot,SICLSP,CoT,5,siclsp_T5_inst0,4,True,,False,1168,,743.0,,,,,,"{""1"": 31, ""2"": 35, ""3"": 12, ""4"": 17, ""5"": 17}",data/results/direct_cot_siclsp_final/siclsp/siclsp_T5_inst0_run4.json
cot,SICLSP,CoT,5,siclsp_T5_inst0,5,True,,False,1176,,743.0,,,,,,"{""1"": 31, ""2"": 35, ""3"": 12, ""4"": 17, ""5"": 17}",data/results/direct_cot_siclsp_final/siclsp/siclsp_T5_inst0_run5.json
cot,SICLSP,CoT,5,siclsp_T5_inst0,6,True,,False,1178,,743.0,,,,,,"{""1"": 31, ""2"": 35, ""3"": 12, ""4"": 17, ""5"": 15}",data/results/direct_cot_siclsp_final/siclsp/siclsp_T5_inst0_run6.json
cot,SICLSP,CoT,5,siclsp_T5_inst0,7,True,,False,1178,,743.0,,,,,,"{""1"": 31, ""2"": 35, ""3"": 8, ""4"": 17, ""5"": 15}",data/results/direct_cot_siclsp_final/siclsp/siclsp_T5_inst0_run7.json
cot,SICLSP,CoT,5,siclsp_T5_inst0,8,True,,False,1176,,743.0,,,,,,"{""1"": 31, ""2"": 43, ""3"": 12, ""4"": 18, ""5"": 16}",data/results/direct_cot_siclsp_final/siclsp/siclsp_T5_inst0_run8.json
cot,SICLSP,CoT,5,siclsp_T5_inst0,9,True,,False,1176,,743.0,,,,,,"{""1"": 31, ""2"": 35, ""3"": 12, ""4"": 18, ""5"": 16}",data/results/direct_cot_siclsp_final/siclsp/siclsp_T5_inst0_run9.json
cot,SICLSP,CoT,5,siclsp_T5_inst1,1,True,,False,1865,,1640.0,,,,,,"{""1"": 32, ""2"": 39, ""3"": 44, ""4"": 10, ""5"": 25}",data/results/direct_cot_siclsp_final/siclsp/siclsp_T5_inst1_run1.json
cot,SICLSP,CoT,5,siclsp_T5_inst1,10,True,,False,1878,,1640.0,,,,,,"{""1"": 45, ""2"": 26, ""3"": 44, ""4"": 10, ""5"": 23}",data/results/direct_cot_siclsp_final/siclsp/siclsp_T5_inst1_run10.json
cot,SICLSP,CoT,5,siclsp_T5_inst1,2,True,,False,1865,,1640.0,,,,,,"{""1"": 32, ""2"": 39, ""3"": 44, ""4"": 10, ""5"": 23}",data/results/direct_cot_siclsp_final/siclsp/siclsp_T5_inst1_run2.json
cot,SICLSP,CoT,5,siclsp_T5_inst1,3,True,,False,1878,,1640.0,,,,,,"{""1"": 45, ""2"": 26, ""3"": 44, ""4"": 10, ""5"": 23}",data/results/direct_cot_siclsp_final/siclsp/siclsp_T5_inst1_run3.json
cot,SICLSP,CoT,5,siclsp_T5_inst1,4,True,,False,1878,,1640.0,,,,,,"{""1"": 45, ""2"": 26, ""3"": 44, ""4"": 10, ""5"": 23}",data/results/direct_cot_siclsp_final/siclsp/siclsp_T5_inst1_run4.json
cot,SICLSP,CoT,5,siclsp_T5_inst1,5,True,,True,1871,1871.0,1640.0,14.085365853658535,,,,,"{""1"": 32, ""2"": 41, ""3"": 44, ""4"": 10, ""5"": 23}",data/results/direct_cot_siclsp_final/siclsp/siclsp_T5_inst1_run5.json
cot,SICLSP,CoT,5,siclsp_T5_inst1,6,True,,False,1884,,1640.0,,,,,,"{""1"": 32, ""2"": 28, ""3"": 44, ""4"": 10, ""5"": 23}",data/results/direct_cot_siclsp_final/siclsp/siclsp_T5_inst1_run6.json
cot,SICLSP,CoT,5,siclsp_T5_inst1,7,True,,False,1878,,1640.0,,,,,,"{""1"": 45, ""2"": 26, ""3"": 44, ""4"": 10, ""5"": 25}",data/results/direct_cot_siclsp_final/siclsp/siclsp_T5_inst1_run7.json
cot,SICLSP,CoT,5,siclsp_T5_inst1,8,True,,False,1865,,1640.0,,,,,,"{""1"": 32, ""2"": 39, ""3"": 44, ""4"": 10, ""5"": 23}",data/results/direct_cot_siclsp_final/siclsp/siclsp_T5_inst1_run8.json
cot,SICLSP,CoT,5,siclsp_T5_inst1,9,True,,False,1865,,1640.0,,,,,,"{""1"": 32, ""2"": 39, ""3"": 44, ""4"": 12, ""5"": 23}",data/results/direct_cot_siclsp_final/siclsp/siclsp_T5_inst1_run9.json
cot,SICLSP,CoT,5,siclsp_T5_inst2,1,True,,False,1408,,1267.0,,,,,,"{""1"": 35, ""2"": 36, ""3"": 30, ""4"": 23, ""5"": 34}",data/results/direct_cot_siclsp_final/siclsp/siclsp_T5_inst2_run1.json
cot,SICLSP,CoT,5,siclsp_T5_inst2,10,True,,False,1344,,1267.0,,,,,,"{""1"": 35, ""2"": 52, ""3"": 4, ""4"": 23, ""5"": 31}",data/results/direct_cot_siclsp_final/siclsp/siclsp_T5_inst2_run10.json
cot,SICLSP,CoT,5,siclsp_T5_inst2,2,True,,False,1344,,1267.0,,,,,,"{""1"": 35, ""2"": 52, ""3"": 4, ""4"": 23, ""5"": 31}",data/results/direct_cot_siclsp_final/siclsp/siclsp_T5_inst2_run2.json
cot,SICLSP,CoT,5,siclsp_T5_inst2,3,True,,False,1336,,1267.0,,,,,,"{""1"": 35, ""2"": 26, ""3"": 30, ""4"": 29, ""5"": 31}",data/results/direct_cot_siclsp_final/siclsp/siclsp_T5_inst2_run3.json
cot,SICLSP,CoT,5,siclsp_T5_inst2,4,True,,False,1337,,1267.0,,,,,,"{""1"": 25, ""2"": 36, ""3"": 30, ""4"": 36, ""5"": 31}",data/results/direct_cot_siclsp_final/siclsp/siclsp_T5_inst2_run4.json
cot,SICLSP,CoT,5,siclsp_T5_inst2,5,True,,False,1330,,1267.0,,,,,,"{""1"": 35, ""2"": 26, ""3"": 30, ""4"": 29, ""5"": 31}",data/results/direct_cot_siclsp_final/siclsp/siclsp_T5_inst2_run5.json
cot,SICLSP,CoT,5,siclsp_T5_inst2,6,True,,True,1383,1422.0,1267.0,12.233622730860299,,,,,"{""1"": 35, ""2"": 26, ""3"": 43, ""4"": 23, ""5"": 31}",data/results/direct_cot_siclsp_final/siclsp/siclsp_T5_inst2_run6.json
cot,SICLSP,CoT,5,siclsp_T5_inst2,7,True,,False,1357,,1267.0,,,,,,"{""1"": 35, ""2"": 26, ""3"": 30, ""4"": 36, ""5"": 31}",data/results/direct_cot_siclsp_final/siclsp/siclsp_T5_inst2_run7.json
cot,SICLSP,CoT,5,siclsp_T5_inst2,8,True,,True,1394,1394.0,1267.0,10.023677979479084,,,,,"{""1"": 35, ""2"": 52, ""3"": 47, ""4"": 0, ""5"": 31}",data/results/direct_cot_siclsp_final/siclsp/siclsp_T5_inst2_run8.json
cot,SICLSP,CoT,5,siclsp_T5_inst2,9,True,,False,1353,,1267.0,,,,,,"{""1"": 35, ""2"": 26, ""3"": 30, ""4"": 38, ""5"": 29}",data/results/direct_cot_siclsp_final/siclsp/siclsp_T5_inst2_run9.json
cot,SICLSP,CoT,5,siclsp_T5_inst3,1,True,,True,1841,1841.0,1668.0,10.371702637889687,,,,,"{""1"": 24, ""2"": 10, ""3"": 18, ""4"": 38, ""5"": 17}",data/results/direct_cot_siclsp_final/siclsp/siclsp_T5_inst3_run1.json
cot,SICLSP,CoT,5,siclsp_T5_inst3,10,True,,True,1841,1841.0,1668.0,10.371702637889687,,,,,"{""1"": 24, ""2"": 10, ""3"": 18, ""4"": 38, ""5"": 17}",data/results/direct_cot_siclsp_final/siclsp/siclsp_T5_inst3_run10.json
cot,SICLSP,CoT,5,siclsp_T5_inst3,2,True,,True,1841,1841.0,1668.0,10.371702637889687,,,,,"{""1"": 24, ""2"": 10, ""3"": 18, ""4"": 38, ""5"": 17}",data/results/direct_cot_siclsp_final/siclsp/siclsp_T5_inst3_run2.json
cot,SICLSP,CoT,5,siclsp_T5_inst3,3,True,,True,1841,1841.0,1668.0,10.371702637889687,,,,,"{""1"": 24, ""2"": 10, ""3"": 18, ""4"": 38, ""5"": 17}",data/results/direct_cot_siclsp_final/siclsp/siclsp_T5_inst3_run3.json
cot,SICLSP,CoT,5,siclsp_T5_inst3,4,True,,True,1841,1841.0,1668.0,10.371702637889687,,,,,"{""1"": 24, ""2"": 10, ""3"": 18, ""4"": 38, ""5"": 17}",data/results/direct_cot_siclsp_final/siclsp/siclsp_T5_inst3_run4.json
cot,SICLSP,CoT,5,siclsp_T5_inst3,5,True,,True,1841,1841.0,1668.0,10.371702637889687,,,,,"{""1"": 24, ""2"": 10, ""3"": 18, ""4"": 38, ""5"": 17}",data/results/direct_cot_siclsp_final/siclsp/siclsp_T5_inst3_run5.json
cot,SICLSP,CoT,5,siclsp_T5_inst3,6,True,,True,1841,1841.0,1668.0,10.371702637889687,,,,,"{""1"": 24, ""2"": 10, ""3"": 18, ""4"": 38, ""5"": 17}",data/results/direct_cot_siclsp_final/siclsp/siclsp_T5_inst3_run6.json
cot,SICLSP,CoT,5,siclsp_T5_inst3,7,True,,True,1841,1841.0,1668.0,10.371702637889687,,,,,"{""1"": 24, ""2"": 10, ""3"": 18, ""4"": 38, ""5"": 17}",data/results/direct_cot_siclsp_final/siclsp/siclsp_T5_inst3_run7.json
cot,SICLSP,CoT,5,siclsp_T5_inst3,8,True,,True,1841,1841.0,1668.0,10.371702637889687,,,,,"{""1"": 24, ""2"": 10, ""3"": 18, ""4"": 38, ""5"": 17}",data/results/direct_cot_siclsp_final/siclsp/siclsp_T5_inst3_run8.json
cot,SICLSP,CoT,5,siclsp_T5_inst3,9,True,,True,1841,1841.0,1668.0,10.371702637889687,,,,,"{""1"": 24, ""2"": 10, ""3"": 18, ""4"": 38, ""5"": 17}",data/results/direct_cot_siclsp_final/siclsp/siclsp_T5_inst3_run9.json
cot,SICLSP,CoT,5,siclsp_T5_inst4,1,True,,True,1458,1458.0,1197.0,21.804511278195488,,,,,"{""1"": 12, ""2"": 22, ""3"": 34, ""4"": 24, ""5"": 34}",data/results/direct_cot_siclsp_final/siclsp/siclsp_T5_inst4_run1.json
cot,SICLSP,CoT,5,siclsp_T5_inst4,10,True,,True,1458,1458.0,1197.0,21.804511278195488,,,,,"{""1"": 12, ""2"": 22, ""3"": 34, ""4"": 24, ""5"": 34}",data/results/direct_cot_siclsp_final/siclsp/siclsp_T5_inst4_run10.json
cot,SICLSP,CoT,5,siclsp_T5_inst4,2,True,,True,1458,1458.0,1197.0,21.804511278195488,,,,,"{""1"": 12, ""2"": 22, ""3"": 34, ""4"": 24, ""5"": 34}",data/results/direct_cot_siclsp_final/siclsp/siclsp_T5_inst4_run2.json
cot,SICLSP,CoT,5,siclsp_T5_inst4,3,True,,True,1458,1458.0,1197.0,21.804511278195488,,,,,"{""1"": 12, ""2"": 22, ""3"": 34, ""4"": 24, ""5"": 34}",data/results/direct_cot_siclsp_final/siclsp/siclsp_T5_inst4_run3.json
cot,SICLSP,CoT,5,siclsp_T5_inst4,4,True,,True,1458,1458.0,1197.0,21.804511278195488,,,,,"{""1"": 12, ""2"": 22, ""3"": 34, ""4"": 24, ""5"": 34}",data/results/direct_cot_siclsp_final/siclsp/siclsp_T5_inst4_run4.json
cot,SICLSP,CoT,5,siclsp_T5_inst4,5,True,,True,1458,1458.0,1197.0,21.804511278195488,,,,,"{""1"": 12, ""2"": 22, ""3"": 34, ""4"": 24, ""5"": 34}",data/results/direct_cot_siclsp_final/siclsp/siclsp_T5_inst4_run5.json
cot,SICLSP,CoT,5,siclsp_T5_inst4,6,True,,True,1458,1458.0,1197.0,21.804511278195488,,,,,"{""1"": 12, ""2"": 22, ""3"": 34, ""4"": 24, ""5"": 34}",data/results/direct_cot_siclsp_final/siclsp/siclsp_T5_inst4_run6.json
cot,SICLSP,CoT,5,siclsp_T5_inst4,7,True,,True,1458,1458.0,1197.0,21.804511278195488,,,,,"{""1"": 12, ""2"": 22, ""3"": 34, ""4"": 24, ""5"": 34}",data/results/direct_cot_siclsp_final/siclsp/siclsp_T5_inst4_run7.json
cot,SICLSP,CoT,5,siclsp_T5_inst4,8,True,,True,1458,1458.0,1197.0,21.804511278195488,,,,,"{""1"": 12, ""2"": 22, ""3"": 34, ""4"": 24, ""5"": 34}",data/results/direct_cot_siclsp_final/siclsp/siclsp_T5_inst4_run8.json
cot,SICLSP,CoT,5,siclsp_T5_inst4,9,True,,True,1458,1458.0,1197.0,21.804511278195488,,,,,"{""1"": 12, ""2"": 22, ""3"": 34, ""4"": 24, ""5"": 34}",data/results/direct_cot_siclsp_final/siclsp/siclsp_T5_inst4_run9.json
codex,SMTWTP,Codex,10,smtwtp_n10_inst0,1,True,,True,,2895.0,2895.0,0.0,,,,0.0,,data/results/code_based_codex_pilot/smtwtp/smtwtp_size10_codex.json
codex,SMTWTP,Codex,15,smtwtp_n15_inst0,1,True,,True,,1645.0,1645.0,0.0,,,,0.0,,data/results/code_based_codex_pilot/smtwtp/smtwtp_size15_codex.json
codex,SMTWTP,Codex,20,smtwtp_n20_inst0,1,True,,True,,4690.0,4690.0,0.0,,,,0.0,,data/results/code_based_codex_pilot/smtwtp/smtwtp_size20_codex.json
codex,SMTWTP,Codex,25,smtwtp_n25_inst0,1,True,,True,,5825.0,5825.0,0.0,,,,0.0,,data/results/code_based_codex_pilot/smtwtp/smtwtp_size25_codex.json
codex,SMTWTP,Codex,5,smtwtp_n5_inst0,1,True,,True,,630.0,630.0,0.0,,,,0.0,,data/results/code_based_codex_pilot/smtwtp/smtwtp_size5_codex.json
codex,SICLSP,Codex,10,siclsp_T10_inst0,1,True,,True,,2745.0,2745.0,0.0,,,,0.0,,data/results/code_based_codex_pilot/siclsp/siclsp_size10_codex.json
codex,SICLSP,Codex,15,siclsp_T15_inst0,1,True,,True,,4680.0,4680.0,0.0,,,,0.0,,data/results/code_based_codex_pilot/siclsp/siclsp_size15_codex.json
codex,SICLSP,Codex,20,siclsp_T20_inst0,1,True,,True,,5053.0,5053.0,0.0,,,,0.0,,data/results/code_based_codex_pilot/siclsp/siclsp_size20_codex.json
codex,SICLSP,Codex,25,siclsp_T25_inst0,1,True,,True,,6797.0,6797.0,0.0,,,,0.0,,data/results/code_based_codex_pilot/siclsp/siclsp_size25_codex.json
codex,SICLSP,Codex,5,siclsp_T5_inst0,1,True,,True,,743.0,743.0,0.0,,,,0.0,,data/results/code_based_codex_pilot/siclsp/siclsp_size5_codex.json
